-- --------------------------------------------------------
-- Host:                         db.myfin.id
-- Server version:               8.0.33-0ubuntu0.22.04.1 - (Ubuntu)
-- Server OS:                    Linux
-- HeidiSQL Version:             12.2.0.6576
-- --------------------------------------------------------

/*!40101 SET @OLD_CHARACTER_SET_CLIENT=@@CHARACTER_SET_CLIENT */;
/*!40101 SET NAMES utf8 */;
/*!50503 SET NAMES utf8mb3 */;
/*!40103 SET @OLD_TIME_ZONE=@@TIME_ZONE */;
/*!40103 SET TIME_ZONE='+00:00' */;
/*!40014 SET @OLD_FOREIGN_KEY_CHECKS=@@FOREIGN_KEY_CHECKS, FOREIGN_KEY_CHECKS=0 */;
/*!40101 SET @OLD_SQL_MODE=@@SQL_MODE, SQL_MODE='NO_AUTO_VALUE_ON_ZERO' */;
/*!40111 SET @OLD_SQL_NOTES=@@SQL_NOTES, SQL_NOTES=0 */;


-- Dumping database structure for d3ti_psdku
CREATE DATABASE IF NOT EXISTS `d3ti_psdku` /*!40100 DEFAULT CHARACTER SET utf8mb3 COLLATE utf8mb3_general_ci */ /*!80016 DEFAULT ENCRYPTION='N' */;
USE `d3ti_psdku`;

-- Dumping structure for table d3ti_psdku.auth_activation_attempts
CREATE TABLE IF NOT EXISTS `auth_activation_attempts` (
  `id` int unsigned NOT NULL AUTO_INCREMENT,
  `ip_address` varchar(255) CHARACTER SET utf8mb3 COLLATE utf8mb3_general_ci NOT NULL,
  `user_agent` varchar(255) CHARACTER SET utf8mb3 COLLATE utf8mb3_general_ci NOT NULL,
  `token` varchar(255) CHARACTER SET utf8mb3 COLLATE utf8mb3_general_ci DEFAULT NULL,
  `created_at` datetime NOT NULL,
  PRIMARY KEY (`id`) USING BTREE
) ENGINE=InnoDB DEFAULT CHARSET=utf8mb3;

-- Dumping data for table d3ti_psdku.auth_activation_attempts: ~0 rows (approximately)

-- Dumping structure for table d3ti_psdku.auth_groups
CREATE TABLE IF NOT EXISTS `auth_groups` (
  `id` int unsigned NOT NULL AUTO_INCREMENT,
  `name` varchar(255) CHARACTER SET utf8mb3 COLLATE utf8mb3_general_ci NOT NULL,
  `description` varchar(255) CHARACTER SET utf8mb3 COLLATE utf8mb3_general_ci NOT NULL,
  PRIMARY KEY (`id`) USING BTREE
) ENGINE=InnoDB AUTO_INCREMENT=27 DEFAULT CHARSET=utf8mb3;

-- Dumping data for table d3ti_psdku.auth_groups: ~8 rows (approximately)
INSERT INTO `auth_groups` (`id`, `name`, `description`) VALUES
	(1, 'admin', 'administrator'),
	(2, 'mahasiswa', 'mahasiswa uns psdku'),
	(3, 'mitra', 'mitra'),
	(4, 'dosen', 'dosen'),
	(5, 'pimpinan', 'petinggi di uns'),
	(6, 'laboran', 'pengelola laboratorium uns psdku'),
	(25, 'koor-kmm', 'koordinator kmm uns psdku'),
	(26, 'koor-mbkm', 'Koordinator MBKM UNS Kampus Madiun');

-- Dumping structure for table d3ti_psdku.auth_groups_permissions
CREATE TABLE IF NOT EXISTS `auth_groups_permissions` (
  `group_id` int unsigned NOT NULL DEFAULT '0',
  `permission_id` int unsigned NOT NULL DEFAULT '0',
  KEY `auth_groups_permissions_permission_id_foreign` (`permission_id`) USING BTREE,
  KEY `group_id_permission_id` (`group_id`,`permission_id`) USING BTREE,
  CONSTRAINT `auth_groups_permissions_group_id_foreign` FOREIGN KEY (`group_id`) REFERENCES `auth_groups` (`id`) ON DELETE CASCADE ON UPDATE RESTRICT,
  CONSTRAINT `auth_groups_permissions_permission_id_foreign` FOREIGN KEY (`permission_id`) REFERENCES `auth_permissions` (`id`) ON DELETE CASCADE ON UPDATE RESTRICT
) ENGINE=InnoDB DEFAULT CHARSET=utf8mb3;

-- Dumping data for table d3ti_psdku.auth_groups_permissions: ~12 rows (approximately)
INSERT INTO `auth_groups_permissions` (`group_id`, `permission_id`) VALUES
	(1, 1),
	(1, 1),
	(1, 2),
	(1, 3),
	(2, 2),
	(3, 3),
	(4, 4),
	(5, 5),
	(6, 6),
	(6, 6),
	(25, 7),
	(26, 8);

-- Dumping structure for table d3ti_psdku.auth_groups_users
CREATE TABLE IF NOT EXISTS `auth_groups_users` (
  `group_id` int unsigned NOT NULL DEFAULT '0',
  `user_id` int unsigned NOT NULL DEFAULT '0',
  KEY `auth_groups_users_user_id_foreign` (`user_id`) USING BTREE,
  KEY `group_id_user_id` (`group_id`,`user_id`) USING BTREE,
  CONSTRAINT `auth_groups_users_group_id_foreign` FOREIGN KEY (`group_id`) REFERENCES `auth_groups` (`id`) ON DELETE CASCADE ON UPDATE RESTRICT,
  CONSTRAINT `auth_groups_users_user_id_foreign` FOREIGN KEY (`user_id`) REFERENCES `users` (`id`) ON DELETE CASCADE ON UPDATE RESTRICT
) ENGINE=InnoDB DEFAULT CHARSET=utf8mb3;

-- Dumping data for table d3ti_psdku.auth_groups_users: ~41 rows (approximately)
INSERT INTO `auth_groups_users` (`group_id`, `user_id`) VALUES
	(1, 6),
	(2, 7),
	(2, 14),
	(2, 18),
	(2, 19),
	(2, 22),
	(2, 23),
	(2, 28),
	(2, 31),
	(2, 33),
	(2, 34),
	(2, 35),
	(2, 39),
	(2, 40),
	(2, 58),
	(2, 59),
	(2, 74),
	(2, 92),
	(2, 96),
	(2, 97),
	(2, 101),
	(2, 109),
	(2, 113),
	(3, 75),
	(3, 99),
	(3, 100),
	(3, 108),
	(3, 110),
	(4, 29),
	(4, 41),
	(4, 46),
	(4, 47),
	(4, 48),
	(5, 3),
	(5, 88),
	(5, 89),
	(5, 93),
	(6, 44),
	(6, 98),
	(25, 116),
	(26, 117);

-- Dumping structure for table d3ti_psdku.auth_logins
CREATE TABLE IF NOT EXISTS `auth_logins` (
  `id` int unsigned NOT NULL AUTO_INCREMENT,
  `ip_address` varchar(255) CHARACTER SET utf8mb3 COLLATE utf8mb3_general_ci DEFAULT NULL,
  `email` varchar(255) CHARACTER SET utf8mb3 COLLATE utf8mb3_general_ci DEFAULT NULL,
  `user_id` int unsigned DEFAULT NULL,
  `date` datetime NOT NULL,
  `success` tinyint(1) NOT NULL,
  PRIMARY KEY (`id`) USING BTREE,
  KEY `email` (`email`) USING BTREE,
  KEY `user_id` (`user_id`) USING BTREE
) ENGINE=InnoDB AUTO_INCREMENT=4576 DEFAULT CHARSET=utf8mb3;

-- Dumping data for table d3ti_psdku.auth_logins: ~4.575 rows (approximately)
INSERT INTO `auth_logins` (`id`, `ip_address`, `email`, `user_id`, `date`, `success`) VALUES
	(1, '::1', 'hanif', NULL, '2023-03-05 14:54:27', 0),
	(2, '::1', 'hanif', NULL, '2023-03-05 14:54:39', 0),
	(3, '::1', 'hanif', NULL, '2023-03-05 14:54:48', 0),
	(4, '::1', 'hanif', NULL, '2023-03-05 14:54:58', 0),
	(5, '::1', 'hanif', NULL, '2023-03-05 14:55:04', 0),
	(6, '::1', 'hanif', NULL, '2023-03-05 14:55:10', 0),
	(7, '::1', 'hanif', NULL, '2023-03-05 14:55:37', 0),
	(8, '::1', 'hanifarafi7@gmail.com', NULL, '2023-03-05 14:57:45', 0),
	(9, '::1', 'hanifarafi7@gmail.com', NULL, '2023-03-05 14:57:51', 0),
	(10, '::1', 'hanifarafi7@gmail.com', NULL, '2023-03-05 14:57:55', 0),
	(11, '::1', 'hanifarafi7@gmail.com', NULL, '2023-03-05 14:57:58', 0),
	(12, '::1', 'hanifarafi7@gmail.com', NULL, '2023-03-05 14:58:02', 0),
	(13, '::1', 'hanifarafi7@gmail.com', NULL, '2023-03-05 14:58:08', 0),
	(14, '::1', 'hanifarafi7@gmail.com', NULL, '2023-03-05 14:59:00', 0),
	(15, '::1', 'hanifarafi7@gmail.com', 2, '2023-03-05 15:01:06', 0),
	(16, '::1', 'hanifarafi7@gmail.com', 2, '2023-03-05 15:01:26', 1),
	(17, '103.189.201.9', '23r23r', NULL, '2023-03-05 16:25:53', 0),
	(18, '103.189.201.9', 'hanifarafi7@gmail.com', NULL, '2023-03-05 16:26:04', 0),
	(19, '103.189.201.9', 'hanif', NULL, '2023-03-05 16:26:08', 0),
	(20, '103.189.201.9', 'hanif', NULL, '2023-03-05 16:26:17', 0),
	(21, '103.189.201.9', 'hanifarafi7@gmail.com', 1, '2023-03-05 16:26:29', 1),
	(22, '103.160.184.12', 'hanifaja', NULL, '2023-03-05 16:27:40', 0),
	(23, '103.189.201.9', 'hanifarafi7@gmail.com', 1, '2023-03-05 16:27:50', 1),
	(24, '103.160.184.12', 'hanifarafi7@gmail.com', 1, '2023-03-05 16:28:00', 1),
	(25, '103.189.201.9', 'hanif', NULL, '2023-03-06 01:50:25', 0),
	(26, '103.189.201.9', 'hanifarafi7@gmail.com', 1, '2023-03-06 01:50:36', 1),
	(27, '103.189.201.9', 'hanifarafi7@gmail.com', 1, '2023-03-06 04:14:36', 1),
	(28, '125.164.234.212', 'hanifaja', NULL, '2023-03-06 05:57:47', 0),
	(29, '125.164.234.212', 'hanifarafi7@gmail.com', 1, '2023-03-06 06:00:57', 1),
	(30, '103.189.201.9', 'hanifarafi7@gmail.com', 1, '2023-03-06 07:15:51', 1),
	(31, '103.160.184.11', 'hanifarafi7@gmail.com', 1, '2023-03-06 10:01:13', 1),
	(32, '103.160.184.11', 'hanifaja', NULL, '2023-03-06 10:01:34', 0),
	(33, '103.160.184.11', 'hanifaja', NULL, '2023-03-06 10:01:47', 0),
	(34, '103.189.201.9', 'hanifarafi7@gmail.com', 1, '2023-03-06 10:11:29', 1),
	(35, '125.164.234.212', 'hanifarafi7@gmail.com', 1, '2023-03-06 12:22:05', 1),
	(36, '125.166.9.34', 'hanifarafi7@gmail.com', 1, '2023-03-06 12:25:28', 1),
	(37, '125.166.9.34', 'hanifarafi7@gmail.com', NULL, '2023-03-06 13:08:47', 0),
	(38, '103.189.201.9', 'hanifarafi7@gmail.com', 1, '2023-03-07 02:44:35', 1),
	(39, '125.164.232.38', 'hanifaja', NULL, '2023-03-07 06:01:37', 0),
	(40, '125.164.232.38', 'hanifaja', NULL, '2023-03-07 06:01:54', 0),
	(41, '125.164.232.38', 'hanifaja', NULL, '2023-03-07 06:02:11', 0),
	(42, '125.164.232.38', 'hanifarafi7@gmail.com', 1, '2023-03-07 06:02:32', 1),
	(43, '125.164.232.38', 'hanifarafi7@gmail.com', 1, '2023-03-07 06:02:59', 1),
	(44, '125.164.232.38', 'hanifarafi7@gmail.com', 1, '2023-03-07 06:31:23', 1),
	(45, '125.164.232.38', 'hanifarafi7@gmail.com', 1, '2023-03-07 06:31:40', 1),
	(46, '125.164.232.38', 'hanifarafi7@gmail.com', 1, '2023-03-07 06:32:39', 1),
	(47, '125.164.232.38', 'hanifarafi7@gmail.com', 1, '2023-03-07 06:42:35', 1),
	(48, '203.78.118.70', 'hanifarafi7@gmail.com', 1, '2023-03-07 07:12:48', 1),
	(49, '103.189.201.9', 'hanifarafi7@gmail.com', 1, '2023-03-07 07:40:36', 1),
	(50, '103.189.201.9', 'hanifarafi7@gmail.com', NULL, '2023-03-07 07:44:32', 0),
	(51, '203.78.118.70', 'hanifarafi7@gmail.com', 1, '2023-03-07 07:45:24', 1),
	(52, '114.4.220.254', 'hanifarafi7@gmail.com', 1, '2023-03-07 07:46:17', 1),
	(53, '114.4.220.254', 'hanifarafi7@gmail.com', 1, '2023-03-07 07:48:36', 1),
	(54, '203.78.118.70', 'hanifarafi7@gmail.com', 1, '2023-03-07 07:50:55', 1),
	(55, '203.78.118.70', 'hanifarafi7@gmail.com', 1, '2023-03-07 07:55:42', 1),
	(56, '103.189.201.9', 'hanifarafi7@gmail.com', 1, '2023-03-07 08:01:43', 1),
	(57, '103.189.201.9', 'hanifarafi7@gmail.com', 1, '2023-03-07 08:07:12', 1),
	(58, '103.189.201.9', 'hanifarafi7@gmail.com', 1, '2023-03-07 10:25:57', 1),
	(59, '103.189.201.9', 'hanifarafi7@gmail.com', 1, '2023-03-07 10:26:31', 1),
	(60, '103.189.201.9', 'hanifarafi7@gmail.com', 1, '2023-03-07 11:08:44', 1),
	(61, '103.189.201.9', 'hanifarafi7@gmail.com', 1, '2023-03-07 11:09:55', 1),
	(62, '103.189.201.9', 'hanifarafi7@gmail.com', NULL, '2023-03-07 11:12:17', 0),
	(63, '103.189.201.9', 'hanifarafi7@gmail.com', 1, '2023-03-07 11:12:22', 1),
	(64, '103.189.201.9', 'hanifarafi7@gmail.com', NULL, '2023-03-07 11:14:09', 0),
	(65, '103.189.201.9', 'hanifarafi7@gmail.com', 1, '2023-03-07 11:14:15', 1),
	(66, '103.189.201.9', 'hanifarafi7@gmail.com', 1, '2023-03-07 11:14:27', 1),
	(67, '103.189.201.9', 'hanifarafi7@gmail.com', 1, '2023-03-07 11:17:57', 1),
	(68, '103.189.201.9', 'hanifarafi7@gmail.com', 1, '2023-03-07 12:51:36', 1),
	(69, '103.189.201.9', 'hanifarafi7@gmail.com', 1, '2023-03-07 13:04:09', 1),
	(70, '103.189.201.9', 'hanifarafi7@gmail.com', 1, '2023-03-07 13:26:38', 1),
	(71, '103.189.201.9', 'hanifarafi7@gmail.com', 1, '2023-03-07 13:26:42', 1),
	(72, '182.253.217.171', 'hanifarafi7@gmail.com', 1, '2023-03-07 13:40:37', 1),
	(73, '103.189.201.9', 'hanifarafi7@gmail.com', NULL, '2023-03-07 23:45:09', 0),
	(74, '103.189.201.9', 'hanifarafi7@gmail.com', NULL, '2023-03-07 23:47:02', 0),
	(75, '103.189.201.9', 'hanifarafi7@gmail.com', 1, '2023-03-07 23:47:11', 1),
	(76, '103.189.201.9', 'hanifarafi7@gmail.com', NULL, '2023-03-08 02:15:45', 0),
	(77, '103.189.201.9', 'hanifarafi7@gmail.com', NULL, '2023-03-08 02:15:53', 0),
	(78, '103.189.201.9', 'hanifarafi7@gmail.com', 1, '2023-03-08 02:16:05', 1),
	(79, '103.189.201.9', 'hanifarafi7@gmail.com', 1, '2023-03-08 02:29:58', 1),
	(80, '103.189.201.9', 'hanifarafi7@gmail.com', NULL, '2023-03-08 04:28:46', 0),
	(81, '103.189.201.9', 'hanifarafi7@gmail.com', 3, '2023-03-08 04:41:37', 1),
	(82, '103.189.201.9', 'hanifarafi7@gmail.com', NULL, '2023-03-08 04:41:46', 0),
	(83, '103.189.201.9', 'hanifarafi7@gmail.com', 3, '2023-03-08 04:41:53', 1),
	(84, '125.164.233.193', 'nazaruddinnurcharis@student.uns.ac.id', NULL, '2023-03-08 06:22:05', 0),
	(85, '182.253.217.171', 'hanifarafi7@gmail.com', 3, '2023-03-08 07:40:39', 1),
	(86, '103.189.201.9', 'hanifarafi7@gmail.com', 3, '2023-03-08 08:17:12', 1),
	(87, '103.189.201.9', 'hanifarafi7@gmail.com', 3, '2023-03-08 08:18:16', 1),
	(88, '118.99.83.90', 'hanifarafi7@gmail.com', 3, '2023-03-08 09:05:06', 1),
	(89, '118.99.83.90', 'hanifarafi7@gmail.com', 3, '2023-03-08 09:07:57', 1),
	(90, '103.189.201.9', 'hanifarafi7@gmail.com', 3, '2023-03-08 11:56:13', 1),
	(91, '182.253.217.171', 'hanifarafi7@gmail.com', 3, '2023-03-08 14:07:11', 1),
	(92, '182.253.217.171', 'hanifarafi7@gmail.com', 3, '2023-03-08 14:41:16', 1),
	(93, '103.189.201.9', 'hanifarafi7@gmail.com', 3, '2023-03-08 23:13:50', 1),
	(94, '103.189.201.9', 'hanifarafi7@gmail.com', 3, '2023-03-08 23:37:24', 1),
	(95, '103.189.201.9', 'hanifarafi7@gmail.com', 3, '2023-03-08 23:37:37', 1),
	(96, '103.189.201.9', 'hanifarafi7@gmail.com', 3, '2023-03-08 23:37:51', 1),
	(97, '103.189.201.9', 'hanifarafi7@gmail.com', NULL, '2023-03-08 23:39:15', 0),
	(98, '103.189.201.9', 'hanifarafi7@gmail.com', 3, '2023-03-08 23:39:23', 1),
	(99, '103.189.201.9', 'hanifarafi7@gmail.com', 3, '2023-03-08 23:41:37', 1),
	(100, '103.189.201.9', 'hanifarafi7@gmail.com', 3, '2023-03-08 23:42:38', 1),
	(101, '103.189.201.9', 'hanifarafi7@gmail.com', 3, '2023-03-08 23:46:39', 1),
	(102, '103.189.201.9', 'hanifarafi7@gmail.com', 3, '2023-03-09 00:01:48', 1),
	(103, '103.189.201.9', 'hanifarafi7@gmail.com', NULL, '2023-03-09 00:21:13', 0),
	(104, '103.189.201.9', 'hanifarafi7@gmail.com', 3, '2023-03-09 00:21:21', 1),
	(105, '103.189.201.9', 'hanifarafi7@gmail.com', 3, '2023-03-09 00:34:05', 1),
	(106, '103.189.201.9', 'hanifarafi7@gmail.com', 3, '2023-03-09 00:51:57', 1),
	(107, '103.189.201.9', 'hanifarafi7@gmail.com', 3, '2023-03-09 01:03:54', 1),
	(108, '103.189.201.9', 'hanifarafi7@gmail.com', 3, '2023-03-09 01:12:03', 1),
	(109, '103.189.201.9', 'hanifarafi7@gmail.com', NULL, '2023-03-09 01:14:34', 0),
	(110, '103.189.201.9', 'hanifarafi7@gmail.com', 3, '2023-03-09 01:14:39', 1),
	(111, '103.189.201.9', 'hanifarafi7@gmail.com', 3, '2023-03-09 01:35:32', 1),
	(112, '103.189.201.9', 'hanifarafi7@gmail.com', 3, '2023-03-09 01:35:43', 1),
	(113, '103.189.201.9', 'hanifarafi7@gmail.com', 3, '2023-03-09 01:36:30', 1),
	(114, '103.189.201.9', 'hanifarafi7@gmail.com', 3, '2023-03-09 01:36:31', 1),
	(115, '103.189.201.9', 'hanifarafi7@gmail.com', 3, '2023-03-09 01:38:03', 1),
	(116, '103.189.201.9', 'hanifarafi7@gmail.com', 3, '2023-03-09 01:38:54', 1),
	(117, '103.189.201.9', 'hanifarafi7@gmail.com', 3, '2023-03-09 01:42:32', 1),
	(118, '103.189.201.9', 'hanifarafi7@gmail.com', 3, '2023-03-09 01:46:20', 1),
	(119, '103.189.201.9', 'hanfiarafi7@gmail.com', NULL, '2023-03-09 01:48:01', 0),
	(120, '103.189.201.9', 'hanfiarafi7@gmail.com', NULL, '2023-03-09 01:48:08', 0),
	(121, '103.189.201.9', 'hanifarafi7@gmail.com', 3, '2023-03-09 01:48:27', 1),
	(122, '103.189.201.9', 'hanfiarafi7@gmail.com', NULL, '2023-03-09 01:49:40', 0),
	(123, '114.5.240.112', 'hanifarafi7@gmail.com', 3, '2023-03-09 02:47:06', 1),
	(124, '114.5.240.112', 'hanfiarafi7@gmail.com', NULL, '2023-03-09 02:49:33', 0),
	(125, '114.5.240.112', 'hanfiarafi7@gmail.com', NULL, '2023-03-09 02:49:42', 0),
	(126, '114.5.240.112', 'hanfiarafi7@gmail.com', NULL, '2023-03-09 02:50:46', 0),
	(127, '114.5.240.112', 'hanfiarafi7@gmail.com', NULL, '2023-03-09 02:50:56', 0),
	(128, '125.164.232.47', 'hanifarafi7@gmail.com', 3, '2023-03-09 03:20:23', 1),
	(129, '125.164.232.47', 'hanifarafi7@gmail.com', 3, '2023-03-09 03:22:12', 1),
	(130, '125.164.232.47', 'hanifarafi7@gmail.com', 3, '2023-03-09 03:23:13', 1),
	(131, '125.164.232.47', 'hanifarafi7@gmail.com', 3, '2023-03-09 03:49:40', 1),
	(132, '114.5.240.112', 'hanfiarafi7@gmail.com', NULL, '2023-03-09 04:32:46', 0),
	(133, '125.164.232.47', 'hanifarafi7@gmail.com', 3, '2023-03-09 05:05:16', 1),
	(134, '103.132.230.93', 'hanifarafi7@gmail.com', 3, '2023-03-09 05:53:05', 1),
	(135, '114.5.240.112', 'hanfiarafi7@gmail.com', NULL, '2023-03-09 05:53:55', 0),
	(136, '114.5.240.112', 'hanifarafi7@gmail.com', 3, '2023-03-09 05:54:04', 1),
	(137, '103.189.201.9', 'hanifarafi7@gmail.com', 3, '2023-03-09 06:40:16', 1),
	(138, '103.189.201.9', 'hanifarafi7@gmail.com', 3, '2023-03-09 06:46:09', 1),
	(139, '103.189.201.9', 'hanifarafi7@gmail.com', 3, '2023-03-09 06:51:51', 1),
	(140, '182.253.217.171', 'hanifarafi7@gmail.com', 3, '2023-03-09 07:10:59', 1),
	(141, '103.189.201.9', 'hanifarafi7@gmail.com', 3, '2023-03-09 07:13:13', 1),
	(142, '103.189.201.9', 'hanifarafi7@gmail.com', 3, '2023-03-09 07:19:55', 1),
	(143, '182.253.217.171', 'hanifarafi7@gmail.com', 3, '2023-03-09 07:30:32', 1),
	(144, '103.189.201.9', 'hanifarafi7@gmail.com', 3, '2023-03-09 07:42:14', 1),
	(145, '103.189.201.9', 'hanfiarafi7@gmail.com', NULL, '2023-03-09 08:47:04', 0),
	(146, '103.189.201.9', 'hanfiarafi7@gmail.com', NULL, '2023-03-09 08:47:11', 0),
	(147, '103.189.201.9', 'hanifarafi7@gmail.com', 3, '2023-03-09 08:57:27', 1),
	(148, '103.189.201.9', 'hanifarafi7@gmail.com', 3, '2023-03-09 09:09:19', 1),
	(149, '103.189.201.9', 'hanifarafi7@gmail.com', 3, '2023-03-09 09:22:42', 1),
	(150, '103.189.201.9', 'hanifarafi7@gmail.com', 3, '2023-03-09 11:53:19', 1),
	(151, '103.189.201.9', 'hanifarafi7@gmail.com', 3, '2023-03-09 11:53:50', 1),
	(152, '103.189.201.9', 'hanifarafi7@gmail.com', 3, '2023-03-09 12:01:55', 1),
	(153, '118.99.83.90', 'hanifarafi7@gmail.com', 3, '2023-03-09 12:13:24', 1),
	(154, '118.99.83.90', 'hanifarafi7@gmail.com', 3, '2023-03-09 12:13:35', 1),
	(155, '103.189.201.9', 'hanifarafi7@gmail.com', 3, '2023-03-09 12:41:24', 1),
	(156, '114.5.240.148', 'hanifarafi7@gmail.com', 3, '2023-03-09 12:50:16', 1),
	(157, '103.189.201.9', 'hanifarafi7@gmail.com', 3, '2023-03-09 14:08:49', 1),
	(158, '103.189.201.9', 'hanifarafi7@gmail.com', 3, '2023-03-09 14:13:01', 1),
	(159, '182.253.217.171', 'hanifarafi7@gmail.com', 3, '2023-03-09 14:37:51', 1),
	(160, '103.189.201.9', 'hanifarafi7@gmail.com', 3, '2023-03-09 23:21:55', 1),
	(161, '103.189.201.9', 'hanifarafi7@gmail.com', 3, '2023-03-09 23:22:26', 1),
	(162, '103.189.201.9', 'hanifarafi7@gmail.com', 3, '2023-03-10 01:12:44', 1),
	(163, '103.189.201.9', 'hanfiarafi7@gmail.com', NULL, '2023-03-10 02:10:05', 0),
	(164, '103.189.201.9', 'hanifarafi7@gmail.com', 3, '2023-03-10 02:10:43', 1),
	(165, '114.5.240.148', 'hanifarafi7@gmail.com', 3, '2023-03-10 02:41:21', 1),
	(166, '182.253.217.171', 'hanifarafi7@gmail.com', 3, '2023-03-10 04:46:54', 1),
	(167, '114.5.221.58', 'hanifarafi7@gmail.com', 3, '2023-03-10 07:34:56', 1),
	(168, '114.5.221.58', 'hanifarafi7@gmail.com', 3, '2023-03-10 07:43:23', 1),
	(169, '114.5.240.148', 'hanifarafi7@gmail.com', 3, '2023-03-10 07:43:34', 1),
	(170, '118.99.83.90', 'hanifarafi7@gmail.com', 3, '2023-03-10 12:04:40', 1),
	(171, '103.189.201.9', 'hanifarafi7@gmail.com', 3, '2023-03-10 12:58:11', 1),
	(172, '112.215.172.55', 'lindarahmawati011001@gmail.com', 4, '2023-03-10 14:24:23', 0),
	(173, '112.215.172.55', 'lindarahmawati011001@gmail.com', 4, '2023-03-10 14:45:35', 0),
	(174, '140.213.166.33', 'ardianita06@gmail.com', 6, '2023-03-11 00:51:22', 1),
	(175, '140.213.166.33', 'ardianita06@gmail.com', 6, '2023-03-11 04:52:00', 1),
	(176, '125.164.233.60', 'hanifarafi7@gmail.com', 3, '2023-03-11 05:38:06', 1),
	(177, '125.164.233.60', 'hanifarafi7@gmail.com', 3, '2023-03-11 05:39:59', 1),
	(178, '118.99.83.90', 'hanifarafi7@gmail.com', 3, '2023-03-11 07:18:18', 1),
	(179, '114.5.240.148', 'hanifarafi7@gmail.com', 3, '2023-03-11 09:59:37', 1),
	(180, '114.5.240.148', 'linda', NULL, '2023-03-11 10:00:57', 0),
	(181, '103.189.201.9', 'hanifarafi7@gmail.com', 3, '2023-03-11 10:37:09', 1),
	(182, '103.189.201.9', 'hanifarafi7@gmail.com', 3, '2023-03-11 10:37:26', 1),
	(183, '182.253.217.171', 'hanifarafi7@gmail.com', 3, '2023-03-11 11:08:39', 1),
	(184, '115.178.246.76', 'admin', NULL, '2023-03-11 11:29:55', 0),
	(185, '103.160.184.11', 'hanifarafi7@gmail.com', 3, '2023-03-11 12:06:28', 1),
	(186, '103.160.184.11', 'dddd', NULL, '2023-03-11 12:07:57', 0),
	(187, '103.160.184.11', 'hanifarafi7@gmail.com', 3, '2023-03-11 12:13:03', 1),
	(188, '182.253.217.171', 'hanifarafi7@gmail.com', 3, '2023-03-11 12:31:17', 1),
	(189, '103.189.201.9', 'hanifarafi7@gmail.com', 3, '2023-03-11 12:44:08', 1),
	(190, '103.160.184.11', 'hanifarafi7@gmail.com', 3, '2023-03-11 12:48:46', 1),
	(191, '140.213.168.141', 'ardianita06@gmail.com', 6, '2023-03-11 13:56:52', 1),
	(192, '103.189.201.9', 'hanifarafi7@gmail.com', 3, '2023-03-11 14:47:33', 1),
	(193, '182.253.217.171', 'hanifarafi7@gmail.com', 3, '2023-03-12 01:25:16', 1),
	(194, '114.5.240.148', 'hanifaja', NULL, '2023-03-12 06:06:17', 0),
	(195, '114.5.240.148', 'hanifarafi7@gmail.com', 3, '2023-03-12 06:06:32', 1),
	(196, '182.253.217.171', 'hanifarafi7@gmail.com', 3, '2023-03-12 07:30:27', 1),
	(197, '182.253.217.171', 'hanifarafi7@gmail.com', 3, '2023-03-12 12:40:15', 1),
	(198, '182.253.217.171', 'hanifarafi7@gmail.com', 3, '2023-03-12 13:17:15', 1),
	(199, '103.160.184.11', 'hanifarafi7@gmail.com', 3, '2023-03-12 13:20:40', 1),
	(200, '182.253.217.171', 'hanifarafi7@gmail.com', 3, '2023-03-12 14:01:09', 1),
	(201, '103.160.184.11', 'hanifarafi7@gmail.com', 3, '2023-03-12 14:15:11', 1),
	(202, '140.213.42.57', 'lindarahmawati011001@student.uns.ac.id', NULL, '2023-03-12 14:24:08', 0),
	(203, '140.213.42.57', 'lindarahmawati011001@gmail.com', 4, '2023-03-12 14:24:31', 1),
	(204, '182.253.217.171', 'hanifarafi7@gmail.com', 3, '2023-03-12 22:27:52', 1),
	(205, '103.189.201.9', 'hanifarafi7@gmail.com', 3, '2023-03-13 01:12:25', 1),
	(206, '103.189.201.9', 'hanifarafi7@gmail.com', 3, '2023-03-13 01:12:46', 1),
	(207, '103.189.201.9', 'hanifarafi7@gmail.com', 3, '2023-03-13 01:15:20', 1),
	(208, '103.189.201.9', 'hanifarafi7@gmail.com', 3, '2023-03-13 01:17:15', 1),
	(209, '103.189.201.9', 'hanifarafi7@gmail.com', 3, '2023-03-13 01:18:41', 1),
	(210, '103.189.201.9', 'hanifarafi7@gmail.com', 3, '2023-03-13 01:18:59', 1),
	(211, '103.189.201.9', 'hanifarafi7@gmail.com', 3, '2023-03-13 01:19:43', 1),
	(212, '103.189.201.9', 'hanifarafi7@gmail.com', 3, '2023-03-13 01:19:47', 1),
	(213, '103.189.201.9', 'hanifarafi7@gmail.com', 3, '2023-03-13 01:25:55', 1),
	(214, '103.189.201.9', 'hanifarafi7@gmail.com', 3, '2023-03-13 01:28:49', 1),
	(215, '103.189.201.9', 'hanifarafi7@gmail.com', 3, '2023-03-13 01:29:00', 1),
	(216, '103.189.201.9', 'hanifarafi7@gmail.com', 3, '2023-03-13 01:29:44', 1),
	(217, '103.189.201.9', 'hanifarafi7@gmail.com', 3, '2023-03-13 01:29:49', 1),
	(218, '103.189.201.9', 'hanifarafi7@gmail.com', 3, '2023-03-13 01:30:07', 1),
	(219, '103.189.201.9', 'hanifarafi7@gmail.com', 3, '2023-03-13 01:35:46', 1),
	(220, '103.189.201.9', 'hanifarafi7@gmail.com', 3, '2023-03-13 01:35:54', 1),
	(221, '103.189.201.9', 'hanifarafi7@gmail.com', 3, '2023-03-13 01:36:11', 1),
	(222, '103.189.201.9', 'hanifarafi7@gmail.com', 3, '2023-03-13 01:36:42', 1),
	(223, '103.189.201.9', 'hanifarafi7@gmail.com', 3, '2023-03-13 01:37:43', 1),
	(224, '103.189.201.9', 'hanifarafi7@gmail.com', 3, '2023-03-13 01:38:20', 1),
	(225, '103.189.201.9', 'hanifarafi7@gmail.com', 3, '2023-03-13 01:38:28', 1),
	(226, '103.189.201.9', 'hanifarafi7@gmail.com', 3, '2023-03-13 01:39:09', 1),
	(227, '103.189.201.9', 'hanifarafi7@gmail.com', 3, '2023-03-13 01:46:08', 1),
	(228, '103.189.201.9', 'hanifarafi7@gmail.com', 3, '2023-03-13 01:46:30', 1),
	(229, '103.189.201.9', 'hanifarafi7@gmail.com', 3, '2023-03-13 01:49:09', 1),
	(230, '103.189.201.9', 'hanifarafi7@gmail.com', 3, '2023-03-13 01:49:23', 1),
	(231, '103.189.201.9', 'hanifarafi7@gmail.com', 3, '2023-03-13 01:49:40', 1),
	(232, '103.189.201.9', 'hanifarafi7@gmail.com', NULL, '2023-03-13 01:51:12', 0),
	(233, '103.189.201.9', 'hanifarafi7@gmail.com', 3, '2023-03-13 01:51:20', 1),
	(234, '103.189.201.9', 'hanifarafi7@gmail.com', NULL, '2023-03-13 01:51:43', 0),
	(235, '103.189.201.9', 'hanifarafi7@gmail.com', 3, '2023-03-13 01:51:50', 1),
	(236, '103.189.201.9', 'hanifarafi7@gmail.com', 3, '2023-03-13 01:53:07', 1),
	(237, '103.189.201.9', 'hanifarafi7@gmail.com', 3, '2023-03-13 01:56:25', 1),
	(238, '103.189.201.9', 'hanifarafi7@gmail.com', 3, '2023-03-13 01:57:40', 1),
	(239, '103.189.201.9', 'hanifarafi7@gmail.com', 3, '2023-03-13 02:01:25', 1),
	(240, '103.189.201.9', 'hanifarafi7@gmail.com', 3, '2023-03-13 02:01:40', 1),
	(241, '103.189.201.9', 'hanifarafi7@gmail.com', 3, '2023-03-13 02:06:59', 1),
	(242, '103.189.201.9', 'hanifarafi7@gmail.com', 3, '2023-03-13 02:10:00', 1),
	(243, '103.189.201.9', 'hanifarafi7@gmail.com', 3, '2023-03-13 02:10:27', 1),
	(244, '103.189.201.9', 'hanifarafi7@gmail.com', 3, '2023-03-13 02:12:38', 1),
	(245, '103.189.201.9', 'hanifarafi7@gmail.com', 3, '2023-03-13 02:17:06', 1),
	(246, '103.189.201.9', 'hanifarafi7@gmail.com', 3, '2023-03-13 02:17:21', 1),
	(247, '103.189.201.9', 'hanifarafi7@gmail.com', 3, '2023-03-13 02:20:02', 1),
	(248, '103.189.201.9', 'hanifarafi7@gmail.com', 3, '2023-03-13 02:22:29', 1),
	(249, '103.189.201.9', 'hanifarafi7@gmail.com', 3, '2023-03-13 02:22:54', 1),
	(250, '103.189.201.9', 'hanifarafi7@gmail.com', 3, '2023-03-13 02:23:17', 1),
	(251, '103.189.201.9', 'hanifarafi7@gmail.com', 3, '2023-03-13 02:24:12', 1),
	(252, '103.189.201.9', 'hanifarafi7@gmail.com', 3, '2023-03-13 02:24:17', 1),
	(253, '103.189.201.9', 'hanifarafi7@gmail.com', 3, '2023-03-13 02:32:29', 1),
	(254, '103.189.201.9', 'hanifarafi7@gmail.com', 3, '2023-03-13 02:32:44', 1),
	(255, '103.189.201.9', 'hanifarafi7@gmail.com', 3, '2023-03-13 02:33:26', 1),
	(256, '103.189.201.9', 'hanifarafi7@gmail.com', 3, '2023-03-13 02:33:45', 1),
	(257, '103.189.201.9', 'hanifarafi7@gmail.com', 3, '2023-03-13 02:34:12', 1),
	(258, '103.189.201.9', 'hanifarafi7@gmail.com', 3, '2023-03-13 02:37:12', 1),
	(259, '182.253.217.171', 'hanifarafi7@gmail.com', 3, '2023-03-13 03:33:36', 1),
	(260, '103.160.184.11', 'hanifarafi7@gmail.com', 3, '2023-03-13 05:01:09', 1),
	(261, '103.160.184.11', 'hanifarafi7@gmail.com', 3, '2023-03-13 06:34:10', 1),
	(262, '140.213.162.11', 'ardianita06@gmail.com', 6, '2023-03-13 06:48:23', 1),
	(263, '103.189.201.9', 'hanifarafi7@gmail.com', NULL, '2023-03-13 07:39:30', 0),
	(264, '103.189.201.9', 'hanifarafi7@gmail.com', 3, '2023-03-13 08:26:33', 1),
	(265, '114.5.240.148', 'hanifarafi7@gmail.com', 3, '2023-03-13 08:46:29', 1),
	(266, '103.189.201.9', 'hanifarafi7@gmail.com', 3, '2023-03-13 09:11:44', 1),
	(267, '103.189.201.9', 'hanifarafi7@gmail.com', 3, '2023-03-13 09:36:38', 1),
	(268, '103.160.184.11', 'hanifarafi7@gmail.com', 3, '2023-03-13 12:49:10', 1),
	(269, '118.99.83.90', 'hanifaja', NULL, '2023-03-13 13:10:14', 0),
	(270, '118.99.83.90', 'hanifarafi7@gmail.com', 3, '2023-03-13 13:10:19', 1),
	(271, '182.253.217.171', 'hanifarafi7@gmail.com', 3, '2023-03-13 13:54:20', 1),
	(272, '140.213.176.153', 'ardianita06@gmail.com', 6, '2023-03-13 15:53:11', 1),
	(273, '182.253.217.171', 'hanifarafi7@gmail.com', 3, '2023-03-13 16:17:52', 1),
	(274, '118.99.83.90', 'hanifarafi7@gmail.com', 3, '2023-03-13 16:24:04', 1),
	(275, '118.99.83.90', 'hanifarafi7@gmail.com', 3, '2023-03-13 16:55:23', 1),
	(276, '103.189.201.9', 'hanifarafi7@gmail.com', 3, '2023-03-13 22:53:06', 1),
	(277, '103.189.201.9', 'hanifarafi7@gmail.com', 3, '2023-03-13 22:53:20', 1),
	(278, '103.189.201.9', 'hanifarafi7@gmail.com', 3, '2023-03-13 22:55:01', 1),
	(279, '103.189.201.9', 'hanifarafi7@gmail.com', 3, '2023-03-13 22:57:20', 1),
	(280, '103.189.201.9', 'hanifarafi7@gmail.com', 3, '2023-03-13 23:08:51', 1),
	(281, '103.189.201.9', 'hanifarafi7@gmail.com', 3, '2023-03-13 23:11:45', 1),
	(282, '103.189.201.9', 'hanifarafi7@gmail.com', 3, '2023-03-13 23:12:09', 1),
	(283, '103.189.201.9', 'hanifarafi7@gmail.com', NULL, '2023-03-13 23:12:31', 0),
	(284, '103.189.201.9', 'hanifarafi7@gmail.com', 3, '2023-03-13 23:12:38', 1),
	(285, '103.189.201.9', 'hanifarafi7@gmail.com', 3, '2023-03-13 23:13:00', 1),
	(286, '103.189.201.9', 'hanifarafi7@gmail.com', 3, '2023-03-13 23:14:14', 1),
	(287, '103.189.201.9', 'hanifarafi7@gmail.com', 3, '2023-03-13 23:15:48', 1),
	(288, '103.189.201.9', 'hanifarafi7@gmail.com', 3, '2023-03-13 23:17:01', 1),
	(289, '103.189.201.9', 'hanifarafi7@gmail.com', 3, '2023-03-13 23:17:22', 1),
	(290, '103.189.201.9', 'hanifarafi7@gmail.com', 3, '2023-03-13 23:18:39', 1),
	(291, '103.189.201.9', 'hanifarafi7@gmail.com', 3, '2023-03-13 23:21:00', 1),
	(292, '103.189.201.9', 'hanifarafi7@gmail.com', 3, '2023-03-13 23:21:28', 1),
	(293, '103.189.201.9', 'hanifarafi7@gmail.com', 3, '2023-03-13 23:22:17', 1),
	(294, '103.189.201.9', 'hanifarafi7@gmail.com', 3, '2023-03-13 23:22:36', 1),
	(295, '103.189.201.9', 'hanifarafi7@gmail.com', 3, '2023-03-13 23:23:03', 1),
	(296, '103.189.201.9', 'hanifarafi7@gmail.com', 3, '2023-03-13 23:23:27', 1),
	(297, '103.189.201.9', 'hanifarafi7@gmail.com', 3, '2023-03-13 23:27:09', 1),
	(298, '103.189.201.9', 'hanifarafi7@gmail.com', 3, '2023-03-13 23:28:11', 1),
	(299, '103.189.201.9', 'hanifarafi7@gmail.com', 3, '2023-03-13 23:29:15', 1),
	(300, '103.189.201.9', 'hanifarafi7@gmail.com', 3, '2023-03-13 23:29:35', 1),
	(301, '103.189.201.9', 'hanifarafi7@gmail.com', 3, '2023-03-13 23:31:37', 1),
	(302, '103.189.201.9', 'hanifarafi7@gmail.com', 3, '2023-03-13 23:31:50', 1),
	(303, '103.189.201.9', 'hanifarafi7@gmail.com', 3, '2023-03-13 23:33:50', 1),
	(304, '103.189.201.9', 'hanifarafi7@gmail.com', 3, '2023-03-13 23:34:18', 1),
	(305, '103.189.201.9', 'hanifarafi7@gmail.com', 3, '2023-03-13 23:36:07', 1),
	(306, '103.189.201.9', 'hanifarafi7@gmail.com', 3, '2023-03-14 00:08:32', 1),
	(307, '103.189.201.9', 'hanifarafi7@gmail.com', 3, '2023-03-14 00:08:50', 1),
	(308, '103.189.201.9', 'hanifarafi7@gmail.com', 3, '2023-03-14 00:09:11', 1),
	(309, '103.189.201.9', 'hanifarafi7@gmail.com', 3, '2023-03-14 00:09:59', 1),
	(310, '103.189.201.9', 'hanifarafi7@gmail.com', 3, '2023-03-14 00:11:39', 1),
	(311, '103.189.201.9', 'hanifarafi7@gmail.com', 3, '2023-03-14 00:13:22', 1),
	(312, '103.189.201.9', 'hanifarafi7@gmail.com', 3, '2023-03-14 00:13:38', 1),
	(313, '103.189.201.9', 'hanifarafi7@gmail.com', 3, '2023-03-14 00:14:30', 1),
	(314, '103.189.201.9', 'hanifarafi7@gmail.com', 3, '2023-03-14 00:16:02', 1),
	(315, '103.189.201.9', 'hanifarafi7@gmail.com', 3, '2023-03-14 00:16:31', 1),
	(316, '103.189.201.9', 'hanifarafi7@gmail.com', 3, '2023-03-14 00:17:57', 1),
	(317, '103.189.201.9', 'hanifarafi7@gmail.com', 3, '2023-03-14 00:18:07', 1),
	(318, '103.189.201.9', 'hanifarafi7@gmail.com', 3, '2023-03-14 00:22:26', 1),
	(319, '103.189.201.9', 'hanifarafi7@gmail.com', 3, '2023-03-14 00:22:40', 1),
	(320, '103.189.201.9', 'hanifarafi7@gmail.com', 3, '2023-03-14 00:22:53', 1),
	(321, '103.189.201.9', 'hanifarafi7@gmail.com', 3, '2023-03-14 00:23:11', 1),
	(322, '103.189.201.9', 'hanifarafi7@gmail.com', 3, '2023-03-14 00:24:31', 1),
	(323, '140.213.176.153', 'nitt', NULL, '2023-03-14 00:24:42', 0),
	(324, '140.213.176.153', 'nitt', NULL, '2023-03-14 00:25:00', 0),
	(325, '140.213.176.153', 'nitt', NULL, '2023-03-14 00:25:51', 0),
	(326, '140.213.176.153', 'nitt', NULL, '2023-03-14 00:26:04', 0),
	(327, '103.189.201.9', 'hanifarafi7@gmail.com', 3, '2023-03-14 00:26:46', 1),
	(328, '103.189.201.9', 'hanifarafi7@gmail.com', 3, '2023-03-14 00:27:11', 1),
	(329, '140.213.176.153', 'ardianita06@gmail.com', 6, '2023-03-14 00:27:16', 1),
	(330, '103.189.201.9', 'hanifarafi7@gmail.com', 3, '2023-03-14 00:29:45', 1),
	(331, '103.189.201.9', 'hanifarafi7@gmail.com', 3, '2023-03-14 00:30:06', 1),
	(332, '103.189.201.9', 'hanifarafi7@gmail.com', 3, '2023-03-14 00:30:45', 1),
	(333, '103.189.201.9', 'ardianita06@gmail.com', 6, '2023-03-14 00:33:02', 1),
	(334, '103.189.201.9', 'hanifarafi7@gmail.com', 3, '2023-03-14 00:33:14', 1),
	(335, '103.189.201.9', 'hanifarafi7@gmail.com', 3, '2023-03-14 00:34:06', 1),
	(336, '103.189.201.9', 'hanifarafi7@gmail.com', 3, '2023-03-14 00:39:07', 1),
	(337, '103.189.201.9', 'ardianita06@gmail.com', 6, '2023-03-14 00:39:52', 1),
	(338, '103.189.201.9', 'hanifarafi7@gmail.com', 3, '2023-03-14 00:41:19', 1),
	(339, '103.189.201.9', 'hanfiarafi7@gmail.com', NULL, '2023-03-14 00:47:35', 0),
	(340, '103.189.201.9', 'hanfiarafi7@gmail.com', NULL, '2023-03-14 00:47:44', 0),
	(341, '103.189.201.9', 'hanfiarafi7@gmail.com', NULL, '2023-03-14 00:47:54', 0),
	(342, '103.189.201.9', 'ardianita06@gmail.com', 6, '2023-03-14 00:48:54', 1),
	(343, '103.189.201.9', 'hanifarafi7@gmail.com', 3, '2023-03-14 00:49:40', 1),
	(344, '103.189.201.9', 'hanifarafi7@gmail.com', 3, '2023-03-14 00:52:36', 1),
	(345, '103.189.201.9', 'hanifarafi7@gmail.com', 3, '2023-03-14 00:58:36', 1),
	(346, '103.189.201.9', 'hanifarafi7@gmail.com', 3, '2023-03-14 01:06:14', 1),
	(347, '140.213.176.153', 'ardianita06@gmail.com', 6, '2023-03-14 01:08:26', 1),
	(348, '103.189.201.9', 'hanifarafi7@gmail.com', 3, '2023-03-14 01:21:23', 1),
	(349, '103.189.201.9', 'hanifarafi7@gmail.com', 3, '2023-03-14 01:54:03', 1),
	(350, '103.189.201.9', 'hanifarafi7@gmail.com', 3, '2023-03-14 01:54:07', 1),
	(351, '103.189.201.9', 'hanifarafi7@gmail.com', 3, '2023-03-14 01:54:09', 1),
	(352, '112.215.237.148', 'lindarahmawati011001@gmail.com', 4, '2023-03-14 03:08:30', 1),
	(353, '112.215.237.148', 'lindarahmawati011001@gmail.com', 4, '2023-03-14 03:14:14', 1),
	(354, '125.164.235.137', 'hanifarafi7@gmail.com', 3, '2023-03-14 03:35:30', 1),
	(355, '125.164.235.137', 'ardianita06@gmail.com', 6, '2023-03-14 03:36:34', 1),
	(356, '103.189.201.9', 'ardianita06@gmail.com', NULL, '2023-03-14 03:41:55', 0),
	(357, '103.189.201.9', 'ardianita06@gmail.com', 6, '2023-03-14 03:42:04', 1),
	(358, '103.189.201.9', 'ardianita06@gmail.com', 6, '2023-03-14 03:45:16', 1),
	(359, '103.189.201.9', 'ardianita06@gmail.com', 6, '2023-03-14 03:46:05', 1),
	(360, '103.189.201.9', 'hanifarafi7@gmail.com', 3, '2023-03-14 03:47:28', 1),
	(361, '103.189.201.9', 'ardianita06@gmail.com', 6, '2023-03-14 03:57:51', 1),
	(362, '112.215.237.148', 'lindarahmawati011001@gmail.com', 4, '2023-03-14 03:58:19', 1),
	(363, '112.215.154.115', 'hanifarafi7@gmail.com', 3, '2023-03-14 03:58:25', 1),
	(364, '112.215.154.115', 'ardianita06@gmail.com', 6, '2023-03-14 04:01:20', 1),
	(365, '103.189.201.9', 'hanifarafi7@gmail.com', 3, '2023-03-14 04:05:59', 1),
	(366, '112.215.154.115', 'ardianita06@gmail.com', 6, '2023-03-14 04:24:26', 1),
	(367, '125.164.235.137', 'hanifarafi7@gmail.com', 3, '2023-03-14 04:24:36', 1),
	(368, '112.215.237.148', 'lindarahmawati011001@gmail.com', 4, '2023-03-14 04:33:49', 1),
	(369, '112.215.237.148', 'lindarahmawati011001@gmail.com', 4, '2023-03-14 04:35:00', 1),
	(370, '112.215.237.148', 'lindarahmawati011001@gmail.com', 4, '2023-03-14 04:35:57', 1),
	(371, '112.215.237.148', 'lindarahmawati011001@gmail.com', 4, '2023-03-14 04:41:02', 1),
	(372, '140.213.176.153', 'ardianita06@gmail.com', 6, '2023-03-14 04:44:09', 1),
	(373, '112.215.154.115', 'ardianita06@gmail.com', 6, '2023-03-14 06:25:33', 1),
	(374, '125.164.235.137', 'hanifarafi7@gmail.com', 3, '2023-03-14 06:25:55', 1),
	(375, '125.164.235.137', 'ardianita06@gmail.com', 6, '2023-03-14 06:28:02', 1),
	(376, '140.213.219.58', 'lindarahmawati011001@gmail.com', 4, '2023-03-14 06:58:53', 1),
	(377, '125.164.235.137', 'hanifarafi7@gmail.com', 3, '2023-03-14 06:59:18', 1),
	(378, '125.164.235.137', 'hanifarafi7@gmail.com', 3, '2023-03-14 07:04:11', 1),
	(379, '140.213.219.58', 'lindarahmawati011001@student.uns.ac.id', 5, '2023-03-14 07:11:11', 1),
	(380, '140.213.219.58', 'ardianita06@gmail.com', 6, '2023-03-14 07:49:21', 1),
	(381, '140.213.219.58', 'lindarahmawati011001@gmail.com', 4, '2023-03-14 07:50:23', 1),
	(382, '125.164.235.137', 'hanifarafi7@gmail.com', 3, '2023-03-14 08:29:26', 1),
	(383, '120.188.74.61', 'hanifarafi7@gmail.com', 3, '2023-03-14 09:47:58', 1),
	(384, '182.1.68.158', 'ardianita06@gmail.com', 6, '2023-03-14 10:18:44', 1),
	(385, '140.213.219.144', 'lindarahmawati011001@gmail.com', 4, '2023-03-14 14:17:01', 1),
	(386, '140.213.219.144', 'lindarahmawati011001@gmail.com', 7, '2023-03-14 14:20:51', 1),
	(387, '140.213.219.144', 'ardianita06@gmail.com', 6, '2023-03-14 14:21:57', 1),
	(388, '182.253.217.171', 'hanifarafi7@gmail.com', 3, '2023-03-14 15:26:37', 1),
	(389, '140.213.219.144', 'nitt', NULL, '2023-03-14 17:01:28', 0),
	(390, '140.213.219.144', 'ardianita06@gmail.com', 6, '2023-03-14 17:01:51', 1),
	(391, '140.213.219.144', 'nit', NULL, '2023-03-14 17:51:57', 0),
	(392, '140.213.219.144', 'ardianita06@gmail.com', 6, '2023-03-14 17:52:06', 1),
	(393, '140.213.162.206', 'ardianita06@gmail.com', 6, '2023-03-14 18:02:01', 1),
	(394, '140.213.164.247', 'ardianita06@gmail.com', 6, '2023-03-14 19:10:05', 1),
	(395, '182.253.217.171', 'ardianita06@gmail.com', 6, '2023-03-14 21:38:55', 1),
	(396, '182.253.217.171', 'hanifarafi7@gmail.com', 3, '2023-03-14 21:40:13', 1),
	(397, '182.253.217.171', 'ardianita06@gmail.com', 6, '2023-03-15 03:58:45', 1),
	(398, '140.213.167.184', 'ardianita06@gmail.com', 6, '2023-03-15 22:39:57', 1),
	(399, '182.253.217.171', 'ardianita06@gmail.com', 6, '2023-03-15 22:45:07', 1),
	(400, '140.213.175.140', 'ardianita06@gmail.com', 6, '2023-03-15 23:35:21', 1),
	(401, '182.253.245.155', 'ardianita06@gmail.com', 6, '2023-03-16 07:50:31', 1),
	(402, '182.253.245.155', 'ardianita06@gmail.com', 6, '2023-03-16 08:44:46', 1),
	(403, '182.253.245.155', 'ardianita06@gmail.com', 6, '2023-03-16 09:03:06', 1),
	(404, '36.68.10.207', 'ardianita06@gmail.com', 6, '2023-03-19 01:23:35', 1),
	(405, '36.68.10.207', 'hanifarafi7@gmail.com', 3, '2023-03-19 01:23:53', 1),
	(406, '36.68.10.207', 'ardianita06@gmail.com', 6, '2023-03-19 01:37:46', 1),
	(407, '36.68.10.207', 'hanifarafi7@gmail.com', 3, '2023-03-19 02:14:08', 1),
	(408, '36.68.10.207', 'hanifarafi7@gmail.com', 3, '2023-03-20 04:46:08', 1),
	(409, '36.68.10.207', 'hanifarafi7@gmail.com', 3, '2023-03-20 05:40:01', 1),
	(410, '36.68.10.204', 'hanifarafi7@gmail.com', 3, '2023-03-20 15:50:16', 1),
	(411, '36.68.10.204', 'ardianita06@gmail.com', 6, '2023-03-20 15:50:31', 1),
	(412, '36.68.10.204', 'ardianita06@gmail.com', 6, '2023-03-21 02:42:14', 1),
	(413, '36.68.10.204', 'hanifarafi7@gmail.com', 3, '2023-03-21 04:05:58', 1),
	(414, '36.68.10.204', 'hanifarafi7@gmail.com', 3, '2023-03-21 04:49:19', 1),
	(415, '36.68.10.204', 'hanifarafi7@gmail.com', 3, '2023-03-21 07:07:10', 1),
	(416, '36.68.10.204', 'hanifarafi7@gmail.com', 3, '2023-03-21 07:07:16', 1),
	(417, '182.2.68.169', 'ardianita06@gmail.com', 6, '2023-03-21 16:38:48', 1),
	(418, '101.128.110.171', 'hanifarafi7@gmail.com', 3, '2023-03-22 07:10:03', 1),
	(419, '101.128.110.171', 'ardianita06@gmail.com', 6, '2023-03-22 07:10:12', 1),
	(420, '112.215.240.111', 'hanifarafi7@gmail.com', 3, '2023-03-22 07:36:49', 1),
	(421, '112.215.240.111', 'hanifarafi7@gmail.com', 3, '2023-03-22 07:37:54', 1),
	(422, '112.215.240.111', 'hanifarafi7@gmail.com', 3, '2023-03-22 07:39:14', 1),
	(423, '112.215.240.111', 'hanifarafi7@gmail.com', 3, '2023-03-22 07:40:29', 1),
	(424, '112.215.240.111', 'admin', NULL, '2023-03-22 07:41:29', 0),
	(425, '112.215.242.242', 'ardianita06@gmail.com', 6, '2023-03-22 14:30:03', 1),
	(426, '118.99.83.90', 'hanifarafi7@gmail.com', 3, '2023-03-22 15:58:53', 1),
	(427, '103.189.201.9', 'hanifarafi7@gmail.com', NULL, '2023-03-23 23:42:28', 0),
	(428, '103.189.201.9', 'hanifarafi7@gmail.com', 3, '2023-03-23 23:42:51', 1),
	(429, '103.189.201.9', 'ardianita06@gmail.com', 6, '2023-03-23 23:43:55', 1),
	(430, '103.189.201.9', 'ardianita06@gmail.com', 6, '2023-03-24 00:04:12', 1),
	(431, '203.78.117.17', 'ardianita06@gmail.com', 6, '2023-03-24 01:22:39', 1),
	(432, '125.166.9.98', 'ardianita06@gmail.com', 6, '2023-03-24 01:59:01', 1),
	(433, '125.166.9.98', 'ardianita06@gmail.com', 6, '2023-03-24 02:28:24', 1),
	(434, '125.166.9.98', 'ardianita06@gmail.com', 6, '2023-03-24 02:32:43', 1),
	(435, '182.2.69.109', 'ardianita06@gmail.com', 6, '2023-03-24 03:05:40', 1),
	(436, '125.166.9.98', 'ardianita06@gmail.com', 6, '2023-03-24 03:33:38', 1),
	(437, '125.166.9.98', 'ardianita06@gmail.com', 6, '2023-03-24 03:40:50', 1),
	(438, '125.166.9.98', 'hanifarafi7@gmail.com', 3, '2023-03-24 04:02:51', 1),
	(439, '182.2.69.109', 'ardianita06@gmail.com', 6, '2023-03-24 04:11:55', 1),
	(440, '103.189.201.9', 'ardianita06@gmail.com', 6, '2023-03-24 06:30:02', 1),
	(441, '103.189.201.9', 'ardianita06@gmail.com', 6, '2023-03-24 09:24:47', 1),
	(442, '103.174.113.5', 'ardianita06@gmail.com', 6, '2023-03-24 13:00:36', 1),
	(443, '103.174.113.5', 'hanifarafi7@gmail.com', 3, '2023-03-24 13:10:12', 1),
	(444, '103.174.113.5', 'ardianita06@gmail.com', 6, '2023-03-24 14:41:33', 1),
	(445, '182.253.217.171', 'hanifarafi7@gmail.com', 3, '2023-03-24 15:06:23', 1),
	(446, '103.174.113.5', 'ardianita06@gmail.com', 6, '2023-03-24 15:07:04', 1),
	(447, '182.253.217.171', 'ardianita06@gmail.com', 6, '2023-03-24 15:24:33', 1),
	(448, '118.99.83.95', 'ardianita06@gmail.com', 6, '2023-03-24 15:37:55', 1),
	(449, '182.2.68.169', 'ardianita06@gmail.com', 6, '2023-03-24 22:23:37', 1),
	(450, '103.189.201.9', 'ardianita06@gmail.com', 6, '2023-03-25 02:01:53', 1),
	(451, '103.189.201.9', 'ardianita06@gmail.com', 6, '2023-03-25 02:01:54', 1),
	(452, '118.99.83.95', 'ardianita06@gmail.com', NULL, '2023-03-25 05:05:35', 0),
	(453, '118.99.83.95', 'ardianita06@gmail.com', 6, '2023-03-25 05:05:46', 1),
	(454, '182.2.68.169', 'ardianita06@gmail.com', 6, '2023-03-25 06:42:14', 1),
	(455, '103.174.113.5', 'ardianita06@gmail.com', NULL, '2023-03-25 12:56:09', 0),
	(456, '103.174.113.5', 'ardianita06@gmail.com', 6, '2023-03-25 12:56:25', 1),
	(457, '182.253.217.171', 'ardianita06@gmail.com', 6, '2023-03-25 15:50:59', 1),
	(458, '103.189.201.9', 'ardianita06@gmail.com', 6, '2023-03-26 04:08:55', 1),
	(459, '182.2.68.169', 'ardianita06@gmail.com', 6, '2023-03-26 14:03:56', 1),
	(460, '182.2.68.169', 'ardianita06@gmail.com', 6, '2023-03-26 15:30:57', 1),
	(461, '103.174.113.5', 'ardianita06@gmail.com', 6, '2023-03-26 15:58:11', 1),
	(462, '182.2.68.169', 'ardianita06@gmail.com', 6, '2023-03-26 16:33:36', 1),
	(463, '103.189.201.9', 'ardianita06@gmail.com', 6, '2023-03-27 01:00:09', 1),
	(464, '103.189.201.9', 'hanifarafi7@gmail.com', 3, '2023-03-27 01:15:20', 1),
	(465, '103.189.201.9', 'ardianita06@gmail.com', 6, '2023-03-27 01:27:55', 1),
	(466, '103.189.201.9', 'hanifarafi7@gmail.com', 3, '2023-03-27 01:32:12', 1),
	(467, '103.189.201.9', 'hanifarafi7@gmail.com', 3, '2023-03-27 01:45:35', 1),
	(468, '103.189.201.9', 'ardianita06@gmail.com', 6, '2023-03-27 01:47:37', 1),
	(469, '103.189.201.9', 'ardianita06@gmail.com', 6, '2023-03-27 02:11:06', 1),
	(470, '112.215.172.243', 'ardianita06@gmail.com', 6, '2023-03-27 02:33:21', 1),
	(471, '103.189.201.9', 'ardianita06@gmail.com', 6, '2023-03-27 04:05:19', 1),
	(472, '112.215.172.243', 'ardianita06@gmail.com', 6, '2023-03-27 04:20:59', 1),
	(473, '140.213.44.67', 'ardianita06@gmail.com', 6, '2023-03-27 09:15:06', 1),
	(474, '140.213.44.67', 'ardianita06@gmail.com', 6, '2023-03-27 09:26:17', 1),
	(475, '112.215.241.201', 'ardianita06@gmail.com', 6, '2023-03-27 14:36:44', 1),
	(476, '112.215.241.201', 'ardianita06@gmail.com', 6, '2023-03-27 16:23:40', 1),
	(477, '140.213.161.83', 'ardianita06@gmail.com', 6, '2023-03-27 16:43:57', 1),
	(478, '112.215.241.201', 'ardianita06@gmail.com', 6, '2023-03-27 17:30:17', 1),
	(479, '103.189.201.9', 'ardianita06@gmail.com', 6, '2023-03-27 22:33:26', 1),
	(480, '103.189.201.9', 'hanifarafi7@gmail.com', 3, '2023-03-27 23:03:05', 1),
	(481, '140.213.161.83', 'ardianita06@gmail.com', 6, '2023-03-28 01:44:47', 1),
	(482, '103.189.201.9', 'ardianita06@gmail.com', 6, '2023-03-28 03:58:09', 1),
	(483, '103.189.201.9', 'hanifarafi7@gmail.com', 3, '2023-03-28 04:00:15', 1),
	(484, '103.189.201.9', 'hanifarafi7@gmail.com', 3, '2023-03-28 05:09:25', 1),
	(485, '103.189.201.9', 'ardianita06@gmail.com', 6, '2023-03-28 05:11:15', 1),
	(486, '103.189.201.9', 'hanifarafi7@gmail.com', 3, '2023-03-28 05:13:44', 1),
	(487, '103.189.201.9', 'ardianita06@gmail.com', 6, '2023-03-28 05:14:51', 1),
	(488, '103.189.201.9', 'hanifarafi7@gmail.com', 3, '2023-03-28 05:15:12', 1),
	(489, '103.189.201.9', 'hanifarafi7@gmail.com', NULL, '2023-03-28 05:42:03', 0),
	(490, '103.189.201.9', 'hanifarafi7@gmail.com', 3, '2023-03-28 05:42:10', 1),
	(491, '103.189.201.9', 'hanifarafi7@gmail.com', 3, '2023-03-28 08:44:44', 1),
	(492, '103.189.201.9', 'hanifarafi7@gmail.com', 3, '2023-03-28 08:58:30', 1),
	(493, '103.189.201.9', 'hanfiarafi7@gmail.com', NULL, '2023-03-28 09:12:32', 0),
	(494, '103.189.201.9', 'hanfiarafi7@gmail.com', NULL, '2023-03-28 09:12:46', 0),
	(495, '140.213.59.42', 'ardianita06@gmail.com', 6, '2023-03-28 15:06:44', 1),
	(496, '103.189.201.9', 'hanifarafi7@gmail.com', 3, '2023-03-29 03:00:21', 1),
	(497, '125.164.235.114', 'hanifarafi7@gmail.com', 3, '2023-03-29 08:12:25', 1),
	(498, '125.164.235.114', 'ardianita06@gmail.com', 6, '2023-03-29 08:15:35', 1),
	(499, '125.164.235.114', 'hanifarafi7@gmail.com', NULL, '2023-03-29 08:36:07', 0),
	(500, '125.164.235.114', 'hanifarafi7@gmail.com', 3, '2023-03-29 08:36:16', 1),
	(501, '125.164.235.114', 'hanifarafi7@gmail.com', 3, '2023-03-29 09:08:08', 1),
	(502, '140.213.42.62', 'ardianita06@gmail.com', NULL, '2023-03-29 09:12:11', 0),
	(503, '140.213.42.62', 'ardianita06@gmail.com', 6, '2023-03-29 09:12:23', 1),
	(504, '125.164.235.114', 'ardianita06@gmail.com', 6, '2023-03-29 09:42:08', 1),
	(505, '125.164.235.114', 'lindarahmawati011001@gmail.com', 7, '2023-03-29 09:49:07', 1),
	(506, '140.213.48.242', 'ardianita06@gmail.com', 6, '2023-03-29 15:10:42', 1),
	(507, '140.213.48.242', 'ardianita06@gmail.com', 6, '2023-03-29 15:10:43', 1),
	(508, '112.215.172.158', 'ardianita06@gmail.com', 6, '2023-03-30 00:37:50', 1),
	(509, '112.215.172.158', 'ardianita06@gmail.com', 6, '2023-03-30 01:58:38', 1),
	(510, '125.164.232.165', 'ardianita06@gmail.com', 6, '2023-03-30 07:00:05', 1),
	(511, '125.164.232.165', 'ardianita06@gmail.com', 6, '2023-03-30 08:24:10', 1),
	(512, '103.189.201.9', 'ardianita06@gmail.com', 6, '2023-03-30 12:27:23', 1),
	(513, '103.189.201.9', 'ardianita06@gmail.com', 6, '2023-03-30 12:32:51', 1),
	(514, '103.189.201.9', 'hanifarafi7@gmail.com', 3, '2023-03-30 12:46:08', 1),
	(515, '103.174.113.5', 'ardianita06@gmail.com', 6, '2023-03-30 13:05:11', 1),
	(516, '103.189.201.9', 'hanifarafi7@gmail.com', 3, '2023-03-30 22:00:44', 1),
	(517, '103.189.201.9', 'hanifarafi7@gmail.com', 3, '2023-03-30 22:03:49', 1),
	(518, '103.189.201.9', 'ardianita06@gmail.com', 6, '2023-03-30 22:37:41', 1),
	(519, '103.189.201.9', 'ardianita06@gmail.com', 6, '2023-03-31 00:15:04', 1),
	(520, '103.189.201.9', 'ardianita06@gmail.com', 6, '2023-03-31 03:46:19', 1),
	(521, '103.189.201.9', 'hanifarafi7@gmail.com', 3, '2023-03-31 05:50:57', 1),
	(522, '103.189.201.9', 'ardianita06@gmail.com', 6, '2023-03-31 05:55:52', 1),
	(523, '103.189.201.9', 'hanifarafi7@gmail.com', 3, '2023-03-31 07:42:31', 1),
	(524, '103.189.201.9', 'ardianita06@gmail.com', 6, '2023-03-31 12:52:12', 1),
	(525, '140.213.166.196', 'ardianita06@gmail.com', 6, '2023-03-31 13:57:01', 1),
	(526, '140.213.166.196', 'ardianita06@gmail.com', 6, '2023-03-31 15:03:29', 1),
	(527, '203.78.117.3', 'ardianita06@gmail.com', 6, '2023-03-31 15:16:05', 1),
	(528, '203.78.117.3', 'hanifaja', NULL, '2023-03-31 15:50:18', 0),
	(529, '203.78.117.3', 'Linda', NULL, '2023-03-31 15:55:51', 0),
	(530, '203.78.117.3', 'Linda', NULL, '2023-03-31 15:56:04', 0),
	(531, '203.78.117.3', 'ardianita06@gmail.com', 6, '2023-03-31 15:56:13', 1),
	(532, '203.78.117.3', 'ardianita06@gmail.com', 6, '2023-03-31 16:57:31', 1),
	(533, '103.189.201.9', 'ardianita06@gmail.com', 6, '2023-03-31 21:57:49', 1),
	(534, '103.189.201.9', 'ardianita06@gmail.com', 6, '2023-03-31 22:02:12', 1),
	(535, '103.189.201.9', 'ardianita06@gmail.com', 6, '2023-04-01 09:57:31', 1),
	(536, '103.189.201.9', 'ardianita06@gmail.com', 6, '2023-04-01 12:14:57', 1),
	(537, '103.189.201.9', 'hanifarafi7@gmail.com', 3, '2023-04-01 14:39:02', 1),
	(538, '103.189.201.9', 'ardianita06@gmail.com', 6, '2023-04-01 14:39:42', 1),
	(539, '140.213.175.29', 'ardianita06@gmail.com', 6, '2023-04-01 15:32:22', 1),
	(540, '103.189.201.9', 'ardianita06@gmail.com', 6, '2023-04-01 22:11:30', 1),
	(541, '140.213.57.23', 'ardianita06@gmail.com', 6, '2023-04-02 01:23:17', 1),
	(542, '103.189.201.9', 'hanifarafi7@gmail.com', 3, '2023-04-02 03:43:40', 1),
	(543, '103.189.201.9', 'ardianita06@gmail.com', 6, '2023-04-02 03:45:33', 1),
	(544, '103.189.201.9', 'hanifarafi7@gmail.com', 3, '2023-04-02 03:46:06', 1),
	(545, '103.189.201.9', 'hanfiarafi7@gmail.com', NULL, '2023-04-02 04:47:08', 0),
	(546, '103.189.201.9', 'hanfiarafi7@gmail.com', NULL, '2023-04-02 04:47:16', 0),
	(547, '103.189.201.9', 'hanifarafi7@gmail.com', 3, '2023-04-02 04:47:26', 1),
	(548, '103.189.201.9', 'ardianita06@gmail.com', NULL, '2023-04-02 04:48:53', 0),
	(549, '103.189.201.9', 'ardianita06@gmail.com', NULL, '2023-04-02 04:53:20', 0),
	(550, '103.189.201.9', 'hanifarafi7@gmail.com', 3, '2023-04-02 05:29:52', 1),
	(551, '103.189.201.9', 'hanfiarafi7@gmail.com', NULL, '2023-04-02 05:43:16', 0),
	(552, '103.189.201.9', 'hanifarafi7@gmail.com', 3, '2023-04-02 05:43:26', 1),
	(553, '103.189.201.9', 'ardianita06@gmail.com', NULL, '2023-04-02 05:44:43', 0),
	(554, '103.189.201.9', 'ardianita06@gmail.com', 6, '2023-04-02 05:45:00', 1),
	(555, '140.213.57.23', 'ardianita06@gmail.com', 6, '2023-04-02 06:30:03', 1),
	(556, '114.5.223.10', 'hanifarafi7@gmail.com', 3, '2023-04-02 13:57:42', 1),
	(557, '103.189.201.9', 'ardianita06@gmail.com', 6, '2023-04-03 01:45:03', 1),
	(558, '103.189.201.9', 'ardianita06@gmail.com', 6, '2023-04-03 02:01:47', 1),
	(559, '103.189.201.9', 'hanifarafi7@gmail.com', 3, '2023-04-03 02:14:39', 1),
	(560, '103.189.201.9', 'ardianita06@gmail.com', 6, '2023-04-03 02:15:08', 1),
	(561, '103.174.113.5', 'ardianita06@gmail.com', 6, '2023-04-03 02:48:49', 1),
	(562, '103.189.201.9', 'ardianita06@gmail.com', 6, '2023-04-03 04:56:50', 1),
	(563, '103.189.201.9', 'ardianita06@gmail.com', 6, '2023-04-03 04:56:50', 1),
	(564, '103.189.201.9', 'ardianita06@gmail.com', 6, '2023-04-03 05:58:58', 1),
	(565, '103.189.201.9', 'hanifarafi7@gmail.com', 3, '2023-04-03 07:24:49', 1),
	(566, '103.189.201.9', 'hanifarafi7@gmail.com', 3, '2023-04-03 07:24:53', 1),
	(567, '103.189.201.9', 'hanifarafi7@gmail.com', 3, '2023-04-03 07:24:55', 1),
	(568, '103.189.201.9', 'hanifarafi7@gmail.com', 3, '2023-04-03 07:24:55', 1),
	(569, '103.189.201.9', 'hanifarafi7@gmail.com', 3, '2023-04-03 07:24:57', 1),
	(570, '103.174.113.5', 'hanifarafi7', NULL, '2023-04-03 07:29:09', 0),
	(571, '103.189.201.9', 'hanifarafi7@gmail.com', 3, '2023-04-03 07:33:19', 1),
	(572, '103.189.201.9', 'ardianita06@gmail.com', 6, '2023-04-03 07:55:35', 1),
	(573, '112.215.244.167', 'ardianita06@gmail.com', 6, '2023-04-03 07:59:25', 1),
	(574, '112.215.244.167', 'ardianita06@gmail.com', 6, '2023-04-03 07:59:25', 1),
	(575, '112.215.244.167', 'ardianita06@gmail.com', 6, '2023-04-03 07:59:27', 1),
	(576, '112.215.244.167', 'ardianita06@gmail.com', 6, '2023-04-03 07:59:28', 1),
	(577, '112.215.244.167', 'ardianita06@gmail.com', 6, '2023-04-03 07:59:30', 1),
	(578, '103.189.201.9', 'kreshna@gmail.com', NULL, '2023-04-03 08:41:40', 0),
	(579, '103.189.201.9', 'kreshna@gmail.com', NULL, '2023-04-03 08:42:23', 0),
	(580, '103.189.201.9', 'kreshna1', NULL, '2023-04-03 08:42:36', 0),
	(581, '103.189.201.9', 'kreshna@gmail.com', NULL, '2023-04-03 08:43:44', 0),
	(582, '103.189.201.9', 'hanifarafi7@gmail.com', 3, '2023-04-03 08:43:51', 1),
	(583, '103.189.201.9', 'ardianita06@gmail.com', 6, '2023-04-03 08:44:15', 1),
	(584, '103.189.201.9', 'kreshna1', NULL, '2023-04-03 08:45:41', 0),
	(585, '103.189.201.9', 'kreshna@gmail.com', NULL, '2023-04-03 08:45:48', 0),
	(586, '103.189.201.9', 'muhammadhanifarafi@gmail.com', 8, '2023-04-03 08:48:26', 1),
	(587, '103.189.201.9', 'ardianita06@gmail.com', 6, '2023-04-03 09:04:49', 1),
	(588, '103.189.201.9', 'kreshna@gmail.com', NULL, '2023-04-03 09:13:38', 0),
	(589, '103.189.201.9', 'kreshna@gmail.com', NULL, '2023-04-03 09:13:41', 0),
	(590, '103.189.201.9', 'kreshna@gmail.com', NULL, '2023-04-03 09:13:46', 0),
	(591, '103.189.201.9', 'kreshna@gmail.com', NULL, '2023-04-03 09:13:47', 0),
	(592, '103.189.201.9', 'kreshna@gmail.com', NULL, '2023-04-03 09:14:09', 0),
	(593, '103.189.201.9', 'kreshna1', NULL, '2023-04-03 09:15:11', 0),
	(594, '103.189.201.9', 'muhammadhanifarafi@gmail.com', NULL, '2023-04-03 09:16:06', 0),
	(595, '103.189.201.9', 'muhammadhanifarafi@gmail.com', 11, '2023-04-03 09:17:11', 1),
	(596, '103.189.201.9', 'ardianita06@gmail.com', 6, '2023-04-03 09:21:15', 1),
	(597, '103.189.201.9', 'kreshna@gmail.com', NULL, '2023-04-03 09:22:01', 0),
	(598, '103.189.201.9', 'hanifarafi7@gmail.com', 3, '2023-04-03 09:23:03', 1),
	(599, '103.189.201.9', 'kreshna@gmail.com', 12, '2023-04-03 09:23:32', 1),
	(600, '103.189.201.9', 'ardianita06@gmail.com', 6, '2023-04-03 09:30:08', 1),
	(601, '103.189.201.9', 'kreshna@gmail.com', NULL, '2023-04-03 09:32:25', 0),
	(602, '103.189.201.9', 'kresna256@gmail.com', NULL, '2023-04-03 09:33:52', 0),
	(603, '103.189.201.9', 'kresna256@gmail.com', NULL, '2023-04-03 09:34:33', 0),
	(604, '103.189.201.9', 'ardianita06@gmail.com', 6, '2023-04-03 09:35:02', 1),
	(605, '103.189.201.9', 'kresna256@gmail.com', NULL, '2023-04-03 09:36:39', 0),
	(606, '103.189.201.9', 'kresna256@gmail.com', NULL, '2023-04-03 09:39:17', 0),
	(607, '103.189.201.9', 'kresna256@gmail.com', NULL, '2023-04-03 09:40:44', 0),
	(608, '103.189.201.9', 'kresna256@gmail.com', NULL, '2023-04-03 09:40:59', 0),
	(609, '103.189.201.9', 'kresna256@gmail.com', NULL, '2023-04-03 09:41:00', 0),
	(610, '103.189.201.9', 'ardianita06@gmail.com', 6, '2023-04-03 09:42:38', 1),
	(611, '103.189.201.9', 'ardianita06@gmail.com', 6, '2023-04-03 09:43:32', 1),
	(612, '103.189.201.9', 'kresna256@gmail.com', NULL, '2023-04-03 09:44:58', 0),
	(613, '103.189.201.9', 'kresna256@gmail.com', NULL, '2023-04-03 09:45:17', 0),
	(614, '103.189.201.9', 'kresna256@gmail.com', NULL, '2023-04-03 09:45:58', 0),
	(615, '103.189.201.9', 'kresna256@gmail.com', NULL, '2023-04-03 09:47:02', 0),
	(616, '103.189.201.9', 'kresna256@gmail.com', NULL, '2023-04-03 09:50:52', 0),
	(617, '103.189.201.9', 'muhammadhanifarafi@gmail.com', 14, '2023-04-03 09:51:12', 1),
	(618, '103.174.113.5', 'ardianita06@gmail.com', 6, '2023-04-03 13:22:34', 1),
	(619, '103.174.113.5', 'ardianita06@gmail.com', 6, '2023-04-03 13:56:31', 1),
	(620, '103.174.113.5', 'ardianita06@gmail.com', 6, '2023-04-03 14:56:07', 1),
	(621, '103.174.113.5', 'ardianita06@gmail.com', 6, '2023-04-03 23:41:04', 1),
	(622, '103.189.201.9', 'hanifarafi7@gmail.com', 3, '2023-04-04 09:17:45', 1),
	(623, '103.189.201.9', 'ardianita06@gmail.com', 6, '2023-04-04 09:18:54', 1),
	(624, '103.189.201.9', 'muhammadyeikoakbar@student.uns.ac.id', NULL, '2023-04-04 09:21:25', 0),
	(625, '103.189.201.9', 'yeikoakbar01', NULL, '2023-04-04 09:22:12', 0),
	(626, '103.189.201.9', 'ardianita06@gmail.com', 6, '2023-04-04 09:27:06', 1),
	(627, '103.189.201.9', 'muhammadyeikoakbar@gmail.com', NULL, '2023-04-04 09:28:24', 0),
	(628, '103.189.201.9', 'kresna1', NULL, '2023-04-04 09:29:14', 0),
	(629, '103.189.201.9', 'muhammadhanifarafi@gmail.com', 14, '2023-04-04 09:29:27', 1),
	(630, '103.189.201.9', 'muhammadyeikoakbar@gmail.com', 16, '2023-04-04 09:29:42', 1),
	(631, '103.189.201.9', 'ardianita06@gmail.com', 6, '2023-04-04 09:37:22', 1),
	(632, '103.189.201.9', 'muhammadyeikoakbar@gmail.com', NULL, '2023-04-04 09:40:07', 0),
	(633, '103.189.201.9', 'muhammadyeikoakbar@gmail.com', NULL, '2023-04-04 09:41:21', 0),
	(634, '103.189.201.9', 'ardianita06@gmail.com', 6, '2023-04-04 09:45:15', 1),
	(635, '103.189.201.9', 'muhammadyeikoakbar@gmail.com', NULL, '2023-04-04 09:48:11', 0),
	(636, '103.189.201.9', 'muhammadyeikoakbar@gmail.com', NULL, '2023-04-04 09:48:37', 0),
	(637, '103.189.201.9', 'muhammadyeikoakbar@gmail.com', NULL, '2023-04-04 09:50:40', 0),
	(638, '103.189.201.9', 'muhammadyeikoakbar@gmail.com', 17, '2023-04-04 09:51:04', 1),
	(639, '103.189.201.9', 'ardianita06@gmail.com', 6, '2023-04-04 10:10:52', 1),
	(640, '118.99.83.92', 'ardianita06@gmail.com', 6, '2023-04-04 10:18:12', 1),
	(641, '103.189.201.9', 'hanifarafi7@gmail.com', NULL, '2023-04-04 10:28:22', 0),
	(642, '103.189.201.9', 'hanifarafi7@gmail.com', NULL, '2023-04-04 10:28:26', 0),
	(643, '103.189.201.9', 'hanifarafi7@gmail.com', 3, '2023-04-04 10:28:37', 1),
	(644, '103.189.201.9', 'ardianita06@gmail.com', NULL, '2023-04-04 10:36:05', 0),
	(645, '103.189.201.9', 'ardianita06@gmail.com', 6, '2023-04-04 10:36:14', 1),
	(646, '103.189.201.9', 'hanifarafi7@gmail.com', 3, '2023-04-04 10:39:58', 1),
	(647, '118.99.83.92', 'ardianita06@gmail.com', 6, '2023-04-04 12:32:44', 1),
	(648, '125.164.233.77', 'ardianita06@gmail.com', 6, '2023-04-04 13:26:41', 1),
	(649, '112.215.240.122', 'hanifarafi7', NULL, '2023-04-04 13:38:19', 0),
	(650, '112.215.240.122', 'ardianita06@gmail.com', 6, '2023-04-04 13:39:13', 1),
	(651, '125.164.233.77', 'ardianita06@gmail.com', 6, '2023-04-04 14:19:18', 1),
	(652, '120.188.81.153', 'hanifarafi7@gmail.com', NULL, '2023-04-04 15:05:21', 0),
	(653, '103.174.113.5', 'ardianita06@gmail.com', 6, '2023-04-04 18:18:26', 1),
	(654, '112.215.153.188', 'ardianita06@gmail.com', 6, '2023-04-04 22:08:15', 1),
	(655, '112.215.153.188', 'ardianita06@gmail.com', 6, '2023-04-04 23:31:24', 1),
	(656, '125.164.233.77', 'ardianita06@gmail.com', NULL, '2023-04-05 13:49:00', 0),
	(657, '125.164.233.77', 'ardianita06@gmail.com', 6, '2023-04-05 13:49:29', 1),
	(658, '125.164.233.77', 'ardianita06@gmail.com', 6, '2023-04-05 14:33:37', 1),
	(659, '125.164.233.77', 'ardianita06@gmail.com', 6, '2023-04-05 14:55:57', 1),
	(660, '125.164.233.77', 'ardianita06@gmail.com', 6, '2023-04-05 15:47:29', 1),
	(661, '125.164.232.29', 'hanifarafi7@gmail.com', NULL, '2023-04-05 18:58:08', 0),
	(662, '125.164.232.29', 'hanifarafi7@gmail.com', 3, '2023-04-05 18:58:19', 1),
	(663, '125.164.232.29', 'hanifarafi7@gmail.com', 3, '2023-04-05 19:32:54', 1),
	(664, '125.164.232.29', 'ardianita06@gmail.com', 6, '2023-04-05 20:18:52', 1),
	(665, '140.213.42.250', 'ardianita06@gmail.com', 6, '2023-04-05 20:32:42', 1),
	(666, '140.213.42.250', 'ardianita06@gmail.com', 6, '2023-04-05 22:15:04', 1),
	(667, '140.213.42.50', 'ardianita06@gmail.com', 6, '2023-04-06 02:07:43', 1),
	(668, '103.189.201.9', 'ardianita06@gmail.com', 6, '2023-04-06 04:40:55', 1),
	(669, '103.189.201.9', 'ardianita06@gmail.com', 6, '2023-04-06 04:51:19', 1),
	(670, '103.189.201.9', 'ardianita06@gmail.com', 6, '2023-04-06 09:54:00', 1),
	(671, '112.78.133.154', 'ardianita06@gmail.com', 6, '2023-04-06 10:11:45', 1),
	(672, '114.4.220.110', 'hanifarafi7@gmail.com', 3, '2023-04-06 12:49:26', 1),
	(673, '114.4.220.110', 'hanifarafi7@gmail.com', 3, '2023-04-06 12:49:28', 1),
	(674, '114.4.220.110', 'ardianita06@gmail.com', 6, '2023-04-06 12:51:11', 1),
	(675, '120.188.77.141', 'hanifarafi7@gmail.com', NULL, '2023-04-06 12:59:23', 0),
	(676, '120.188.77.141', 'hanifarafi7@gmail.com', NULL, '2023-04-06 12:59:48', 0),
	(677, '125.164.232.102', 'ardianita06@gmail.com', 6, '2023-04-06 13:00:26', 1),
	(678, '125.164.232.102', 'ardianita06@gmail.com', 6, '2023-04-06 13:00:33', 1),
	(679, '125.164.232.102', 'muhammadhanifarafi@student.uns.ac.id', 23, '2023-04-06 13:08:41', 1),
	(680, '125.164.232.102', 'ardianita06@gmail.com', 6, '2023-04-06 13:17:19', 1),
	(681, '125.164.232.102', 'ardianita06@gmail.com', 6, '2023-04-06 15:00:59', 1),
	(682, '103.189.201.9', 'ardianita06@gmail.com', 6, '2023-04-06 16:40:29', 1),
	(683, '103.189.201.9', 'ardianita06@gmail.com', 6, '2023-04-06 18:36:09', 1),
	(684, '103.189.201.9', 'hanifarafi7@gmail.com', 3, '2023-04-06 19:34:35', 1),
	(685, '103.189.201.9', 'hanifarafi7@gmail.com', 3, '2023-04-06 19:34:38', 1),
	(686, '103.189.201.9', 'ardianita06@gmail.com', 6, '2023-04-06 19:37:08', 1),
	(687, '103.174.113.5', 'admin@admin.com', NULL, '2023-04-06 20:46:35', 0),
	(688, '103.174.113.5', 'ardianita06@gmail.com', 6, '2023-04-06 20:46:49', 1),
	(689, '103.189.201.9', 'ardianita06@gmail.com', 6, '2023-04-06 21:39:12', 1),
	(690, '103.174.113.5', 'ardianita06@gmail.com', 6, '2023-04-06 21:47:51', 1),
	(691, '103.189.201.9', 'ardianita06@gmail.com', 6, '2023-04-06 22:38:51', 1),
	(692, '112.215.244.192', 'ardianita06@gmail.com', 6, '2023-04-07 09:07:52', 1),
	(693, '112.215.244.192', 'ardianita06@gmail.com', 6, '2023-04-07 09:07:54', 1),
	(694, '112.215.244.192', 'ardianita06@gmail.com', 6, '2023-04-07 10:17:04', 1),
	(695, '103.189.201.9', 'lindarahmawati011001@gmail.com', 7, '2023-04-07 10:56:48', 1),
	(696, '103.189.201.9', 'ardianita06@gmail.com', 6, '2023-04-07 10:59:44', 1),
	(697, '103.189.201.9', 'ardianita06@gmail.com', 6, '2023-04-07 10:59:47', 1),
	(698, '103.189.201.9', 'ardianita06@gmail.com', 6, '2023-04-07 10:59:48', 1),
	(699, '103.189.201.9', 'ardianita06@gmail.com', 6, '2023-04-07 10:59:50', 1),
	(700, '103.189.201.9', 'ardianita06@gmail.com', 6, '2023-04-07 10:59:51', 1),
	(701, '112.215.244.192', 'ardianita06@gmail.com', 6, '2023-04-07 11:31:24', 1),
	(702, '103.189.201.9', 'ardianita06@gmail.com', 6, '2023-04-07 11:40:44', 1),
	(703, '103.189.201.9', 'ardianita06@gmail.com', 6, '2023-04-07 13:03:55', 1),
	(704, '103.189.201.9', 'ardianita06@gmail.com', 6, '2023-04-07 14:07:50', 1),
	(705, '103.189.201.9', 'ardianita06@gmail.com', 6, '2023-04-07 15:12:49', 1),
	(706, '103.189.201.9', 'ardianita06@gmail.com', 6, '2023-04-07 15:48:05', 1),
	(707, '140.213.56.233', 'ardianita06@gmail.com', 6, '2023-04-08 22:23:54', 1),
	(708, '140.213.56.233', 'lindarahmawati011001@gmail.com', 7, '2023-04-08 23:34:19', 1),
	(709, '103.189.201.9', 'ardianita06@gmail.com', 6, '2023-04-09 06:13:25', 1),
	(710, '103.189.201.9', 'ardianita06@gmail.com', 6, '2023-04-09 08:33:30', 1),
	(711, '103.189.201.9', 'lindarahmawati011001@gmail.com', 7, '2023-04-09 10:02:22', 1),
	(712, '103.189.201.9', 'ardianita06@gmail.com', 6, '2023-04-09 10:06:05', 1),
	(713, '120.188.72.33', 'ardianita06@gmail.com', 6, '2023-04-09 10:19:38', 1),
	(714, '140.213.56.233', 'ardianita06@gmail.com', 6, '2023-04-09 10:19:38', 1),
	(715, '103.189.201.9', 'hanifarafi7@gmail.com', 3, '2023-04-09 18:51:29', 1),
	(716, '103.189.201.9', ' ardianita06@gmail.com', NULL, '2023-04-09 19:36:57', 0),
	(717, '103.189.201.9', 'ardianita06@gmail.com', NULL, '2023-04-09 19:37:13', 0),
	(718, '103.189.201.9', 'ardianita06@gmail.com', 6, '2023-04-09 19:37:27', 1),
	(719, '125.164.234.119', 'ardianita06@gmail.com', 6, '2023-04-09 20:40:32', 1),
	(720, '140.213.58.239', 'ardianita06@gmail.com', 6, '2023-04-09 21:23:28', 1),
	(721, '140.213.58.239', 'ardianita06@gmail.com', 6, '2023-04-09 21:24:14', 1),
	(722, '103.189.201.9', 'ardianita06@gmail.com', 6, '2023-04-10 06:27:24', 1),
	(723, '103.189.201.9', 'hanifarafi7@gmail.com', NULL, '2023-04-10 06:29:00', 0),
	(724, '103.189.201.9', 'lindarahmawati011001@gmail.com', 7, '2023-04-10 06:29:14', 1),
	(725, '103.189.201.9', 'ardianita06@gmail.com', 6, '2023-04-10 08:04:06', 1),
	(726, '103.189.201.9', 'hanifarafi7@gmail.com', 3, '2023-04-10 09:20:52', 1),
	(727, '103.189.201.9', 'hanifarafi7@gmail.com', 3, '2023-04-10 09:20:58', 1),
	(728, '103.189.201.9', 'hanifarafi7@gmail.com', 3, '2023-04-10 09:20:59', 1),
	(729, '118.99.83.92', 'ardianita06@gmail.com', 6, '2023-04-10 12:11:47', 1),
	(730, '125.164.232.102', 'ardianita06@gmail.com', 6, '2023-04-10 13:14:32', 1),
	(731, '125.164.232.102', 'hanifarafi7@gmail.com', 3, '2023-04-10 13:24:19', 1),
	(732, '103.189.201.9', 'ardianita06@gmail.com', 6, '2023-04-10 14:48:37', 1),
	(733, '103.189.201.9', 'ardianita06@gmail.com', 6, '2023-04-10 14:48:39', 1),
	(734, '103.189.201.9', 'hanifarafi7@gmail.com', NULL, '2023-04-10 14:59:26', 0),
	(735, '103.189.201.9', 'ardianita06@gmail.com', 6, '2023-04-10 14:59:42', 1),
	(736, '112.78.133.154', 'ardianita06@gmail.com', 6, '2023-04-10 15:53:39', 1),
	(737, '112.78.133.154', 'ardianita06@gmail.com', 6, '2023-04-10 16:17:58', 1),
	(738, '103.189.201.9', 'ardianita06@gmail.com', 6, '2023-04-10 19:46:27', 1),
	(739, '103.189.201.9', 'ardianita06@gmail.com', 6, '2023-04-10 19:46:29', 1),
	(740, '103.189.201.9', 'ardianita06@gmail.com', 6, '2023-04-10 19:46:30', 1),
	(741, '103.174.113.15', 'ardianita06@gmail.com', 6, '2023-04-10 21:26:52', 1),
	(742, '103.189.201.9', 'ardianita06@gmail.com', NULL, '2023-04-10 21:32:56', 0),
	(743, '140.213.56.97', 'ardianita06@gmail.com', 6, '2023-04-10 21:40:20', 1),
	(744, '103.189.201.9', 'ardianita06@gmail.com', 6, '2023-04-10 21:49:57', 1),
	(745, '103.189.201.9', 'ardianita06@gmail.com', NULL, '2023-04-10 22:48:41', 0),
	(746, '103.189.201.9', 'hanfiarafi7@gmail.com', NULL, '2023-04-10 22:48:53', 0),
	(747, '103.189.201.9', 'hanfiarafi7@gmail.com', NULL, '2023-04-10 22:49:47', 0),
	(748, '103.189.201.9', 'hanifarafi7@gmail.com', 3, '2023-04-10 22:50:03', 1),
	(749, '125.164.235.240', 'ardianita06@gmail.com', 6, '2023-04-11 02:34:36', 1),
	(750, '103.189.201.9', 'ardianita06@gmail.com', 6, '2023-04-11 07:26:17', 1),
	(751, '103.189.201.9', 'lindarahmawati011001@gmail.com', 7, '2023-04-11 08:26:59', 1),
	(752, '103.189.201.9', 'ardianita06@gmail.com', 6, '2023-04-11 08:28:17', 1),
	(753, '103.189.201.9', 'lindarahmawati011001@gmail.com', 7, '2023-04-11 08:28:43', 1),
	(754, '112.215.240.231', 'ardianita06@gmail.com', 6, '2023-04-11 08:45:22', 1),
	(755, '112.215.240.231', 'lindarahmawati011001@gmail.com', 7, '2023-04-11 08:46:30', 1),
	(756, '103.189.201.9', 'hanifarafi7@gmail.com', 3, '2023-04-11 09:12:24', 1),
	(757, '103.189.201.9', 'hanifarafi7@gmail.com', 3, '2023-04-11 09:14:59', 1),
	(758, '103.189.201.9', 'hanifarafi7@gmail.com', 3, '2023-04-11 09:17:23', 1),
	(759, '103.189.201.9', 'hanifarafi7@gmail.com', 3, '2023-04-11 09:18:28', 1),
	(760, '103.189.201.9', 'ardianita06@gmail.com', 6, '2023-04-11 09:18:57', 1),
	(761, '103.189.201.9', 'lindarahmawati011001@gmail.com', 7, '2023-04-11 09:19:10', 1),
	(762, '103.189.201.9', 'hanifarafi7@gmail.com', 3, '2023-04-11 10:01:59', 1),
	(763, '103.189.201.9', 'lindarahmawati011001@gmail.com', 7, '2023-04-11 10:02:31', 1),
	(764, '103.189.201.9', 'hanifarafi7@gmail.com', 3, '2023-04-11 10:35:13', 1),
	(765, '112.215.240.231', 'lindarahmawati011001@gmail.com', 7, '2023-04-11 10:36:20', 1),
	(766, '103.189.201.9', 'hanifarafi7@gmail.com', 3, '2023-04-11 10:37:42', 1),
	(767, '103.189.201.9', 'lindarahmawati011001@gmail.com', 7, '2023-04-11 10:38:57', 1),
	(768, '103.189.201.9', 'hanifarafi7@gmail.com', 3, '2023-04-11 10:40:22', 1),
	(769, '103.189.201.9', 'ardianita06@gmail.com', 6, '2023-04-11 10:41:38', 1),
	(770, '103.189.201.9', 'lindarahmawati011001@gmail.com', 7, '2023-04-11 10:42:13', 1),
	(771, '103.189.201.9', 'ardianita06@gmail.com', 6, '2023-04-11 10:54:13', 1),
	(772, '103.174.113.15', 'ardianita06@gmail.com', 6, '2023-04-11 10:55:06', 1),
	(773, '103.189.201.9', 'hanifarafi7@gmail.com', 3, '2023-04-11 13:35:15', 1),
	(774, '103.189.201.9', 'lindarahmawati011001@gmail.com', 7, '2023-04-11 13:39:51', 1),
	(775, '103.189.201.9', 'ardianita06@gmail.com', 6, '2023-04-11 13:40:30', 1),
	(776, '103.189.201.9', 'ardianita06@gmail.com', 6, '2023-04-11 13:40:30', 1),
	(777, '103.189.201.9', 'hanifarafi7@gmail.com', 3, '2023-04-11 13:40:45', 1),
	(778, '103.189.201.9', 'hanifarafi7@gmail.com', 3, '2023-04-11 13:42:43', 1),
	(779, '103.189.201.9', 'lindarahmawati011001@gmail.com', 7, '2023-04-11 13:51:22', 1),
	(780, '103.189.201.9', 'muhammadhanifarafi@student.uns.ac.id', NULL, '2023-04-11 14:05:20', 0),
	(781, '103.189.201.9', 'muhammadhanifarafi@student.uns.ac.id', NULL, '2023-04-11 14:05:31', 0),
	(782, '103.189.201.9', 'hanifarafi7@gmail.com', 23, '2023-04-11 14:07:11', 1),
	(783, '103.189.201.9', 'ardianita06@gmail.com', 6, '2023-04-11 14:15:34', 1),
	(784, '103.189.201.9', 'hanifarafi7@gmail.com', 3, '2023-04-11 14:16:11', 1),
	(785, '103.189.201.9', 'muhammadhanifarafi@student.uns.ac.id', 23, '2023-04-11 14:19:09', 1),
	(786, '103.189.201.9', 'muhammadhanifarafi@gmail.com', NULL, '2023-04-11 14:32:08', 0),
	(787, '103.189.201.9', 'muhammadhanifarafi@gmail.com', 14, '2023-04-11 14:33:19', 1),
	(788, '103.189.201.9', 'muhammadhanifarafi@student.uns.ac.id', 23, '2023-04-11 14:33:54', 1),
	(789, '103.189.201.9', 'hanifarafi7@gmail.com', 3, '2023-04-11 14:34:40', 1),
	(790, '114.5.241.137', 'hanfiarafi7@gmail.com', NULL, '2023-04-11 17:24:46', 0),
	(791, '114.5.241.137', 'hanfiarafi7@gmail.com', NULL, '2023-04-11 17:24:48', 0),
	(792, '114.5.241.137', 'hanifarafi7@gmail.com', 3, '2023-04-11 17:25:45', 1),
	(793, '114.5.241.137', 'hanifarafi7@gmail.com', 3, '2023-04-11 17:25:46', 1),
	(794, '114.5.241.137', 'hanifarafi7@gmail.com', 3, '2023-04-11 17:25:47', 1),
	(795, '114.5.241.137', 'hanifarafi7@gmail.com', 3, '2023-04-11 17:25:49', 1),
	(796, '114.5.241.137', 'ardianita06@gmail.com', 6, '2023-04-11 18:19:51', 1),
	(797, '114.5.241.137', 'ardianita06@gmail.com', 6, '2023-04-11 18:19:53', 1),
	(798, '114.5.241.137', 'hanifarafi7@gmail.com', 3, '2023-04-11 18:21:09', 1),
	(799, '114.5.241.137', 'muhammadhanifarafi@student.uns.ac.id', 23, '2023-04-11 18:21:23', 1),
	(800, '114.5.241.137', 'hanifarafi7@gmail.com', 3, '2023-04-11 18:36:16', 1),
	(801, '114.5.241.137', 'muhammadhanifarafi@student.uns.ac.id', 23, '2023-04-11 18:36:30', 1),
	(802, '114.5.241.137', 'hanifarafi7@gmail.com', 3, '2023-04-11 19:11:51', 1),
	(803, '112.215.173.105', 'ardianita06@gmail.com', 6, '2023-04-11 22:35:07', 1),
	(804, '125.164.235.240', 'ardianita06@gmail.com', 6, '2023-04-12 02:04:30', 1),
	(805, '125.164.235.240', 'ardianita06@gmail.com', 6, '2023-04-12 04:14:29', 1),
	(806, '103.171.147.90', 'hanifarafi7@gmail.com', 3, '2023-04-12 15:01:03', 1),
	(807, '103.171.147.90', 'hanifarafi7@gmail.com', 3, '2023-04-12 15:01:04', 1),
	(808, '103.171.147.90', 'lindarahmawati011001@gmail.com', 7, '2023-04-12 15:04:23', 1),
	(809, '103.171.147.90', 'muhammadhanifarafi@student.uns.ac.id', 23, '2023-04-12 15:05:21', 1),
	(810, '140.213.40.146', 'ardianita06@gmail.com', 6, '2023-04-12 21:37:44', 1),
	(811, '112.78.133.154', 'ardianita06@gmail.com', 6, '2023-04-12 21:49:48', 1),
	(812, '103.160.184.12', 'ardianita06@gmail.com', 6, '2023-04-12 21:50:09', 1),
	(813, '103.160.184.12', 'ardianita06@gmail.com', 6, '2023-04-12 21:56:44', 1),
	(814, '103.160.184.12', 'ardianita06@gmail.com', 6, '2023-04-12 21:59:31', 1),
	(815, '103.160.184.12', 'ardianita06@gmail.com', 6, '2023-04-12 22:03:32', 1),
	(816, '112.78.133.154', 'ardianita06@gmail.com', NULL, '2023-04-12 22:04:54', 0),
	(817, '112.78.133.154', 'ardianita06@gmail.com', 6, '2023-04-12 22:05:01', 1),
	(818, '125.164.235.240', 'ardianita06@gmail.com', 6, '2023-04-12 22:06:12', 1),
	(819, '103.160.184.12', 'ardianita06@gmail.com', NULL, '2023-04-12 22:42:03', 0),
	(820, '103.160.184.12', 'ardianita06@gmail.com', 6, '2023-04-12 22:42:12', 1),
	(821, '112.78.133.154', 'ardianita06@gmail.com', 6, '2023-04-12 22:52:37', 1),
	(822, '140.213.40.146', 'Linda', NULL, '2023-04-12 23:47:20', 0),
	(823, '140.213.40.146', 'ardianita06@gmail.com', 6, '2023-04-12 23:47:42', 1),
	(824, '112.215.237.91', 'ardianita06@gmail.com', 6, '2023-04-13 00:26:47', 1),
	(825, '112.215.237.91', 'lindarahmawati011001@gmail.com', 7, '2023-04-13 00:30:44', 1),
	(826, '112.215.237.91', 'lindarahmawati011001@gmail.com', 7, '2023-04-13 02:06:28', 1),
	(827, '112.215.237.91', 'ardianita06@gmail.com', 6, '2023-04-13 02:43:33', 1),
	(828, '112.215.237.91', 'lindarahmawati011001@gmail.com', 7, '2023-04-13 03:04:46', 1),
	(829, '112.215.237.91', 'lindarahmawati011001@gmail.com', 7, '2023-04-13 05:42:53', 1),
	(830, '112.215.237.91', 'lindarahmawati011001@gmail.com', 7, '2023-04-13 06:46:06', 1),
	(831, '112.215.237.91', 'ardianita06@gmail.com', 6, '2023-04-13 07:04:25', 1),
	(832, '112.215.237.91', 'nita123', NULL, '2023-04-13 07:07:07', 0),
	(833, '112.215.237.91', 'nita123', NULL, '2023-04-13 07:07:20', 0),
	(834, '112.215.237.91', 'nita123', NULL, '2023-04-13 07:08:05', 0),
	(835, '112.215.237.91', 'nita123', NULL, '2023-04-13 07:08:39', 0),
	(836, '112.215.237.91', 'ardianitafzyh@gmail.com', 28, '2023-04-13 07:11:26', 1),
	(837, '112.215.237.91', 'lindarahmawati011001@gmail.com', 7, '2023-04-13 07:17:22', 1),
	(838, '103.171.147.90', 'hanifarafi7@gmail.com', 3, '2023-04-13 08:45:19', 1),
	(839, '103.171.147.90', 'hanifarafi7@gmail.com', 3, '2023-04-13 08:45:22', 1),
	(840, '103.171.147.90', 'hanifarafi7@gmail.com', 3, '2023-04-13 08:45:22', 1),
	(841, '103.171.147.90', 'ardianita06@gmail.com', 6, '2023-04-13 08:46:27', 1),
	(842, '103.171.147.90', 'muhammadhanifarafi@student.uns.ac.id', 23, '2023-04-13 08:49:38', 1),
	(843, '103.171.147.90', 'ardianita06@gmail.com', 6, '2023-04-13 08:55:42', 1),
	(844, '103.171.147.90', 'hanifarafi7@gmail.com', 3, '2023-04-13 09:23:48', 1),
	(845, '103.171.147.90', 'ardianita06@gmail.com', 6, '2023-04-13 09:27:42', 1),
	(846, '103.171.147.90', 'hanifarafi7@gmail.com', 3, '2023-04-13 10:21:14', 1),
	(847, '112.215.153.129', 'ardianita06@gmail.com', 6, '2023-04-13 10:27:31', 1),
	(848, '103.171.147.90', 'ardianita06@gmail.com', 6, '2023-04-13 10:45:29', 1),
	(849, '112.215.153.129', 'ardianita06@gmail.com', 6, '2023-04-13 10:51:51', 1),
	(850, '103.171.147.90', 'yeikoakbar@gmail.com', NULL, '2023-04-13 11:12:35', 0),
	(851, '103.171.147.90', 'muhammadhanifarafi@gmail.com', 29, '2023-04-13 11:14:14', 1),
	(852, '103.171.147.90', 'ardianita06@gmail.com', 6, '2023-04-13 11:14:59', 1),
	(853, '103.171.147.90', 'muhammadhanifarafi@student.uns.ac.id', 23, '2023-04-13 11:15:43', 1),
	(854, '103.171.147.90', 'muhammadhanifarafi@gmail.com', 29, '2023-04-13 11:20:01', 1),
	(855, '103.171.147.90', 'ardianita06@gmail.com', 6, '2023-04-13 11:22:19', 1),
	(856, '103.171.147.90', 'muhammadhanifarafi@student.uns.ac.id', 23, '2023-04-13 11:22:36', 1),
	(857, '103.171.147.90', 'hanifarafi7@gmail.com', 3, '2023-04-13 11:29:27', 1),
	(858, '103.171.147.90', 'hanifarafi7@gmail.com', 3, '2023-04-13 11:35:15', 1),
	(859, '103.171.147.90', 'hanifarafi7@gmail.com', 3, '2023-04-13 11:35:17', 1),
	(860, '103.171.147.66', 'ardianita06@gmail.com', NULL, '2023-04-13 14:05:01', 0),
	(861, '103.171.147.66', 'ardianita06@gmail.com', 6, '2023-04-13 14:05:14', 1),
	(862, '103.160.184.12', 'ardianita06@gmail.com', 6, '2023-04-13 15:08:33', 1),
	(863, '103.171.147.66', 'ardianita06@gmail.com', NULL, '2023-04-13 15:35:43', 0),
	(864, '103.171.147.66', 'ardianita06@gmail.com', 6, '2023-04-13 15:35:50', 1),
	(865, '103.171.147.66', 'hanifarafi7@gmail.com', 3, '2023-04-13 16:07:00', 1),
	(866, '103.171.147.66', 'hanifarafi7@gmail.com', 3, '2023-04-13 16:07:05', 1),
	(867, '103.171.147.66', 'hanifarafi7@gmail.com', 3, '2023-04-13 16:07:06', 1),
	(868, '103.171.147.66', 'hanifarafi7@gmail.com', 3, '2023-04-13 16:10:00', 1),
	(869, '103.171.147.66', 'ardianita06@gmail.com', 6, '2023-04-13 16:59:37', 1),
	(870, '125.164.235.240', 'ardianita06@gmail.com', 6, '2023-04-13 18:30:14', 1),
	(871, '140.213.48.244', 'ardianita06@gmail.com', 6, '2023-04-13 18:30:46', 1),
	(872, '103.160.184.12', 'ardianita06@gmail.com', 6, '2023-04-13 18:39:26', 1),
	(873, '103.171.147.66', 'ardianita06@gmail.com', 6, '2023-04-13 19:35:49', 1),
	(874, '103.171.147.66', 'ardianita06@gmail.com', 6, '2023-04-13 19:35:51', 1),
	(875, '103.171.147.66', 'ardianita06@gmail.com', 6, '2023-04-13 19:35:54', 1),
	(876, '103.171.147.66', 'ardianita06@gmail.com', 6, '2023-04-13 19:35:54', 1),
	(877, '103.171.147.66', 'ardianita06@gmail.com', 6, '2023-04-13 19:35:55', 1),
	(878, '103.171.147.66', 'ardianita06@gmail.com', 6, '2023-04-13 19:43:15', 1),
	(879, '125.164.235.240', 'ardianita06@gmail.com', 6, '2023-04-13 19:45:37', 1),
	(880, '103.160.184.12', 'ardianita06@gmail.com', 6, '2023-04-13 20:32:58', 1),
	(881, '103.171.147.66', 'ardianita06@gmail.com', 6, '2023-04-14 00:27:22', 1),
	(882, '103.171.147.66', 'ardianita06@gmail.com', 6, '2023-04-14 00:27:45', 1),
	(883, '103.171.147.90', 'ardianita06@gmail.com', 6, '2023-04-14 05:13:12', 1),
	(884, '103.171.147.90', 'ardianita06@gmail.com', 6, '2023-04-14 06:16:25', 1),
	(885, '103.171.147.90', 'lindarahmawati011001@gmail.com', 7, '2023-04-14 15:41:03', 1),
	(886, '103.171.147.90', 'ardianita06@gmail.com', 6, '2023-04-14 15:41:59', 1),
	(887, '112.78.133.154', 'ardianita06@gmail.com', 6, '2023-04-14 18:38:27', 1),
	(888, '103.171.147.90', 'ardianita06@gmail.com', 6, '2023-04-14 20:42:09', 1),
	(889, '103.171.147.90', 'ardianita06@gmail.com', 6, '2023-04-14 21:32:04', 1),
	(890, '112.78.133.154', 'ardianita06@gmail.com', 6, '2023-04-14 22:21:28', 1),
	(891, '103.171.147.97', 'ardianita06@gmail.com', 6, '2023-04-15 07:43:41', 1),
	(892, '103.171.147.97', 'ardianita06@gmail.com', 6, '2023-04-15 08:49:01', 1),
	(893, '103.171.147.97', 'ardianita06@gmail.com', 6, '2023-04-15 09:36:27', 1),
	(894, '103.171.147.97', 'lindarahmawati011001@gmail.com', 7, '2023-04-15 10:25:36', 1),
	(895, '103.171.147.97', 'muhammadhanifarafi@student.uns.ac.id', 23, '2023-04-15 10:26:43', 1),
	(896, '103.171.147.97', 'hanifarafi7@gmail.com', NULL, '2023-04-15 10:27:21', 0),
	(897, '103.171.147.97', 'hanifarafi7@gmail.com', 3, '2023-04-15 10:27:31', 1),
	(898, '114.5.105.189', 'ardianita06@gmail.com', 6, '2023-04-15 14:31:13', 1),
	(899, '140.213.48.253', 'nitt', NULL, '2023-04-15 21:52:44', 0),
	(900, '140.213.48.253', 'nitt', NULL, '2023-04-15 21:53:00', 0),
	(901, '140.213.48.253', 'ardianita06@gmail.com', 6, '2023-04-15 21:53:24', 1),
	(902, '140.213.48.253', 'ardianita06@gmail.com', 6, '2023-04-15 22:37:16', 1),
	(903, '103.160.184.12', 'ardianita06@gmail.com', 6, '2023-04-15 23:57:09', 1),
	(904, '103.160.184.12', 'lindarahmawati011001@gmail.com', 7, '2023-04-16 00:13:33', 1),
	(905, '103.160.184.12', 'ardianita06@gmail.com', 6, '2023-04-16 00:25:15', 1),
	(906, '103.171.147.116', 'ardianita06@gmail.com', 6, '2023-04-16 07:45:34', 1),
	(907, '103.171.147.116', 'ardianita06@gmail.com', 6, '2023-04-16 09:12:43', 1),
	(908, '103.171.147.116', 'ardianita06@gmail.com', 6, '2023-04-16 09:49:55', 1),
	(909, '103.171.147.116', 'ardianita06@gmail.com', 6, '2023-04-16 10:35:11', 1),
	(910, '140.213.58.192', 'ardianita06@gmail.com', 6, '2023-04-16 10:37:33', 1),
	(911, '103.171.147.116', 'ardianita06@gmail.com', 6, '2023-04-16 11:48:52', 1),
	(912, '103.160.184.12', 'lindarahmawati011001@gmail.com', 7, '2023-04-16 15:16:38', 1),
	(913, '103.171.147.68', 'muhammadhanifarafi@gmail.com', 29, '2023-04-16 15:33:04', 1),
	(914, '103.171.147.68', 'hanifarafi7@gmail.com', 3, '2023-04-16 15:34:14', 1),
	(915, '103.171.147.68', 'ardianita06@gmail.com', 6, '2023-04-16 16:01:01', 1),
	(916, '103.171.147.68', 'ardianita06@gmail.com', 6, '2023-04-16 16:05:37', 1),
	(917, '103.160.184.12', 'lindarahmawati011001@gmail.com', 7, '2023-04-16 16:07:44', 1),
	(918, '103.171.147.68', 'lindarahmawati011001@gmail.com', 7, '2023-04-16 16:17:14', 1),
	(919, '103.171.147.68', 'muhammadhanifarafi@student.uns.ac.id', 23, '2023-04-16 16:25:13', 1),
	(920, '103.171.147.68', 'muhammadhanifarafi@student.uns.ac.id', 23, '2023-04-16 16:31:57', 1),
	(921, '103.171.147.68', 'ardianita06@gmail.com', NULL, '2023-04-16 16:33:24', 0),
	(922, '103.171.147.68', 'ardianita06@gmail.com', 6, '2023-04-16 16:33:33', 1),
	(923, '101.128.109.252', 'ardianita06@gmail.com', 6, '2023-04-16 20:26:38', 1),
	(924, '101.128.109.252', 'ardianita06@gmail.com', 6, '2023-04-16 20:45:36', 1),
	(925, '112.215.237.192', 'ardianita06@gmail.com', 6, '2023-04-16 21:05:05', 1),
	(926, '112.215.237.192', 'ardianita06@gmail.com', 6, '2023-04-16 21:05:06', 1),
	(927, '112.215.237.192', 'nitt', NULL, '2023-04-16 22:06:34', 0),
	(928, '112.215.237.192', 'ardianita06@gmail.com', 6, '2023-04-16 22:06:46', 1),
	(929, '118.99.83.90', 'ardianita06@gmail.com', 6, '2023-04-17 18:01:34', 1),
	(930, '118.99.83.90', 'ardianita06@gmail.com', 6, '2023-04-17 18:05:50', 1),
	(931, '118.99.83.90', 'ardianita06@gmail.com', 6, '2023-04-17 18:05:53', 1),
	(932, '103.171.147.92', 'ardianita06@gmail.com', 6, '2023-04-17 19:35:50', 1),
	(933, '112.215.153.131', 'ardianita06@gmail.com', 6, '2023-04-17 22:11:51', 1),
	(934, '140.213.161.133', 'ardianitafzyh@gmail.com', 28, '2023-04-17 22:43:17', 1),
	(935, '140.213.161.133', 'ardianita06@gmail.com', 6, '2023-04-17 23:08:37', 1),
	(936, '182.253.217.234', 'ardianita06@gmail.com', 6, '2023-04-17 23:29:11', 1),
	(937, '182.253.217.234', 'ardianita06@gmail.com', 6, '2023-04-18 06:32:18', 1),
	(938, '140.213.175.166', 'ardianita06@gmail.com', 6, '2023-04-18 09:14:33', 1),
	(939, '140.213.175.166', 'ardianitafzyh@gmail.com', 28, '2023-04-18 09:18:30', 1),
	(940, '140.213.175.166', 'ardianitafzyh@gmail.com', 28, '2023-04-18 09:55:21', 1),
	(941, '118.99.83.95', 'ardianita06@gmail.com', 6, '2023-04-18 10:59:29', 1),
	(942, '182.253.217.234', 'ardianita06@gmail.com', 6, '2023-04-18 12:16:34', 1),
	(943, '182.253.217.234', 'ardianita06@gmail.com', 6, '2023-04-18 13:19:20', 1),
	(944, '182.253.217.234', 'hanifaja', NULL, '2023-04-18 13:55:41', 0),
	(945, '103.171.147.92', 'ardianita06@gmail.com', 6, '2023-04-18 14:27:18', 1),
	(946, '103.171.147.92', 'ardianita06@gmail.com', 6, '2023-04-18 14:39:40', 1),
	(947, '103.171.147.92', 'lindarahmawati011001@gmail.com', 7, '2023-04-18 14:47:33', 1),
	(948, '103.171.147.92', 'muhammadhanifarafi@student.uns.ac.id', 23, '2023-04-18 14:48:35', 1),
	(949, '103.171.147.92', 'ardianita06@gmail.com', 6, '2023-04-18 15:03:11', 1),
	(950, '103.171.147.92', 'ardianita06@gmail.com', 6, '2023-04-18 15:20:33', 1),
	(951, '103.171.147.92', 'hanifarafi7@gmail.com', 3, '2023-04-18 15:20:49', 1),
	(952, '103.171.147.92', 'ardianita06@gmail.com', 6, '2023-04-18 15:27:15', 1),
	(953, '103.171.147.92', 'muhammadhanifarafi@gmail.com', 29, '2023-04-18 15:31:44', 1),
	(954, '103.160.184.12', 'ardianita06@gmail.com', 6, '2023-04-18 15:37:26', 1),
	(955, '103.160.184.12', 'lindarahmawati011001@gmail.com', 7, '2023-04-18 15:46:56', 1),
	(956, '103.160.184.12', 'ardianita06@gmail.com', 6, '2023-04-18 16:00:00', 1),
	(957, '103.171.147.92', 'ardianita06@gmail.com', 6, '2023-04-18 16:00:16', 1),
	(958, '103.171.147.92', 'hanifarafi7@gmail.com', 3, '2023-04-18 16:02:57', 1),
	(959, '103.160.184.12', 'lindarahmawati011001@gmail.com', 7, '2023-04-18 16:13:47', 1),
	(960, '103.171.147.92', 'ardianita06@gmail.com', 6, '2023-04-18 16:13:52', 1),
	(961, '103.171.147.92', 'hanifarafi7@gmail.com', 3, '2023-04-18 16:14:05', 1),
	(962, '103.171.147.92', 'ardianita06@gmail.com', 6, '2023-04-18 16:17:54', 1),
	(963, '103.171.147.92', 'lindarahmawati011001@gmail.com', 7, '2023-04-18 16:18:45', 1),
	(964, '103.160.184.12', 'ardianita06@gmail.com', 6, '2023-04-18 16:42:27', 1),
	(965, '103.160.184.12', 'lindarahmawati011001@gmail.com', 7, '2023-04-18 16:43:10', 1),
	(966, '103.160.184.12', 'ardianita06@gmail.com', 6, '2023-04-18 17:09:08', 1),
	(967, '103.160.184.12', 'lindarahmawati011001@gmail.com', 7, '2023-04-18 17:11:55', 1),
	(968, '103.160.184.12', 'lindarahmawati011001@gmail.com', 7, '2023-04-19 12:38:45', 1),
	(969, '103.160.184.12', 'ardianita06@gmail.com', 6, '2023-04-19 14:35:02', 1),
	(970, '103.160.184.12', 'ardianita06@gmail.com', 6, '2023-04-19 15:21:51', 1),
	(971, '103.160.184.12', 'ardianita06@gmail.com', 6, '2023-04-19 19:48:56', 1),
	(972, '103.160.184.12', 'lindarahmawati011001@gmail.com', 7, '2023-04-19 20:45:57', 1),
	(973, '103.160.184.12', 'ardianita06@gmail.com', 6, '2023-04-19 20:46:59', 1),
	(974, '103.160.184.12', 'lindarahmawati011001@gmail.com', NULL, '2023-04-19 20:48:08', 0),
	(975, '103.160.184.12', 'lindarahmawati011001@gmail.com', 7, '2023-04-19 20:48:18', 1),
	(976, '103.160.184.12', 'ardianita06@gmail.com', 6, '2023-04-19 20:49:12', 1),
	(977, '103.160.184.12', 'ardianita06@gmail.com', 6, '2023-04-19 23:02:15', 1),
	(978, '103.160.184.12', 'lindarahmawati011001@gmail.com', 7, '2023-04-19 23:39:50', 1),
	(979, '140.213.169.81', 'ardianita06@gmail.com', 6, '2023-04-19 23:55:39', 1),
	(980, '140.213.169.81', 'ardianitafzyh@gmail.com', 28, '2023-04-20 00:06:51', 1),
	(981, '140.213.169.81', 'ardianita06@gmail.com', 6, '2023-04-20 01:06:43', 1),
	(982, '125.166.8.118', 'ardianita06@gmail.com', 6, '2023-04-20 16:37:02', 1),
	(983, '125.166.8.118', 'ardianita06@gmail.com', 6, '2023-04-20 16:49:30', 1),
	(984, '182.253.217.234', 'ardianita06@gmail.com', 6, '2023-04-20 23:08:12', 1),
	(985, '182.253.217.234', 'kreshna1', NULL, '2023-04-20 23:23:00', 0),
	(986, '182.253.217.234', 'kreshna1', NULL, '2023-04-20 23:23:31', 0),
	(987, '182.253.217.234', 'yeiko123', NULL, '2023-04-20 23:25:46', 0),
	(988, '182.253.217.234', 'muhammadhanifarafi@gmail.com', NULL, '2023-04-20 23:27:43', 0),
	(989, '182.253.217.234', 'ardianitafzyh@gmail.com', NULL, '2023-04-20 23:28:00', 0),
	(990, '182.253.217.234', 'fajri2002', NULL, '2023-04-20 23:28:18', 0),
	(991, '103.171.147.92', 'ardianita06@gmail.com', 6, '2023-04-23 05:18:02', 1),
	(992, '103.171.147.92', 'lindarahmawati011001@gmail.com', 7, '2023-04-23 05:19:46', 1),
	(993, '103.171.147.92', 'muhammadhanifarafi@student.uns.ac.id', 23, '2023-04-23 05:20:59', 1),
	(994, '103.171.147.92', 'lindarahmawati011001@gmail.com', 7, '2023-04-23 05:38:41', 1),
	(995, '103.171.147.92', 'muhammadhanifarafi@student.uns.ac.id', 23, '2023-04-23 05:39:41', 1),
	(996, '103.171.147.92', 'muhammadhanifarafi@student.uns.ac.id', 23, '2023-04-23 05:41:53', 1),
	(997, '103.171.147.92', 'lindarahmawati011001@gmail.com', 7, '2023-04-23 18:18:05', 1),
	(998, '103.171.147.92', 'lindarahmawati011001@gmail.com', 7, '2023-04-23 21:19:36', 1),
	(999, '182.253.217.234', 'ardianita06@gmail.com', 6, '2023-04-25 19:39:13', 1),
	(1000, '140.213.165.59', 'ardianita06@gmail.com', 6, '2023-04-25 21:18:36', 1),
	(1001, '140.213.169.87', 'ardianitafzyh@gmail.com', 28, '2023-04-25 22:13:25', 1),
	(1002, '140.213.40.195', 'ardianita06@gmail.com', 6, '2023-04-26 08:29:29', 1),
	(1003, '140.213.40.195', 'yeiko123', NULL, '2023-04-26 08:31:50', 0),
	(1004, '140.213.40.195', 'yeiko123', NULL, '2023-04-26 08:32:09', 0),
	(1005, '140.213.40.195', 'ardianita06@gmail.com', 6, '2023-04-26 08:32:17', 1),
	(1006, '140.213.40.195', 'ardianita06@gmail.com', 6, '2023-04-26 08:34:44', 1),
	(1007, '140.213.40.195', 'inez123', NULL, '2023-04-26 08:35:57', 0),
	(1008, '140.213.40.195', 'inez123', NULL, '2023-04-26 08:36:19', 0),
	(1009, '140.213.40.195', 'inez@gmail.com', NULL, '2023-04-26 08:38:39', 0),
	(1010, '140.213.40.195', 'kreshna1', NULL, '2023-04-26 08:39:16', 0),
	(1011, '140.213.40.195', 'nita123', NULL, '2023-04-26 08:40:17', 0),
	(1012, '140.213.40.195', 'ardianita06@gmail.com', 6, '2023-04-26 08:40:35', 1),
	(1013, '140.213.40.195', 'inez@gmail.com', NULL, '2023-04-26 08:45:24', 0),
	(1014, '140.213.40.195', 'ardianita06@gmail.com', 6, '2023-04-26 08:45:41', 1),
	(1015, '140.213.40.195', 'ardianita06@gmail.com', 6, '2023-04-26 09:25:45', 1),
	(1016, '140.213.40.195', 'ardianita06@gmail.com', 6, '2023-04-26 09:28:25', 1),
	(1017, '140.213.40.195', 'ardianitafzyh@gmail.com', 28, '2023-04-26 09:28:58', 1),
	(1018, '182.253.217.234', 'ardianita06@gmail.com', 6, '2023-04-26 13:36:03', 1),
	(1019, '118.99.83.89', 'ardianita06@gmail.com', 6, '2023-04-26 13:51:37', 1),
	(1020, '118.99.83.89', 'oktariniarossa@gmail.com', NULL, '2023-04-26 13:52:58', 0),
	(1021, '118.99.83.89', 'oktariniarossa@gmail.com', NULL, '2023-04-26 13:53:18', 0),
	(1022, '118.99.83.89', 'oktariniarossa@gmail.com', NULL, '2023-04-26 13:53:32', 0),
	(1023, '118.99.83.89', 'wibiatisekark@student.uns.ac.id', NULL, '2023-04-26 13:59:41', 0),
	(1024, '182.253.217.234', 'wibiatisekark@student.uns.ac.id', 34, '2023-04-26 14:01:50', 1),
	(1025, '118.99.83.89', 'wibiatisekark@student.uns.ac.id', 34, '2023-04-26 15:04:08', 1),
	(1026, '125.166.9.125', 'ardianita06@gmail.com', 6, '2023-04-26 20:43:39', 1),
	(1027, '125.166.9.125', 'ardianita06@gmail.com', 6, '2023-04-26 21:14:34', 1),
	(1028, '182.253.217.234', 'ardianita06@gmail.com', 6, '2023-04-26 21:32:15', 1),
	(1029, '112.215.172.62', 'ardianitafzyh@gmail.com', 28, '2023-04-26 22:18:30', 1),
	(1030, '112.215.172.62', 'ardianitafzyh@gmail.com', 28, '2023-04-26 22:36:42', 1),
	(1031, '112.215.172.62', 'ardianita06@gmail.com', 6, '2023-04-26 22:50:19', 1),
	(1032, '112.215.172.62', 'ardianitafzyh@gmail.com', 28, '2023-04-26 23:00:25', 1),
	(1033, '112.215.172.62', 'ardianita06@gmail.com', 6, '2023-04-26 23:34:48', 1),
	(1034, '125.166.9.125', 'ardianita06@gmail.com', 6, '2023-04-27 00:46:12', 1),
	(1035, '140.213.161.61', 'ardianita06@gmail.com', 6, '2023-04-27 02:48:37', 1),
	(1036, '140.213.171.33', 'ardianita06@gmail.com', 6, '2023-04-27 03:26:47', 1),
	(1037, '140.213.171.33', 'nita123', NULL, '2023-04-27 03:30:52', 0),
	(1038, '140.213.171.33', 'ardianitafzyh@gmail.com', 28, '2023-04-27 03:31:00', 1),
	(1039, '140.213.161.61', 'ardianita06@gmail.com', 6, '2023-04-27 10:03:06', 1),
	(1040, '125.166.9.125', 'ardianita06@gmail.com', 6, '2023-04-27 23:26:56', 1),
	(1041, '125.166.9.125', 'ardianita06@gmail.com', 6, '2023-04-27 23:58:55', 1),
	(1042, '125.166.9.125', 'ardianita06@gmail.com', 6, '2023-04-28 01:17:43', 1),
	(1043, '103.132.230.93', 'ardianita06@gmail.com', 6, '2023-04-28 09:48:52', 1),
	(1044, '103.171.147.68', 'hanifarafi7@gmail.com', NULL, '2023-04-28 10:40:46', 0),
	(1045, '103.171.147.68', 'hanifarafi7@gmail.com', NULL, '2023-04-28 10:40:48', 0),
	(1046, '103.171.147.68', 'hanifarafi7@gmail.com', 3, '2023-04-28 10:42:36', 1),
	(1047, '103.171.147.68', 'hanifarafi7@gmail.com', 3, '2023-04-28 10:42:37', 1),
	(1048, '125.166.9.125', 'ardianita06@gmail.com', 6, '2023-04-28 12:52:55', 1),
	(1049, '125.166.9.125', 'ardianita06@gmail.com', 6, '2023-04-28 12:52:56', 1),
	(1050, '103.174.113.4', 'ardianita06@gmail.com', 6, '2023-04-28 13:35:12', 1),
	(1051, '103.171.147.68', 'hanifarafi7@gmail.com', 3, '2023-04-28 13:38:45', 1),
	(1052, '103.171.147.68', 'hanifarafi7@gmail.com', 3, '2023-04-28 13:38:47', 1),
	(1053, '103.171.147.68', 'hanifarafi7@gmail.com', 3, '2023-04-28 13:38:48', 1),
	(1054, '103.171.147.68', 'hanifarafi7@gmail.com', 3, '2023-04-28 13:38:49', 1),
	(1055, '103.171.147.68', 'hanifarafi7@gmail.com', 3, '2023-04-28 13:38:50', 1),
	(1056, '103.171.147.68', 'hanifarafi7@gmail.com', 3, '2023-04-28 13:38:50', 1),
	(1057, '103.171.147.68', 'hanifarafi7@gmail.com', 3, '2023-04-28 13:38:51', 1),
	(1058, '103.171.147.68', 'hanifarafi7@gmail.com', 3, '2023-04-28 13:38:52', 1),
	(1059, '103.171.147.68', 'hanifarafi7@gmail.com', 3, '2023-04-28 13:38:53', 1),
	(1060, '103.174.113.4', 'lindarahmawati011001@gmail.com', 7, '2023-04-28 13:54:45', 1),
	(1061, '103.171.147.68', 'hanifarafi7@gmail.com', NULL, '2023-04-28 14:22:04', 0),
	(1062, '103.171.147.68', 'hanifarafi7@gmail.com', NULL, '2023-04-28 14:22:05', 0),
	(1063, '103.171.147.68', 'hanifarafi7@gmail.com', 3, '2023-04-28 14:22:27', 1),
	(1064, '103.171.147.68', 'muhammadhanifarafi@gmail.com', 29, '2023-04-28 14:25:22', 1),
	(1065, '103.171.147.68', 'ardianita06@gmail.com', NULL, '2023-04-28 14:27:02', 0),
	(1066, '103.171.147.68', 'ardianita06@gmail.com', 6, '2023-04-28 14:27:17', 1),
	(1067, '103.171.147.68', 'ardianita06@gmail.com', 6, '2023-04-28 14:27:22', 1),
	(1068, '103.171.147.68', 'ardianita06@gmail.com', 6, '2023-04-28 14:27:24', 1),
	(1069, '103.171.147.68', 'ardianita06@gmail.com', 6, '2023-04-28 14:27:25', 1),
	(1070, '103.171.147.68', 'ardianita06@gmail.com', 6, '2023-04-28 14:27:25', 1),
	(1071, '103.171.147.68', 'ardianita06@gmail.com', 6, '2023-04-28 14:27:26', 1),
	(1072, '103.171.147.68', 'ardianita06@gmail.com', 6, '2023-04-28 14:27:27', 1),
	(1073, '103.171.147.68', 'ardianita06@gmail.com', 6, '2023-04-28 14:27:28', 1),
	(1074, '103.171.147.68', 'ardianita06@gmail.com', 6, '2023-04-28 14:27:28', 1),
	(1075, '103.171.147.68', 'ardianita06@gmail.com', 6, '2023-04-28 14:27:29', 1),
	(1076, '140.213.165.44', 'ardianitafzyh@gmail.com', 28, '2023-04-28 14:30:12', 1),
	(1077, '140.213.165.44', 'ardianitafzyh@gmail.com', 28, '2023-04-28 14:34:42', 1),
	(1078, '103.171.147.68', 'ardianita06@gmail.com', 6, '2023-04-28 14:35:20', 1),
	(1079, '103.174.113.4', 'lindarahmawati011001@gmail.com', 7, '2023-04-28 14:37:16', 1),
	(1080, '125.166.9.125', 'ardianita06@gmail.com', 6, '2023-04-28 15:00:10', 1),
	(1081, '182.253.217.234', 'ardianita06@gmail.com', 6, '2023-04-28 19:47:11', 1),
	(1082, '125.166.9.125', 'ardianita06@gmail.com', NULL, '2023-04-28 19:54:48', 0),
	(1083, '125.166.9.125', 'ardianita06@gmail.com', 6, '2023-04-28 19:54:59', 1),
	(1084, '118.99.83.90', 'wibiatisekark@student.uns.ac.id', 34, '2023-04-28 19:55:48', 1),
	(1085, '118.99.83.90', 'ardianita06@gmail.com', 6, '2023-04-28 20:38:32', 1),
	(1086, '125.166.9.125', 'ardianita06@gmail.com', 6, '2023-04-28 20:49:26', 1),
	(1087, '182.253.217.234', 'wibiatisekark@student.uns.ac.id', 34, '2023-04-28 20:59:52', 1),
	(1088, '182.253.217.234', 'ardianita06@gmail.com', 6, '2023-04-28 21:42:57', 1),
	(1089, '182.253.217.234', 'wibiatisekark@student.uns.ac.id', 34, '2023-04-28 21:53:00', 1),
	(1090, '182.253.217.234', 'ardianita06@gmail.com', 6, '2023-04-28 22:31:54', 1),
	(1091, '103.171.147.92', 'ardianita06@gmail.com', NULL, '2023-04-29 06:46:33', 0),
	(1092, '103.171.147.92', 'ardianita06@gmail.com', NULL, '2023-04-29 06:46:37', 0),
	(1093, '103.171.147.92', 'ardianita06@gmail.com', 6, '2023-04-29 06:46:52', 1),
	(1094, '103.171.147.92', 'muhammadhanifarafi@gmail.com', 29, '2023-04-29 07:18:22', 1),
	(1095, '103.171.147.92', 'muhammadhanifarafi@gmail.com', 29, '2023-04-29 07:18:24', 1),
	(1096, '103.171.147.92', 'muhammadhanifarafi@gmail.com', 29, '2023-04-29 07:18:27', 1),
	(1097, '103.171.147.92', 'ardianita06@gmail.com', 6, '2023-04-29 08:03:53', 1),
	(1098, '103.171.147.92', 'hanifarafi7@gmail.com', 3, '2023-04-29 08:04:07', 1),
	(1099, '103.171.147.92', 'muhammadhanifarafi@gmail.com', 29, '2023-04-29 08:04:18', 1),
	(1100, '103.171.147.92', 'lindarahmawati011001@gmail.com', 7, '2023-04-29 08:05:01', 1),
	(1101, '103.171.147.92', 'lindarahmawati011001@gmail.com', 7, '2023-04-29 08:05:13', 1),
	(1102, '103.171.147.92', 'lindarahmawati011001@gmail.com', 7, '2023-04-29 08:05:17', 1),
	(1103, '103.171.147.92', 'lindarahmawati011001@gmail.com', 7, '2023-04-29 08:05:19', 1),
	(1104, '103.171.147.92', 'lindarahmawati011001@gmail.com', 7, '2023-04-29 08:05:23', 1),
	(1105, '103.171.147.92', 'lindarahmawati011001@gmail.com', 7, '2023-04-29 08:06:09', 1),
	(1106, '103.171.147.92', 'lindarahmawati011001@gmail.com', 7, '2023-04-29 08:06:09', 1),
	(1107, '103.171.147.92', 'lindarahmawati011001@gmail.com', 7, '2023-04-29 08:06:10', 1),
	(1108, '103.171.147.92', 'lindarahmawati011001@gmail.com', 7, '2023-04-29 08:06:17', 1),
	(1109, '103.171.147.92', 'lindarahmawati011001@gmail.com', 7, '2023-04-29 08:06:39', 1),
	(1110, '103.171.147.92', 'muhammadhanifarafi@gmail.com', 29, '2023-04-29 10:12:30', 1),
	(1111, '103.171.147.92', 'muhammadhanifarafi@gmail.com', 29, '2023-04-29 10:12:33', 1),
	(1112, '103.171.147.92', 'muhammadhanifarafi@gmail.com', 29, '2023-04-29 10:12:34', 1),
	(1113, '103.171.147.92', 'muhammadhanifarafi@gmail.com', 29, '2023-04-29 10:12:37', 1),
	(1114, '103.171.147.92', 'muhammadhanifarafi@gmail.com', 29, '2023-04-29 10:12:38', 1),
	(1115, '103.171.147.92', 'muhammadhanifarafi@student.uns.ac.id', 23, '2023-04-29 10:13:31', 1),
	(1116, '103.171.147.92', 'muhammadhanifarafi@student.uns.ac.id', 23, '2023-04-29 10:13:33', 1),
	(1117, '103.171.147.92', 'muhammadhanifarafi@gmail.com', 29, '2023-04-29 10:19:52', 1),
	(1118, '103.171.147.92', 'muhammadhanifarafi@gmail.com', 29, '2023-04-29 10:24:39', 1),
	(1119, '103.171.147.92', 'muhammadhanifarafi@gmail.com', 29, '2023-04-29 10:24:42', 1),
	(1120, '103.171.147.92', 'muhammadhanifarafi@gmail.com', 29, '2023-04-29 10:25:58', 1),
	(1121, '103.171.147.92', 'muhammadhanifarafi@gmail.com', 29, '2023-04-29 10:27:02', 1),
	(1122, '103.171.147.92', 'muhammadhanifarafi@gmail.com', 29, '2023-04-29 10:28:31', 1),
	(1123, '103.171.147.92', 'muhammadhanifarafi@gmail.com', 29, '2023-04-29 10:43:00', 1),
	(1124, '103.171.147.92', 'muhammadhanifarafi@gmail.com', 29, '2023-04-29 10:43:24', 1),
	(1125, '103.171.147.92', 'muhammadhanifarafi@student.uns.ac.id', 23, '2023-04-29 10:44:02', 1),
	(1126, '103.171.147.92', 'ardianita06@gmail.com', 6, '2023-04-29 13:30:43', 1),
	(1127, '103.171.147.92', 'ardianita06@gmail.com', 6, '2023-04-29 13:30:46', 1),
	(1128, '103.174.113.4', 'lindarahmawati011001@gmail.com', 7, '2023-04-29 18:38:48', 1),
	(1129, '140.213.165.102', 'muhammadhanifarafi@gmail.com', 29, '2023-04-29 22:17:36', 1),
	(1130, '103.174.113.4', 'lindarahmawati011001@gmail.com', 7, '2023-04-29 23:33:21', 1),
	(1131, '112.215.154.7', 'ardianita06@gmail.com', NULL, '2023-04-29 23:52:11', 0),
	(1132, '112.215.154.7', 'ardianita06@gmail.com', NULL, '2023-04-29 23:52:14', 0),
	(1133, '112.215.154.7', 'ardianita06@gmail.com', NULL, '2023-04-29 23:52:45', 0),
	(1134, '112.215.154.7', 'ardianita06@gmail.com', NULL, '2023-04-29 23:54:42', 0),
	(1135, '140.213.171.221', 'ardianitafzyh@gmail.com', 28, '2023-04-30 06:03:43', 1),
	(1136, '140.213.171.221', 'muhammadhanifarafi@gmail.com', 29, '2023-04-30 06:04:00', 1),
	(1137, '140.213.171.221', 'ardianita06@gmail.com', 6, '2023-04-30 07:09:59', 1),
	(1138, '140.213.161.4', 'ardianitafzyh@gmail.com', 28, '2023-04-30 07:36:47', 1),
	(1139, '140.213.171.221', 'ardianita06@gmail.com', 6, '2023-04-30 07:57:22', 1),
	(1140, '140.213.161.4', 'muhammadhanifarafi@gmail.com', 29, '2023-04-30 08:13:07', 1),
	(1141, '114.5.247.171', 'ardianita06@gmail.com', 6, '2023-04-30 08:55:18', 1),
	(1142, '112.215.244.154', 'ardianita06@gmail.com', 6, '2023-04-30 09:32:14', 1),
	(1143, '112.215.244.154', 'ardianita06@gmail.com', 6, '2023-04-30 10:10:15', 1),
	(1144, '114.5.247.171', 'ardianita06@gmail.com', 6, '2023-04-30 12:19:10', 1),
	(1145, '103.174.113.4', 'wibiatisekark@student.uns.ac.id', 34, '2023-04-30 13:30:35', 1),
	(1146, '103.174.113.4', 'ardianita06@gmail.com', 6, '2023-04-30 13:40:39', 1),
	(1147, '103.174.113.4', 'lindarahmawati011001@gmail.com', 7, '2023-04-30 14:18:14', 1),
	(1148, '114.5.247.171', 'ardianita06@gmail.com', 6, '2023-04-30 14:26:29', 1),
	(1149, '103.174.113.4', 'wibiatisekark@student.uns.ac.id', 34, '2023-04-30 14:58:29', 1),
	(1150, '103.174.113.4', 'ardianita06@gmail.com', 6, '2023-04-30 15:40:47', 1),
	(1151, '103.174.113.4', 'lindarahmawati011001@gmail.com', 7, '2023-04-30 15:48:45', 1),
	(1152, '103.174.113.4', 'ardianita06@gmail.com', 6, '2023-04-30 15:50:15', 1),
	(1153, '103.174.113.4', 'lindarahmawati011001@gmail.com', 7, '2023-04-30 16:24:04', 1),
	(1154, '103.174.113.4', 'ardianita06@gmail.com', 6, '2023-04-30 16:24:47', 1),
	(1155, '103.174.113.4', 'lindarahmawati011001@gmail.com', 7, '2023-04-30 16:27:26', 1),
	(1156, '103.171.147.116', 'ardianita06@gmail.com', 6, '2023-04-30 19:45:11', 1),
	(1157, '103.171.147.116', 'lindarahmawati011001@gmail.com', 7, '2023-04-30 19:45:38', 1),
	(1158, '103.171.147.116', 'lindarahmawati011001@gmail.com', 7, '2023-04-30 19:45:49', 1),
	(1159, '103.171.147.116', 'lindarahmawati011001@gmail.com', 7, '2023-04-30 19:45:58', 1),
	(1160, '103.171.147.116', 'lindarahmawati011001@gmail.com', 7, '2023-04-30 19:45:59', 1),
	(1161, '103.171.147.116', 'lindarahmawati011001@gmail.com', 7, '2023-04-30 19:46:01', 1),
	(1162, '103.171.147.116', 'lindarahmawati011001@gmail.com', 7, '2023-04-30 19:46:03', 1),
	(1163, '103.171.147.116', 'lindarahmawati011001@gmail.com', 7, '2023-04-30 19:46:03', 1),
	(1164, '103.171.147.116', 'lindarahmawati011001@gmail.com', 7, '2023-04-30 19:46:13', 1),
	(1165, '103.171.147.116', 'lindarahmawati011001@gmail.com', 7, '2023-04-30 19:46:13', 1),
	(1166, '103.171.147.116', 'lindarahmawati011001@gmail.com', 7, '2023-04-30 19:46:15', 1),
	(1167, '103.171.147.116', 'lindarahmawati011001@gmail.com', 7, '2023-04-30 19:46:17', 1),
	(1168, '103.171.147.116', 'lindarahmawati011001@gmail.com', 7, '2023-04-30 19:46:17', 1),
	(1169, '103.171.147.116', 'lindarahmawati011001@gmail.com', 7, '2023-04-30 19:46:23', 1),
	(1170, '103.171.147.116', 'lindarahmawati011001@gmail.com', 7, '2023-04-30 19:46:33', 1),
	(1171, '103.171.147.116', 'muhammadhanifarafi@student.uns.ac.id', 23, '2023-04-30 19:47:33', 1),
	(1172, '103.160.184.4', 'ardianita06@gmail.com', 6, '2023-04-30 20:22:19', 1),
	(1173, '103.171.147.116', 'lindarahmawati011001@gmail.com', 7, '2023-04-30 20:28:35', 1),
	(1174, '103.171.147.116', 'ardianita06@gmail.com', 6, '2023-04-30 20:30:05', 1),
	(1175, '103.171.147.116', 'ardianita06@gmail.com', 6, '2023-04-30 20:30:22', 1),
	(1176, '103.171.147.116', 'ardianita06@gmail.com', 6, '2023-04-30 20:30:22', 1),
	(1177, '103.171.147.116', 'ardianita06@gmail.com', 6, '2023-04-30 20:30:26', 1),
	(1178, '103.171.147.116', 'ardianita06@gmail.com', 6, '2023-04-30 20:30:26', 1),
	(1179, '103.171.147.116', 'ardianita06@gmail.com', 6, '2023-04-30 20:30:28', 1),
	(1180, '103.171.147.116', 'ardianita06@gmail.com', 6, '2023-04-30 20:30:28', 1),
	(1181, '103.171.147.116', 'ardianita06@gmail.com', 6, '2023-04-30 20:30:29', 1),
	(1182, '103.171.147.116', 'ardianita06@gmail.com', 6, '2023-04-30 20:30:34', 1),
	(1183, '103.171.147.116', 'ardianita06@gmail.com', 6, '2023-04-30 20:30:40', 1),
	(1184, '103.171.147.116', 'ardianita06@gmail.com', 6, '2023-04-30 20:30:42', 1),
	(1185, '103.171.147.116', 'ardianita06@gmail.com', 6, '2023-04-30 20:30:44', 1),
	(1186, '103.160.184.4', 'ardianita06@gmail.com', 6, '2023-04-30 21:13:57', 1),
	(1187, '103.171.147.116', 'ardianita06@gmail.com', 6, '2023-04-30 21:21:10', 1),
	(1188, '118.99.83.88', 'ardianita06@gmail.com', 6, '2023-04-30 21:32:59', 1),
	(1189, '103.160.184.4', 'ardianita06@gmail.com', 6, '2023-04-30 22:15:10', 1),
	(1190, '103.160.184.4', 'lindarahmawati011001@gmail.com', 7, '2023-04-30 22:45:33', 1),
	(1191, '140.213.169.68', 'muhammadhanifarafi@gmail.com', 29, '2023-05-01 05:39:52', 1),
	(1192, '140.213.167.121', 'ardianita06@gmail.com', 6, '2023-05-01 05:40:01', 1),
	(1193, '140.213.167.121', 'ardianitafzyh@gmail.com', 28, '2023-05-01 05:40:12', 1),
	(1194, '140.213.169.68', 'ardianita06@gmail.com', 6, '2023-05-01 06:40:21', 1),
	(1195, '140.213.169.68', 'yeiko123', NULL, '2023-05-01 07:18:47', 0),
	(1196, '140.213.169.68', 'muhammadhanifarafi@gmail.com', 29, '2023-05-01 07:18:58', 1),
	(1197, '140.213.42.194', 'nitt', NULL, '2023-05-01 07:38:41', 0),
	(1198, '140.213.42.194', 'ardianita06@gmail.com', 6, '2023-05-01 07:38:55', 1),
	(1199, '140.213.167.121', 'ardianita06@gmail.com', 6, '2023-05-01 08:15:18', 1),
	(1200, '140.213.169.68', 'ardianita06@gmail.com', 6, '2023-05-01 08:34:29', 1),
	(1201, '140.213.167.121', 'ardianita06@gmail.com', 6, '2023-05-01 08:37:01', 1),
	(1202, '140.213.169.68', 'muhammadhanifarafi@gmail.com', 29, '2023-05-01 08:45:39', 1),
	(1203, '140.213.167.121', 'ardianitafzyh@gmail.com', 28, '2023-05-01 08:52:44', 1),
	(1204, '140.213.42.194', 'ardianita06@gmail.com', 6, '2023-05-01 09:40:32', 1),
	(1205, '203.190.44.173', 'ardianita06@gmail.com', 6, '2023-05-01 11:00:00', 1),
	(1206, '140.213.42.194', 'ardianita06@gmail.com', 6, '2023-05-01 11:27:13', 1),
	(1207, '203.190.44.173', 'ardianita06@gmail.com', 6, '2023-05-01 13:12:17', 1),
	(1208, '103.171.147.92', 'ardianita06@gmail.com', 6, '2023-05-01 13:13:03', 1),
	(1209, '118.99.83.88', 'ardianita06@gmail.com', 6, '2023-05-01 13:44:13', 1),
	(1210, '103.160.184.4', 'ardianita06@gmail.com', 6, '2023-05-01 14:02:49', 1),
	(1211, '103.160.184.4', 'lindarahmawati011001@gmail.com', 7, '2023-05-01 14:03:09', 1),
	(1212, '103.160.184.4', 'ardianita06@gmail.com', 6, '2023-05-01 14:04:13', 1),
	(1213, '182.253.217.234', 'muhammadhanifarafi@gmail.com', 29, '2023-05-01 14:12:15', 1),
	(1214, '182.253.217.234', 'ardianita06@gmail.com', 6, '2023-05-01 14:35:29', 1),
	(1215, '182.253.217.234', 'ardianita06@gmail.com', 6, '2023-05-01 19:12:29', 1),
	(1216, '103.160.184.4', 'ardianita06@gmail.com', 6, '2023-05-01 19:37:03', 1),
	(1217, '182.253.217.234', 'wibiatisekark@student.uns.ac.id', 34, '2023-05-01 19:47:07', 1),
	(1218, '103.160.184.4', 'ardianita06@gmail.com', 6, '2023-05-01 20:28:14', 1),
	(1219, '140.213.59.53', 'ardianita06@gmail.com', 6, '2023-05-01 22:06:37', 1),
	(1220, '140.213.59.53', 'ardianita06@gmail.com', 6, '2023-05-01 23:16:18', 1),
	(1221, '140.213.59.53', 'ardianita06@gmail.com', 6, '2023-05-01 23:16:24', 1),
	(1222, '103.171.147.116', 'ardianita06@gmail.com', 6, '2023-05-02 08:24:01', 1),
	(1223, '103.171.147.116', 'lindarahmawati011001@gmail.com', 7, '2023-05-02 09:26:27', 1),
	(1224, '103.171.147.116', 'lindarahmawati011001@gmail.com', 7, '2023-05-02 09:26:29', 1),
	(1225, '103.171.147.116', 'lindarahmawati011001@gmail.com', 7, '2023-05-02 09:26:32', 1),
	(1226, '103.171.147.116', 'lindarahmawati011001@gmail.com', 7, '2023-05-02 09:26:32', 1),
	(1227, '103.171.147.116', 'lindarahmawati011001@gmail.com', 7, '2023-05-02 09:26:36', 1),
	(1228, '103.171.147.116', 'ardianita06@gmail.com', 6, '2023-05-02 09:30:02', 1),
	(1229, '103.171.147.116', 'ardianita06@gmail.com', 6, '2023-05-02 10:56:13', 1),
	(1230, '103.171.147.116', 'ardianita06@gmail.com', 6, '2023-05-02 12:04:36', 1),
	(1231, '103.171.147.116', 'lindarahmawati011001@gmail.com', NULL, '2023-05-02 12:44:22', 0),
	(1232, '103.171.147.116', 'lindarahmawati011001@gmail.com', 7, '2023-05-02 12:44:31', 1),
	(1233, '103.171.147.116', 'muhammadhanifarafi@student.uns.ac.id', 23, '2023-05-02 12:50:32', 1),
	(1234, '103.171.147.116', 'lindarahmawati011001@gmail.com', 7, '2023-05-02 12:52:06', 1),
	(1235, '103.171.147.116', 'ardianita06@gmail.com', 6, '2023-05-02 12:58:26', 1),
	(1236, '104.28.247.132', 'wibiatisekark@student.uns.ac.id', 34, '2023-05-02 13:02:52', 1),
	(1237, '103.171.147.116', 'ardianita06@gmail.com', 6, '2023-05-02 13:03:18', 1),
	(1238, '103.171.147.116', 'ardianita06@gmail.com', 6, '2023-05-02 13:30:20', 1),
	(1239, '103.171.147.116', 'muhammadhanifarafi@student.uns.ac.id', 23, '2023-05-02 13:33:47', 1),
	(1240, '114.10.29.122', 'hanfiarafi7@gmail.com', NULL, '2023-05-02 15:55:43', 0),
	(1241, '114.10.29.122', 'hanfiarafi7@gmail.com', NULL, '2023-05-02 15:55:45', 0),
	(1242, '114.10.29.122', 'muhammadhanifarafi@student.uns.ac.id', 23, '2023-05-02 15:56:29', 1),
	(1243, '103.31.240.4', 'ardianita06@gmail.com', 6, '2023-05-02 18:13:15', 1),
	(1244, '125.164.232.6', 'ardianita06@gmail.com', 6, '2023-05-02 19:31:06', 1),
	(1245, '182.253.217.234', 'ardianita06@gmail.com', 6, '2023-05-02 19:43:33', 1),
	(1246, '182.253.217.234', 'wibiatisekark@student.uns.ac.id', 34, '2023-05-02 19:45:54', 1),
	(1247, '114.10.29.122', 'ardianita06@gmail.com', 6, '2023-05-02 19:59:07', 1),
	(1248, '114.10.29.122', 'ardianita06@gmail.com', 6, '2023-05-02 19:59:09', 1),
	(1249, '103.31.240.4', 'ardianita06@gmail.com', 6, '2023-05-02 20:05:30', 1),
	(1250, '103.31.240.4', 'ardianita06@gmail.com', 6, '2023-05-02 21:19:26', 1),
	(1251, '125.164.232.6', 'ardianita06@gmail.com', 6, '2023-05-02 21:39:45', 1),
	(1252, '103.31.240.4', 'ardianita06@gmail.com', 6, '2023-05-02 22:41:02', 1),
	(1253, '125.164.232.6', 'ardianita06@gmail.com', 6, '2023-05-02 23:29:01', 1),
	(1254, '125.164.232.6', 'ardianita06@gmail.com', 6, '2023-05-02 23:44:21', 1),
	(1255, '125.164.232.6', 'ardianita06@gmail.com', 6, '2023-05-02 23:47:43', 1),
	(1256, '103.171.147.68', 'lindarahmawati011001@gmail.com', 7, '2023-05-03 06:35:25', 1),
	(1257, '103.171.147.68', 'ardianita06@gmail.com', 6, '2023-05-03 09:12:51', 1),
	(1258, '103.171.147.68', 'ardianita06@gmail.com', 6, '2023-05-03 09:59:02', 1),
	(1259, '202.67.40.196', 'ardianita06@gmail.com', 6, '2023-05-03 11:44:11', 1),
	(1260, '103.31.240.4', 'ardianita06@gmail.com', 6, '2023-05-03 14:25:34', 1),
	(1261, '103.31.240.4', 'ardianita06@gmail.com', 6, '2023-05-03 15:21:13', 1),
	(1262, '140.213.171.47', 'ardianitafzyh@gmail.com', 28, '2023-05-03 15:55:09', 1),
	(1263, '140.213.171.47', 'ardianita06@gmail.com', 6, '2023-05-03 15:55:19', 1),
	(1264, '140.213.165.248', 'muhammadhanifarafi@gmail.com', 29, '2023-05-03 15:55:36', 1),
	(1265, '140.213.165.248', 'lindarahmawati011001@gmail.com', 7, '2023-05-03 16:03:27', 1),
	(1266, '140.213.165.248', 'nitt', NULL, '2023-05-03 16:04:44', 0),
	(1267, '140.213.165.248', 'ardianita06@gmail.com', 6, '2023-05-03 16:14:52', 1),
	(1268, '140.213.165.248', 'lindarahmawati011001@gmail.com', 7, '2023-05-03 16:52:32', 1),
	(1269, '140.213.171.47', 'ardianitafzyh@gmail.com', 28, '2023-05-03 16:59:41', 1),
	(1270, '182.253.217.234', 'wibiatisekark@student.uns.ac.id', 34, '2023-05-03 19:39:16', 1),
	(1271, '118.99.83.88', 'ardianita06@gmail.com', 6, '2023-05-03 19:40:08', 1),
	(1272, '182.253.217.234', 'ardianita06@gmail.com', 6, '2023-05-03 20:44:13', 1),
	(1273, '203.78.117.187', 'ardianita06@gmail.com', 6, '2023-05-03 21:49:44', 1),
	(1274, '103.171.147.79', 'hanifarafi7@gmail.com', 3, '2023-05-03 21:55:22', 1),
	(1275, '140.213.169.16', 'ardianita06@gmail.com', 6, '2023-05-04 05:17:44', 1),
	(1276, '140.213.169.16', 'ardianitafzyh@gmail.com', 28, '2023-05-04 05:53:54', 1),
	(1277, '112.215.153.149', 'ardianita06@gmail.com', 6, '2023-05-04 09:16:15', 1),
	(1278, '112.215.153.149', 'ardianita06@gmail.com', 6, '2023-05-04 09:48:27', 1),
	(1279, '112.215.153.149', 'ardianitafzyh@gmail.com', 28, '2023-05-04 11:13:46', 1),
	(1280, '140.213.169.115', 'ardianitafzyh@gmail.com', 28, '2023-05-04 14:21:37', 1),
	(1281, '140.213.163.169', 'ardianita06@gmail.com', 6, '2023-05-04 14:42:31', 1),
	(1282, '140.213.169.115', 'muhammadhanifarafi@gmail.com', 29, '2023-05-04 15:08:35', 1),
	(1283, '103.31.240.4', 'ardianita06@gmail.com', 6, '2023-05-04 15:28:41', 1),
	(1284, '103.31.240.4', 'ardianita06@gmail.com', 6, '2023-05-04 16:06:23', 1),
	(1285, '140.213.169.115', 'muhammadhanifarafi@gmail.com', 29, '2023-05-04 16:10:40', 1),
	(1286, '140.213.169.115', 'ardianitafzyh@gmail.com', 28, '2023-05-04 16:11:29', 1),
	(1287, '103.171.147.79', 'ardianita06@gmail.com', 6, '2023-05-04 16:25:21', 1),
	(1288, '140.213.169.115', 'muhammadhanifarafi@gmail.com', 29, '2023-05-04 16:52:11', 1),
	(1289, '103.171.147.79', 'ardianita06@gmail.com', 6, '2023-05-04 17:00:24', 1),
	(1290, '103.31.240.4', 'ardianita06@gmail.com', 6, '2023-05-04 17:10:13', 1),
	(1291, '140.213.169.115', 'muhammadhanifarafi@gmail.com', 29, '2023-05-04 17:31:48', 1),
	(1292, '140.213.163.169', 'ardianita06@gmail.com', 6, '2023-05-04 17:51:24', 1),
	(1293, '103.171.147.79', 'ardianita06@gmail.com', 6, '2023-05-04 17:54:22', 1),
	(1294, '103.31.240.4', 'ardianita06@gmail.com', 6, '2023-05-04 18:00:53', 1),
	(1295, '140.213.169.115', 'muhammadhanifarafi@gmail.com', 29, '2023-05-04 18:38:49', 1),
	(1296, '103.31.240.4', 'ardianita06@gmail.com', 6, '2023-05-04 19:02:27', 1),
	(1297, '140.213.163.169', 'ardianita06@gmail.com', 6, '2023-05-04 19:14:57', 1),
	(1298, '120.188.72.14', 'ardianita06@gmail.com', 6, '2023-05-04 19:37:16', 1),
	(1299, '120.188.72.14', 'ardianita06@gmail.com', 6, '2023-05-04 19:51:26', 1),
	(1300, '103.31.240.4', 'ardianita06@gmail.com', 6, '2023-05-04 20:10:40', 1),
	(1301, '103.171.147.79', 'ardianita06@gmail.com', NULL, '2023-05-04 21:08:29', 0),
	(1302, '103.171.147.79', 'ardianita06@gmail.com', 6, '2023-05-04 21:08:46', 1),
	(1303, '112.215.154.172', 'ardianita06@gmail.com', 6, '2023-05-04 22:11:12', 1),
	(1304, '182.253.217.234', 'ardianita06@gmail.com', 6, '2023-05-04 22:29:42', 1),
	(1305, '112.215.154.172', 'ardianitafzyh@gmail.com', 28, '2023-05-04 22:54:47', 1),
	(1306, '112.215.154.172', 'ardianita06@gmail.com', 6, '2023-05-04 22:57:41', 1),
	(1307, '112.215.154.172', 'ardianitafzyh@gmail.com', 28, '2023-05-04 23:04:48', 1),
	(1308, '112.215.154.172', 'ardianita06@gmail.com', 6, '2023-05-04 23:22:16', 1),
	(1309, '140.213.163.169', 'nitt', NULL, '2023-05-04 23:28:06', 0),
	(1310, '140.213.163.169', 'ardianita06@gmail.com', 6, '2023-05-04 23:28:13', 1),
	(1311, '112.215.154.172', 'ardianita06@gmail.com', 6, '2023-05-04 23:34:48', 1),
	(1312, '112.215.154.172', 'ardianitafzyh@gmail.com', 28, '2023-05-04 23:35:50', 1),
	(1313, '112.215.154.172', 'lindarahmawati011001@gmail.com', 7, '2023-05-04 23:48:39', 1),
	(1314, '140.213.169.115', 'ardianitafzyh@gmail.com', 28, '2023-05-04 23:49:05', 1),
	(1315, '112.215.154.172', 'lindarahmawati011001@gmail.com', 7, '2023-05-04 23:55:23', 1),
	(1316, '112.215.154.172', 'ardianita06@gmail.com', 6, '2023-05-04 23:58:14', 1),
	(1317, '140.213.169.115', 'ardianita06@gmail.com', 6, '2023-05-05 00:03:06', 1),
	(1318, '112.215.154.172', 'lindarahmawati011001@gmail.com', 7, '2023-05-05 00:05:18', 1),
	(1319, '112.215.154.172', 'ardianita06@gmail.com', 6, '2023-05-05 00:08:28', 1),
	(1320, '103.31.240.4', 'ardianita06@gmail.com', 6, '2023-05-05 08:18:28', 1),
	(1321, '103.31.240.4', 'lindarahmawati011001@gmail.com', NULL, '2023-05-05 08:22:48', 0),
	(1322, '103.31.240.4', 'lindarahmawati011001@gmail.com', NULL, '2023-05-05 08:22:58', 0),
	(1323, '103.31.240.4', 'lindarahmawati011001@gmail.com', NULL, '2023-05-05 08:23:15', 0),
	(1324, '103.31.240.4', 'oktariniarossaa@gmail.com', 33, '2023-05-05 08:27:28', 1),
	(1325, '103.31.240.4', 'ardianita06@gmail.com', 6, '2023-05-05 08:45:40', 1),
	(1326, '140.213.44.168', 'muhammadhanifarafi@gmail.com', 29, '2023-05-05 08:56:56', 1),
	(1327, '140.213.44.168', 'ardianita06@gmail.com', 6, '2023-05-05 08:58:17', 1),
	(1328, '103.132.230.93', 'ardianita06@gmail.com', 6, '2023-05-05 09:00:38', 1),
	(1329, '103.31.240.4', 'oktariniarossaa@gmail.com', 33, '2023-05-05 10:00:50', 1),
	(1330, '140.213.44.168', 'muhammadhanifarafi@gmail.com', 29, '2023-05-05 13:07:07', 1),
	(1331, '140.213.56.200', 'ardianitafzyh@gmail.com', 28, '2023-05-05 13:18:50', 1),
	(1332, '140.213.56.200', 'muhammadhanifarafi@gmail.com', 29, '2023-05-05 13:21:09', 1),
	(1333, '140.213.56.200', 'lindarahmawati011001@gmail.com', 7, '2023-05-05 14:51:10', 1),
	(1334, '140.213.44.168', 'ardianitafzyh@gmail.com', 28, '2023-05-05 14:55:41', 1),
	(1335, '140.213.44.168', 'ardianita06@gmail.com', 6, '2023-05-05 15:01:48', 1),
	(1336, '140.213.56.200', 'ardianita06@gmail.com', 6, '2023-05-05 15:10:19', 1),
	(1337, '140.213.56.200', 'lindarahmawati011001@gmail.com', 7, '2023-05-05 15:54:55', 1),
	(1338, '140.213.44.168', 'ardianita06@gmail.com', 6, '2023-05-05 16:09:59', 1),
	(1339, '140.213.56.200', 'nitt', NULL, '2023-05-05 16:32:37', 0),
	(1340, '140.213.56.200', 'ardianita06@gmail.com', 6, '2023-05-05 16:32:47', 1),
	(1341, '103.31.240.4', 'oktariniarossaa@gmail.com', 33, '2023-05-05 18:10:03', 1),
	(1342, '103.31.240.4', 'oktariniarossaa@gmail.com', 33, '2023-05-05 21:35:09', 1),
	(1343, '182.253.217.234', 'ardianita06@gmail.com', 6, '2023-05-05 22:36:00', 1),
	(1344, '125.164.232.6', 'ardianita06@gmail.com', 6, '2023-05-05 23:30:30', 1),
	(1345, '103.171.147.103', 'ardianita06@gmail.com', 6, '2023-05-06 06:02:25', 1),
	(1346, '103.171.147.103', 'ardianita06@gmail.com', NULL, '2023-05-06 10:22:35', 0),
	(1347, '103.171.147.103', 'ardianita06@gmail.com', 6, '2023-05-06 10:22:43', 1),
	(1348, '120.188.38.86', 'ardianita06@gmail.com', 6, '2023-05-06 18:25:00', 1),
	(1349, '120.188.38.86', 'ardianita06@gmail.com', 6, '2023-05-06 18:27:17', 1),
	(1350, '103.31.240.12', 'ardianita06@gmail.com', 6, '2023-05-06 21:13:14', 1),
	(1351, '103.31.240.12', 'ardianita06@gmail.com', 6, '2023-05-06 22:05:59', 1),
	(1352, '103.31.240.12', 'oktariniarossaa@gmail.com', 33, '2023-05-07 00:52:58', 1),
	(1353, '103.189.201.9', 'ardianita06@gmail.com', 6, '2023-05-07 08:53:24', 1),
	(1354, '103.189.201.9', 'ardianita06@gmail.com', 6, '2023-05-07 08:53:26', 1),
	(1355, '103.189.201.9', 'ardianita06@gmail.com', 6, '2023-05-07 08:53:27', 1),
	(1356, '103.189.201.9', 'ardianita06@gmail.com', 6, '2023-05-07 08:55:59', 1),
	(1357, '103.184.180.97', 'ardianita06@gmail.com', 6, '2023-05-07 12:10:03', 1),
	(1358, '101.128.111.206', 'oktariniarossaa@gmail.com', 33, '2023-05-07 13:01:13', 1),
	(1359, '101.128.111.206', 'oktariniarossaa@gmail.com', 33, '2023-05-07 13:01:14', 1),
	(1360, '103.184.180.97', 'ardianita06@gmail.com', 6, '2023-05-07 13:12:35', 1),
	(1361, '103.184.180.97', 'ardianita06@gmail.com', 6, '2023-05-07 13:49:49', 1),
	(1362, '103.189.201.9', 'ardianita06@gmail.com', 6, '2023-05-07 13:55:27', 1),
	(1363, '140.213.167.253', 'muhammadhanifarafi@gmail.com', 29, '2023-05-07 13:59:04', 1),
	(1364, '101.128.111.206', 'ardianita06@gmail.com', 6, '2023-05-07 14:13:37', 1),
	(1365, '101.128.111.206', 'oktariniarossaa@gmail.com', 33, '2023-05-07 14:21:14', 1),
	(1366, '140.213.167.253', 'ardianitafzyh@gmail.com', 28, '2023-05-07 14:27:45', 1),
	(1367, '140.213.167.253', 'muhammadhanifarafi@gmail.com', 29, '2023-05-07 14:29:10', 1),
	(1368, '101.128.111.206', 'ardianita06@gmail.com', 6, '2023-05-07 14:30:23', 1),
	(1369, '140.213.171.71', 'yeiko123', NULL, '2023-05-07 15:09:13', 0),
	(1370, '140.213.171.71', 'yeiko123', NULL, '2023-05-07 15:09:22', 0),
	(1371, '140.213.171.71', 'muhammadhanifarafi@gmail.com', 29, '2023-05-07 15:09:36', 1),
	(1372, '103.189.201.9', 'ardianita06@gmail.com', 6, '2023-05-07 15:38:49', 1),
	(1373, '103.189.201.9', 'muhammadhanifarafi@gmail.com', 29, '2023-05-07 15:41:14', 1),
	(1374, '103.189.201.9', 'ardianita06@gmail.com', 6, '2023-05-07 15:45:02', 1),
	(1375, '103.189.201.9', 'ardianita06@gmail.com', 6, '2023-05-07 15:55:47', 1),
	(1376, '103.189.201.9', 'syauqi123@gmail.com', 39, '2023-05-07 15:56:07', 1),
	(1377, '103.189.201.9', 'ardianita06@gmail.com', 6, '2023-05-07 16:05:52', 1),
	(1378, '103.189.201.9', 'nazaruddin123@gmail.com', 40, '2023-05-07 16:10:02', 1),
	(1379, '103.189.201.9', 'ardianita06@gmail.com', 6, '2023-05-07 16:10:22', 1),
	(1380, '103.189.201.9', 'darmawan123@gmail.com', 41, '2023-05-07 16:18:04', 1),
	(1381, '103.189.201.9', 'ardianita06@gmail.com', 6, '2023-05-07 16:20:10', 1),
	(1382, '103.189.201.9', 'harianto123', NULL, '2023-05-07 16:24:40', 0),
	(1383, '103.189.201.9', 'harianto123@gmail.com', 42, '2023-05-07 16:25:16', 1),
	(1384, '103.31.240.12', 'ardianita06@gmail.com', 6, '2023-05-07 18:32:09', 1),
	(1385, '103.189.201.9', 'ardianita06@gmail.com', 6, '2023-05-07 18:37:56', 1),
	(1386, '103.31.240.12', 'ardianita06@gmail.com', 6, '2023-05-07 18:57:33', 1),
	(1387, '103.31.240.12', 'oktariniarossaa@gmail.com', 33, '2023-05-07 18:57:55', 1),
	(1388, '103.31.240.12', 'ardianita06@gmail.com', 6, '2023-05-07 18:58:58', 1),
	(1389, '103.189.201.9', 'ardianita06@gmail.com', 6, '2023-05-07 19:52:31', 1),
	(1390, '103.189.201.9', 'oktariniarossaa@gmail.com', 33, '2023-05-07 20:15:29', 1),
	(1391, '103.189.201.9', 'oktariniarossaa@gmail.com', 33, '2023-05-07 20:16:11', 1),
	(1392, '103.31.240.12', 'oktariniarossaa@gmail.com', 33, '2023-05-07 21:03:38', 1),
	(1393, '103.189.201.9', 'ardianita06@gmail.com', 6, '2023-05-07 22:46:32', 1),
	(1394, '103.31.240.12', 'ardianita06@gmail.com', 6, '2023-05-07 23:05:44', 1),
	(1395, '125.164.234.180', 'ardianita06@gmail.com', 6, '2023-05-08 05:04:10', 1),
	(1396, '114.4.216.157', 'ardianita06@gmail.com', 6, '2023-05-08 05:17:48', 1),
	(1397, '114.4.216.157', 'ardianita06@gmail.com', 6, '2023-05-08 06:39:44', 1),
	(1398, '140.213.169.254', 'ardianitafzyh@gmail.com', 28, '2023-05-08 07:54:16', 1),
	(1399, '140.213.169.254', 'muhammadhanifarafi@gmail.com', 29, '2023-05-08 07:55:04', 1),
	(1400, '103.189.201.9', 'ardianita06@gmail.com', 6, '2023-05-08 08:05:28', 1),
	(1401, '103.189.201.9', 'ardianita06@gmail.com', 6, '2023-05-08 08:05:30', 1),
	(1402, '103.189.201.9', 'ardianita06@gmail.com', 6, '2023-05-08 08:05:36', 1),
	(1403, '103.189.201.9', 'ardianita06@gmail.com', 6, '2023-05-08 08:05:37', 1),
	(1404, '103.189.201.9', 'ardianita06@gmail.com', 6, '2023-05-08 08:05:37', 1),
	(1405, '103.189.201.9', 'ardianita06@gmail.com', 6, '2023-05-08 08:05:38', 1),
	(1406, '103.189.201.9', 'ardianita06@gmail.com', 6, '2023-05-08 08:05:38', 1),
	(1407, '103.189.201.9', 'ardianita06@gmail.com', 6, '2023-05-08 08:05:39', 1),
	(1408, '103.189.201.9', 'ardianita06@gmail.com', 6, '2023-05-08 08:05:41', 1),
	(1409, '103.189.201.9', 'ardianita06@gmail.com', 6, '2023-05-08 08:05:41', 1),
	(1410, '103.189.201.9', 'ardianita06@gmail.com', 6, '2023-05-08 08:05:42', 1),
	(1411, '103.189.201.9', 'ardianita06@gmail.com', 6, '2023-05-08 08:05:45', 1),
	(1412, '103.189.201.9', 'ardianita06@gmail.com', 6, '2023-05-08 08:05:46', 1),
	(1413, '103.189.201.9', 'ardianita06@gmail.com', 6, '2023-05-08 08:05:46', 1),
	(1414, '103.189.201.9', 'ardianita06@gmail.com', 6, '2023-05-08 08:05:54', 1),
	(1415, '103.189.201.9', 'ardianita06@gmail.com', 6, '2023-05-08 08:05:56', 1),
	(1416, '103.189.201.9', 'ardianita06@gmail.com', 6, '2023-05-08 08:05:58', 1),
	(1417, '103.189.201.9', 'ardianita06@gmail.com', 6, '2023-05-08 08:05:59', 1),
	(1418, '103.189.201.9', 'ardianita06@gmail.com', 6, '2023-05-08 08:05:59', 1),
	(1419, '103.189.201.9', 'ardianita06@gmail.com', 6, '2023-05-08 08:05:59', 1),
	(1420, '103.189.201.9', 'ardianita06@gmail.com', 6, '2023-05-08 08:06:00', 1),
	(1421, '103.189.201.9', 'ardianita06@gmail.com', 6, '2023-05-08 08:06:00', 1),
	(1422, '103.189.201.9', 'ardianita06@gmail.com', 6, '2023-05-08 08:06:01', 1),
	(1423, '103.189.201.9', 'ardianita06@gmail.com', 6, '2023-05-08 08:06:01', 1),
	(1424, '103.189.201.9', 'ardianita06@gmail.com', 6, '2023-05-08 08:06:02', 1),
	(1425, '140.213.165.68', 'ardianita06@gmail.com', 6, '2023-05-08 08:13:19', 1),
	(1426, '140.213.169.254', 'muhammadhanifarafi@gmail.com', 29, '2023-05-08 08:36:29', 1),
	(1427, '140.213.165.68', 'lindarahmawati011001@gmail.com', NULL, '2023-05-08 08:36:35', 0),
	(1428, '140.213.165.68', 'lindarahmawati011001@gmail.com', NULL, '2023-05-08 08:36:43', 0),
	(1429, '140.213.165.68', 'ardianitafzyh@gmail.com', 28, '2023-05-08 08:39:05', 1),
	(1430, '118.99.83.89', 'ardianita06@gmail.com', 6, '2023-05-08 09:11:03', 1),
	(1431, '140.213.169.254', 'ardianita06@gmail.com', 6, '2023-05-08 09:18:03', 1),
	(1432, '103.132.230.93', 'ardianita06@gmail.com', 6, '2023-05-08 09:30:37', 1),
	(1433, '118.99.83.89', 'ahmadnurwakit@gmail.com', 44, '2023-05-08 09:52:56', 1),
	(1434, '118.99.83.89', 'ahmadnurwakit@gmail.com', 44, '2023-05-08 10:01:23', 1),
	(1435, '103.132.230.93', 'ardianita06@gmail.com', 6, '2023-05-08 10:13:39', 1),
	(1436, '140.213.169.254', 'ardianita06@gmail.com', 6, '2023-05-08 10:24:44', 1),
	(1437, '182.253.217.234', 'ardianita06@gmail.com', 6, '2023-05-08 11:39:38', 1),
	(1438, '182.253.217.234', 'ardianita06@gmail.com', 6, '2023-05-08 11:39:41', 1),
	(1439, '182.253.217.234', 'wibiatisekark@student.uns.ac.id', 34, '2023-05-08 11:40:19', 1),
	(1440, '114.5.109.167', 'ardianita06@gmail.com', 6, '2023-05-08 11:48:10', 1),
	(1441, '103.189.201.9', 'ardianita06@gmail.com', 6, '2023-05-08 12:05:13', 1),
	(1442, '103.189.201.9', 'darmawan123@gmail.com', 41, '2023-05-08 13:55:09', 1),
	(1443, '103.189.201.9', 'ardianita06@gmail.com', 6, '2023-05-08 14:51:10', 1),
	(1444, '103.132.230.93', 'ardianita06@gmail.com', 6, '2023-05-08 15:02:49', 1),
	(1445, '103.132.230.93', 'ardianita06@gmail.com', 6, '2023-05-08 15:02:51', 1),
	(1446, '103.189.201.9', 'nazaruddin2002', NULL, '2023-05-08 15:14:46', 0),
	(1447, '103.189.201.9', 'nazaruddin2002', NULL, '2023-05-08 15:15:20', 0),
	(1448, '103.189.201.9', 'nazaruddin2002', NULL, '2023-05-08 15:20:09', 0),
	(1449, '103.189.201.9', 'nazaruddin2002', NULL, '2023-05-08 15:22:14', 0),
	(1450, '103.189.201.9', 'nazaruddin2002', NULL, '2023-05-08 15:26:36', 0),
	(1451, '103.189.201.9', 'nazaruddin2002', NULL, '2023-05-08 15:42:22', 0),
	(1452, '103.189.201.9', 'nazaruddin2002', NULL, '2023-05-08 15:42:32', 0),
	(1453, '103.189.201.9', 'nazaruddin2002', NULL, '2023-05-08 15:42:54', 0),
	(1454, '103.189.201.9', 'ardianita06@gmail.com', NULL, '2023-05-08 18:00:51', 0),
	(1455, '103.189.201.9', 'ardianita06@gmail.com', 6, '2023-05-08 18:01:04', 1),
	(1456, '103.189.201.9', 'darmawan123@gmail.com', 41, '2023-05-08 18:02:21', 1),
	(1457, '103.189.201.9', 'ardianita06@gmail.com', 6, '2023-05-08 18:04:42', 1),
	(1458, '103.189.201.9', 'muhammadhanifarafi@student.uns.ac.id', 23, '2023-05-08 18:05:26', 1),
	(1459, '103.189.201.9', 'ardianita06@gmail.com', 6, '2023-05-08 18:06:38', 1),
	(1460, '103.189.201.9', 'ardianita06@gmail.com', 6, '2023-05-08 18:17:36', 1),
	(1461, '114.5.109.167', 'ardianita06@gmail.com', 6, '2023-05-08 20:01:28', 1),
	(1462, '36.68.220.255', 'ardianita06@gmail.com', 6, '2023-05-08 20:55:25', 1),
	(1463, '114.4.220.246', 'ardianita06@gmail.com', 6, '2023-05-08 21:08:07', 1),
	(1464, '182.253.217.234', 'ardianita06@gmail.com', 6, '2023-05-08 21:14:28', 1),
	(1465, '114.4.220.246', 'darmawan123@gmail.com', 41, '2023-05-08 21:14:56', 1),
	(1466, '118.99.83.89', 'wibiatisekark@student.uns.ac.id', 34, '2023-05-08 21:15:48', 1),
	(1467, '114.4.220.246', 'trisna123@gmail.com', 46, '2023-05-08 21:16:00', 1),
	(1468, '182.253.217.234', 'wibiatisekark@student.uns.ac.id', 34, '2023-05-08 21:50:43', 1),
	(1469, '118.99.83.89', 'wibiatisekark@student.uns.ac.id', 34, '2023-05-08 21:54:42', 1),
	(1470, '203.78.117.59', 'ardianita06@gmail.com', 6, '2023-05-08 22:17:25', 1),
	(1471, '114.5.109.167', 'ardianita06@gmail.com', 6, '2023-05-08 22:47:26', 1),
	(1472, '203.78.117.59', 'lindarahmawati011001@gmail.com', 7, '2023-05-08 23:18:21', 1),
	(1473, '182.253.217.234', 'wibiatisekark@student.uns.ac.id', 34, '2023-05-09 00:05:14', 1),
	(1474, '182.253.217.234', 'ardianita06@gmail.com', 6, '2023-05-09 00:21:41', 1),
	(1475, '203.78.117.59', 'lindarahmawati011001@gmail.com', 7, '2023-05-09 00:26:11', 1),
	(1476, '140.213.168.228', 'ardianita06@gmail.com', 6, '2023-05-09 04:09:52', 1),
	(1477, '140.213.162.7', 'ardianita06@gmail.com', 6, '2023-05-09 05:41:02', 1),
	(1478, '103.189.201.9', 'ardianita06@gmail.com', 6, '2023-05-09 06:46:40', 1),
	(1479, '103.189.201.9', 'trisna123@gmail.com', 46, '2023-05-09 06:47:18', 1),
	(1480, '103.189.201.9', 'fajri2002', NULL, '2023-05-09 07:00:30', 0),
	(1481, '103.189.201.9', 'muhammadhanifarafi@student.uns.ac.id', 23, '2023-05-09 07:00:47', 1),
	(1482, '103.189.201.9', 'trisna123@gmail.com', 46, '2023-05-09 07:12:40', 1),
	(1483, '103.189.201.9', 'darmawan123@gmail.com', 41, '2023-05-09 07:14:47', 1),
	(1484, '103.189.201.9', 'trisna123@gmail.com', 46, '2023-05-09 07:15:58', 1),
	(1485, '103.189.201.9', 'darmawan123@gmail.com', 41, '2023-05-09 07:16:40', 1),
	(1486, '103.189.201.9', 'muhammadhanifarafi@student.uns.ac.id', 23, '2023-05-09 07:24:38', 1),
	(1487, '103.189.201.9', 'ardianita06@gmail.com', 6, '2023-05-09 08:43:35', 1),
	(1488, '103.189.201.9', 'ardianita06@gmail.com', 6, '2023-05-09 09:46:41', 1),
	(1489, '103.189.201.9', 'ardianita06@gmail.com', 6, '2023-05-09 12:42:34', 1),
	(1490, '182.253.217.234', 'wibiatisekark@gmail.com', NULL, '2023-05-09 12:49:45', 0),
	(1491, '182.253.217.234', 'wibiatisekark@student.uns.ac.id', 34, '2023-05-09 12:50:01', 1),
	(1492, '103.132.230.93', 'ardianita06@gmail.com', 6, '2023-05-09 14:09:54', 1),
	(1493, '103.189.201.9', 'ardianita06@gmail.com', 6, '2023-05-09 14:41:27', 1),
	(1494, '125.164.234.119', 'ardianita06@gmail.com', 6, '2023-05-09 17:21:32', 1),
	(1495, '125.164.234.119', 'ardianita06@gmail.com', 6, '2023-05-09 17:21:33', 1),
	(1496, '118.99.83.89', 'ardianita06@gmail.com', 6, '2023-05-09 19:46:50', 1),
	(1497, '118.99.83.89', 'wibiatisekark@student.uns.ac.id', 34, '2023-05-09 19:48:17', 1),
	(1498, '118.99.83.89', 'ahmadnurwakit@gmail.com', 44, '2023-05-09 19:54:32', 1),
	(1499, '182.253.217.234', 'ahmadnurwakit@gmail.com', 44, '2023-05-09 19:57:39', 1),
	(1500, '118.99.83.89', 'ardianita06@gmail.com', 6, '2023-05-09 19:59:34', 1),
	(1501, '118.99.83.89', 'ahmadnurwakit@gmail.com', 44, '2023-05-09 20:00:12', 1),
	(1502, '118.99.83.89', 'ahmadnurwakit@gmail.com', 44, '2023-05-09 20:10:40', 1),
	(1503, '118.99.83.89', 'ahmadnurwakit@gmail.com', 44, '2023-05-09 20:11:49', 1),
	(1504, '125.164.232.112', 'ardianita06@gmail.com', 6, '2023-05-09 20:15:57', 1),
	(1505, '182.253.217.234', 'wibiatisekark@student.uns.ac.id', 34, '2023-05-09 20:20:02', 1),
	(1506, '182.253.217.234', 'ardianita06@gmail.com', 6, '2023-05-09 21:22:05', 1),
	(1507, '103.31.240.5', 'ardianita06@gmail.com', 6, '2023-05-09 21:55:18', 1),
	(1508, '118.99.83.89', 'wibiatisekark@gmail.com', NULL, '2023-05-09 22:04:15', 0),
	(1509, '118.99.83.89', 'wibiatisekark@student.uns.ac.id', 34, '2023-05-09 22:04:35', 1),
	(1510, '118.99.83.89', 'ahmadnurwakit@gmail.com', 44, '2023-05-09 22:06:29', 1),
	(1511, '182.253.217.234', 'ahmadnurwakit@gmail.com', 44, '2023-05-09 22:09:39', 1),
	(1512, '118.99.83.89', 'ahmadnurwakit@gmail.com', 44, '2023-05-09 22:10:54', 1),
	(1513, '182.253.217.234', 'ahmadnurwakit@gmail.com', 44, '2023-05-09 22:11:30', 1),
	(1514, '182.253.217.234', 'ahmadnurwakit@gmail.com', 44, '2023-05-09 22:15:12', 1),
	(1515, '182.253.217.234', 'ardianita06@gmail.com', 6, '2023-05-09 22:16:01', 1),
	(1516, '182.253.217.234', 'ahmadnurwakit@gmail.com', 44, '2023-05-09 22:17:38', 1),
	(1517, '182.253.217.234', 'hanifaja', NULL, '2023-05-09 22:21:50', 0),
	(1518, '182.253.217.234', 'hanifaja', NULL, '2023-05-09 22:22:33', 0),
	(1519, '182.253.217.234', 'hanifarafi7@gmail.com', NULL, '2023-05-09 22:22:51', 0),
	(1520, '182.253.217.234', 'oktarinia', NULL, '2023-05-09 22:23:17', 0),
	(1521, '182.253.217.234', 'ardianita06@gmail.com', 6, '2023-05-09 22:23:27', 1),
	(1522, '182.253.217.234', 'ahmadnurwakit@gmail.com', 44, '2023-05-09 22:26:29', 1),
	(1523, '182.253.217.234', 'hanifaja', NULL, '2023-05-09 22:27:48', 0),
	(1524, '182.253.217.234', 'hanifaja', NULL, '2023-05-09 22:27:55', 0),
	(1525, '182.253.217.234', 'muhammadhanifarafi@gmail.com', 29, '2023-05-09 22:28:40', 1),
	(1526, '182.253.217.234', 'muhammadhanifarafi@gmail.com', 29, '2023-05-09 22:29:04', 1),
	(1527, '182.253.217.234', 'muhammadhanifarafi@gmail.com', 29, '2023-05-09 22:30:37', 1),
	(1528, '118.99.83.89', 'trisna123@gmail.com', 46, '2023-05-09 22:32:37', 1),
	(1529, '118.99.83.89', 'trisna123@gmail.com', 46, '2023-05-09 22:33:52', 1),
	(1530, '118.99.83.89', 'trisna123@gmail.com', 46, '2023-05-09 22:34:15', 1),
	(1531, '118.99.83.89', 'trisna123@gmail.com', 46, '2023-05-09 22:35:11', 1),
	(1532, '103.31.240.5', 'ardianita06@gmail.com', 6, '2023-05-09 23:20:21', 1),
	(1533, '103.31.240.5', 'ardianita06@gmail.com', 6, '2023-05-09 23:20:22', 1),
	(1534, '140.213.164.208', 'muhammadhanifarafi@gmail.com', 29, '2023-05-10 01:08:22', 1),
	(1535, '125.164.232.112', 'ardianita06@gmail.com', 6, '2023-05-10 01:24:15', 1),
	(1536, '103.189.201.9', 'ardianita06@gmail.com', 6, '2023-05-10 07:21:17', 1),
	(1537, '103.189.201.9', 'lindarahmawati011001@gmail.com', NULL, '2023-05-10 07:21:32', 0),
	(1538, '103.189.201.9', 'fajri2002', NULL, '2023-05-10 07:21:48', 0),
	(1539, '103.189.201.9', 'muhammadhanifarafi@student.uns.ac.id', 23, '2023-05-10 07:21:56', 1),
	(1540, '103.189.201.9', 'muhammadhanifarafi@student.uns.ac.id', 23, '2023-05-10 07:27:20', 1),
	(1541, '103.189.201.9', 'ardianita06@gmail.com', 6, '2023-05-10 07:33:13', 1),
	(1542, '103.189.201.9', 'darmawan123@gmail.com', 41, '2023-05-10 08:40:50', 1),
	(1543, '103.189.201.9', 'ardianita06@gmail.com', 6, '2023-05-10 08:41:57', 1),
	(1544, '103.189.201.9', 'nurazizul123@gmail.com', 48, '2023-05-10 08:43:33', 1),
	(1545, '103.189.201.9', 'ardianita06@gmail.com', 6, '2023-05-10 08:44:18', 1),
	(1546, '103.189.201.9', 'fajri2002', NULL, '2023-05-10 08:44:49', 0),
	(1547, '103.189.201.9', 'fajri2002', NULL, '2023-05-10 08:44:56', 0),
	(1548, '103.189.201.9', 'muhammadhanifarafi@student.uns.ac.id', 23, '2023-05-10 08:45:09', 1),
	(1549, '140.213.170.133', 'muhammadhanifarafi@gmail.com', 29, '2023-05-10 08:47:21', 1),
	(1550, '103.31.240.10', 'ardianita06@gmail.com', 6, '2023-05-10 08:50:04', 1),
	(1551, '103.31.240.10', 'oktariniarossaa@gmail.com', 33, '2023-05-10 08:50:56', 1),
	(1552, '140.213.164.208', 'ardianita06@gmail.com', 6, '2023-05-10 09:02:56', 1),
	(1553, '103.132.230.93', 'ardianita06@gmail.com', 6, '2023-05-10 09:20:57', 1),
	(1554, '36.73.116.83', 'muhammadhanifarafi@gmail.com', 29, '2023-05-10 11:49:49', 1),
	(1555, '36.73.116.83', 'email@gmail.com', 36, '2023-05-10 12:42:27', 1),
	(1556, '103.132.230.93', 'ardianita06@gmail.com', 6, '2023-05-10 12:45:08', 1),
	(1557, '36.73.116.83', 'ardianitafzyh@gmail.com', 28, '2023-05-10 13:00:49', 1),
	(1558, '103.31.240.10', 'ardianita06@gmail.com', 6, '2023-05-10 13:46:28', 1),
	(1559, '103.31.240.10', 'muhammadhanifarafi@gmail.com', 29, '2023-05-10 14:08:46', 1),
	(1560, '103.31.240.10', 'muhammadhanifarafi@gmail.com', 29, '2023-05-10 14:43:13', 1),
	(1561, '125.164.232.85', 'wibiatisekark@student.uns.ac.id', 34, '2023-05-10 14:43:55', 1),
	(1562, '125.164.232.85', 'ahmadnurwakit@gmail.com', 44, '2023-05-10 14:44:04', 1),
	(1563, '103.31.240.10', 'ardianita06@gmail.com', 6, '2023-05-10 14:45:16', 1),
	(1564, '114.5.109.167', 'ardianita06@gmail.com', 6, '2023-05-10 14:48:09', 1),
	(1565, '125.164.232.85', 'ardianita06@gmail.com', 6, '2023-05-10 14:52:27', 1),
	(1566, '125.164.232.85', 'ahmadnurwakit@gmail.com', 44, '2023-05-10 15:45:45', 1),
	(1567, '125.164.232.112', 'ardianita06@gmail.com', NULL, '2023-05-10 16:11:29', 0),
	(1568, '125.164.232.112', 'ardianita06@gmail.com', 6, '2023-05-10 16:11:43', 1),
	(1569, '125.164.232.85', 'wibiatisekark@student.uns.ac.id', 34, '2023-05-10 16:43:25', 1),
	(1570, '125.164.232.112', 'ardianita06@gmail.com', 6, '2023-05-10 16:55:04', 1),
	(1571, '125.166.8.39', 'ardianita06@gmail.com', 6, '2023-05-10 17:34:14', 1),
	(1572, '103.31.240.10', 'muhammadhanifarafi@gmail.com', 29, '2023-05-10 18:20:45', 1),
	(1573, '125.164.232.112', 'ardianita06@gmail.com', 6, '2023-05-10 18:56:49', 1),
	(1574, '125.166.8.39', 'ardianita06@gmail.com', 6, '2023-05-10 18:58:22', 1),
	(1575, '125.164.232.112', 'ardianita06@gmail.com', 6, '2023-05-10 19:28:23', 1),
	(1576, '125.166.8.39', 'ardianita06@gmail.com', 6, '2023-05-10 19:40:52', 1),
	(1577, '182.253.217.157', 'ardianita06@gmail.com', 6, '2023-05-10 20:14:10', 1),
	(1578, '125.164.232.112', 'ardianita06@gmail.com', 6, '2023-05-10 20:39:33', 1),
	(1579, '103.31.240.10', 'ardianita06@gmail.com', 6, '2023-05-10 20:47:19', 1),
	(1580, '182.253.217.157', 'wibiatisekark@student.uns.ac.id', 34, '2023-05-10 20:54:25', 1),
	(1581, '118.99.83.93', 'ardianita06@gmail.com', 6, '2023-05-10 20:59:04', 1),
	(1582, '103.189.201.9', 'ardianita06@gmail.com', 6, '2023-05-10 21:22:11', 1),
	(1583, '182.253.217.157', 'ahmadnurwakit@gmail.com', 44, '2023-05-10 21:34:12', 1),
	(1584, '103.31.240.10', 'ardianita06@gmail.com', 6, '2023-05-10 21:52:37', 1),
	(1585, '103.189.201.9', 'ardianita06@gmail.com', 6, '2023-05-10 22:41:48', 1),
	(1586, '103.189.201.9', 'ardianita06@gmail.com', 6, '2023-05-10 22:41:50', 1),
	(1587, '118.99.83.93', 'wibiatisekark@student.uns.ac.id', 34, '2023-05-10 22:42:21', 1),
	(1588, '182.253.217.157', 'ardianita06@gmail.com', 6, '2023-05-10 22:46:54', 1),
	(1589, '103.189.201.9', 'ardianita06@gmail.com', 6, '2023-05-10 23:46:10', 1),
	(1590, '103.189.201.9', 'muhammadhanifarafi@student.uns.ac.id', 23, '2023-05-11 00:59:26', 1),
	(1591, '103.189.201.9', 'darmawan123@gmail.com', 41, '2023-05-11 01:11:45', 1),
	(1592, '103.189.201.9', 'muhammadhanifarafi@student.uns.ac.id', 23, '2023-05-11 01:37:44', 1),
	(1593, '103.189.201.9', 'ardianita06@gmail.com', 6, '2023-05-11 01:39:13', 1),
	(1594, '103.189.201.9', 'ardianita06@gmail.com', 6, '2023-05-11 01:54:19', 1),
	(1595, '103.189.201.9', 'ardianita06@gmail.com', 6, '2023-05-11 07:13:12', 1),
	(1596, '120.188.80.221', 'wibiatisekark@student.uns.ac.id', 34, '2023-05-11 12:00:40', 1),
	(1597, '120.188.80.221', 'ahmadnurwakit@gmail.com', 44, '2023-05-11 12:00:52', 1),
	(1598, '120.188.80.221', 'ahmadnurwakit@gmail.com', 44, '2023-05-11 12:33:03', 1),
	(1599, '120.188.80.221', 'wibiatisekark@student.uns.ac.id', 34, '2023-05-11 12:33:10', 1),
	(1600, '118.99.83.93', 'ahmadnurwakit@gmail.com', 44, '2023-05-11 13:29:49', 1),
	(1601, '103.189.201.9', 'ardianita06@gmail.com', 6, '2023-05-11 13:35:21', 1),
	(1602, '182.253.217.245', 'ahmadnurwakit@gmail.com', 44, '2023-05-11 13:48:59', 1),
	(1603, '182.253.217.245', 'wibiatisekark@student.uns.ac.id', 34, '2023-05-11 13:55:59', 1),
	(1604, '103.189.201.9', 'darmawan123@gmail.com', 41, '2023-05-11 13:57:35', 1),
	(1605, '120.188.80.221', 'ahmadnurwakit@gmail.com', 44, '2023-05-11 14:07:21', 1),
	(1606, '103.31.240.10', 'ardianita06@gmail.com', 6, '2023-05-11 15:20:33', 1),
	(1607, '125.164.234.170', 'hanifarafi7@gmail.com', NULL, '2023-05-11 15:47:39', 0),
	(1608, '125.164.234.170', 'hanifarafi7@gmail.com', NULL, '2023-05-11 15:47:59', 0),
	(1609, '125.164.234.170', 'ardianita06@gmail.com', 6, '2023-05-11 15:48:38', 1),
	(1610, '125.164.234.170', 'hanifarafi7@gmail.com', NULL, '2023-05-11 16:01:50', 0),
	(1611, '125.164.234.170', 'hanifarafi7@gmail.com', NULL, '2023-05-11 16:02:17', 0),
	(1612, '125.164.234.170', 'ardianita06@gmail.com', 6, '2023-05-11 16:02:36', 1),
	(1613, '125.164.234.170', 'lindarahmawati011001@gmail.com', NULL, '2023-05-11 16:28:53', 0),
	(1614, '125.164.234.170', 'lindarahmawati011001@gmail.com', NULL, '2023-05-11 16:29:11', 0),
	(1615, '125.164.234.170', 'lindarahmawati011001@gmail.com', NULL, '2023-05-11 16:29:13', 0),
	(1616, '114.5.109.167', 'ardianita06@gmail.com', 6, '2023-05-11 17:39:39', 1),
	(1617, '125.164.234.170', 'hanifarafi7@gmail.com', NULL, '2023-05-11 17:50:03', 0),
	(1618, '125.164.234.170', 'ardianita06@gmail.com', 6, '2023-05-11 17:50:28', 1),
	(1619, '125.164.234.170', 'ardianita06@gmail.com', 6, '2023-05-11 17:50:30', 1),
	(1620, '125.164.234.170', 'lindarahmawati011001@gmail.com', NULL, '2023-05-11 17:52:22', 0),
	(1621, '103.31.240.10', 'muhammadhanifarafi@gmail.com', 29, '2023-05-11 17:53:03', 1),
	(1622, '103.31.240.10', 'ardianita06@gmail.com', 6, '2023-05-11 17:56:06', 1),
	(1623, '140.213.169.148', 'muhammadhanifarafi@gmail.com', 29, '2023-05-11 18:28:39', 1),
	(1624, '140.213.163.65', 'ardianita06@gmail.com', 6, '2023-05-11 18:31:10', 1),
	(1625, '114.5.109.167', 'ardianita06@gmail.com', 6, '2023-05-11 18:32:32', 1),
	(1626, '114.5.109.167', 'ardianita06@gmail.com', 6, '2023-05-11 18:34:34', 1),
	(1627, '103.31.240.10', 'muhammadhanifarafi@gmail.com', 29, '2023-05-11 18:44:38', 1),
	(1628, '103.31.240.10', 'ardianita06@gmail.com', 6, '2023-05-11 18:48:40', 1),
	(1629, '114.5.109.167', 'ardianita06@gmail.com', 6, '2023-05-11 19:47:20', 1),
	(1630, '103.31.240.10', 'muhammadhanifarafi@gmail.com', 29, '2023-05-11 19:53:28', 1),
	(1631, '103.31.240.10', 'ardianita06@gmail.com', 6, '2023-05-11 20:22:12', 1),
	(1632, '125.164.235.167', 'ardianita06@gmail.com', 6, '2023-05-11 20:33:08', 1),
	(1633, '114.5.109.167', 'ardianita06@gmail.com', 6, '2023-05-11 20:57:48', 1),
	(1634, '103.31.240.10', 'ardianita06@gmail.com', 6, '2023-05-11 22:03:03', 1),
	(1635, '103.31.240.10', 'ardianita06@gmail.com', 6, '2023-05-11 22:03:04', 1),
	(1636, '103.31.240.10', 'oktariniarossaa@gmail.com', 33, '2023-05-11 22:50:37', 1),
	(1637, '103.31.240.10', 'ardianita06@gmail.com', 6, '2023-05-11 23:23:13', 1),
	(1638, '103.189.201.9', 'ardianita06@gmail.com', 6, '2023-05-12 07:54:39', 1),
	(1639, '140.213.169.148', 'ardianita06@gmail.com', 6, '2023-05-12 07:56:18', 1),
	(1640, '103.189.201.9', 'ardianita06@gmail.com', 6, '2023-05-12 08:35:17', 1),
	(1641, '114.5.109.167', 'ardianita06@gmail.com', 6, '2023-05-12 09:03:17', 1),
	(1642, '114.5.109.167', 'ardianita06@gmail.com', 6, '2023-05-12 10:15:25', 1),
	(1643, '125.164.232.85', 'ahmadnurwakit@gmail.com', 44, '2023-05-12 10:16:55', 1),
	(1644, '103.189.201.9', 'ardianita06@gmail.com', 6, '2023-05-12 10:40:45', 1),
	(1645, '125.164.232.85', 'ardianita06@gmail.com', 6, '2023-05-12 11:04:17', 1),
	(1646, '125.164.232.85', 'wibiatisekark@student.uns.ac.id', NULL, '2023-05-12 11:13:58', 0),
	(1647, '125.164.232.85', 'wibiatisekark@student.uns.ac.id', 34, '2023-05-12 11:14:11', 1),
	(1648, '125.164.232.85', 'ardianita06@gmail.com', 6, '2023-05-12 11:14:47', 1),
	(1649, '125.164.232.85', 'ahmadnurwakit@gmail.com', 44, '2023-05-12 11:39:16', 1),
	(1650, '125.164.232.85', 'ardianita06@gmail.com', 6, '2023-05-12 12:20:12', 1),
	(1651, '125.164.232.85', 'wibiatisekark@student.uns.ac.id', 34, '2023-05-12 12:31:23', 1),
	(1652, '125.164.232.85', 'ahmadnurwakit@gmail.com', 44, '2023-05-12 12:31:34', 1),
	(1653, '125.164.232.85', 'wibiatisekark@student.uns.ac.id', 34, '2023-05-12 13:08:47', 1),
	(1654, '125.164.232.85', 'ahmadnurwakit@gmail.com', 44, '2023-05-12 13:23:00', 1),
	(1655, '125.164.232.85', 'trisna123@gmail.com', 46, '2023-05-12 13:27:40', 1),
	(1656, '125.164.232.85', 'ardianita06@gmail.com', 6, '2023-05-12 13:30:22', 1),
	(1657, '103.132.230.93', 'ardianita06@gmail.com', 6, '2023-05-12 13:33:09', 1),
	(1658, '103.132.230.93', 'ardianita06@gmail.com', 6, '2023-05-12 13:33:15', 1),
	(1659, '125.164.234.170', 'muhammadhanifarafi@student.uns.ac.id', 23, '2023-05-12 13:55:44', 1),
	(1660, '125.164.234.170', 'darmawan123@gmail.com', 41, '2023-05-12 13:57:57', 1),
	(1661, '125.164.232.85', 'ardianita06@gmail.com', NULL, '2023-05-12 14:08:23', 0),
	(1662, '125.164.232.85', 'ardianita06@gmail.com', NULL, '2023-05-12 14:08:25', 0),
	(1663, '125.164.232.85', 'ardianita06@gmail.com', NULL, '2023-05-12 14:08:30', 0),
	(1664, '125.164.232.85', 'ardianita06@gmail.com', NULL, '2023-05-12 14:08:32', 0),
	(1665, '125.164.232.85', 'ardianita06@gmail.com', NULL, '2023-05-12 14:08:33', 0),
	(1666, '125.164.232.85', 'ardianita06@gmail.com', NULL, '2023-05-12 14:08:41', 0),
	(1667, '125.164.232.85', 'ardianita06@gmail.com', NULL, '2023-05-12 14:08:41', 0),
	(1668, '125.164.232.85', 'ardianita06@gmail.com', NULL, '2023-05-12 14:08:42', 0),
	(1669, '125.164.232.85', 'ardianita06@gmail.com', NULL, '2023-05-12 14:08:44', 0),
	(1670, '125.164.232.85', 'ardianita06@gmail.com', NULL, '2023-05-12 14:08:45', 0),
	(1671, '125.164.232.85', 'ardianita06@gmail.com', NULL, '2023-05-12 14:08:45', 0),
	(1672, '125.164.232.85', 'ardianita06@gmail.com', NULL, '2023-05-12 14:08:46', 0),
	(1673, '125.164.232.85', 'ardianita06@gmail.com', NULL, '2023-05-12 14:08:46', 0),
	(1674, '125.164.232.85', 'ardianita06@gmail.com', NULL, '2023-05-12 14:08:47', 0),
	(1675, '125.164.232.85', 'ardianita06@gmail.com', NULL, '2023-05-12 14:08:47', 0),
	(1676, '125.164.232.85', 'ardianita06@gmail.com', NULL, '2023-05-12 14:08:48', 0),
	(1677, '125.164.232.85', 'ardianita06@gmail.com', NULL, '2023-05-12 14:08:48', 0),
	(1678, '125.164.232.85', 'ardianita06@gmail.com', NULL, '2023-05-12 14:08:49', 0),
	(1679, '125.164.232.85', 'ardianita06@gmail.com', NULL, '2023-05-12 14:08:49', 0),
	(1680, '125.164.232.85', 'ardianita06@gmail.com', NULL, '2023-05-12 14:08:50', 0),
	(1681, '125.164.232.85', 'ardianita06@gmail.com', NULL, '2023-05-12 14:08:51', 0),
	(1682, '125.164.232.85', 'muhammadhanifarafi@gmail.com', 29, '2023-05-12 14:10:54', 1),
	(1683, '125.164.232.85', 'ardianita06@gmail.com', 6, '2023-05-12 14:14:32', 1),
	(1684, '125.164.232.85', 'muhammadhanifarafi@gmail.com', 29, '2023-05-12 14:17:04', 1),
	(1685, '125.164.232.85', 'ardianita06@gmail.com', 6, '2023-05-12 14:20:23', 1),
	(1686, '125.164.232.85', 'trisna123@gmail.com', 46, '2023-05-12 14:27:29', 1),
	(1687, '125.164.232.85', 'ardianita06@gmail.com', 6, '2023-05-12 15:18:35', 1),
	(1688, '103.189.201.9', 'ardianita06@gmail.com', 6, '2023-05-12 16:59:34', 1),
	(1689, '114.5.109.167', 'ardianita06@gmail.com', 6, '2023-05-12 17:53:48', 1),
	(1690, '103.189.201.9', 'ardianita06@gmail.com', 6, '2023-05-12 18:23:06', 1),
	(1691, '103.189.201.9', 'ardianita06@gmail.com', 6, '2023-05-12 18:23:09', 1),
	(1692, '103.184.180.97', 'ardianita06@gmail.com', 6, '2023-05-12 18:38:13', 1),
	(1693, '140.213.165.5', 'ardianita06@gmail.com', 6, '2023-05-12 19:40:34', 1),
	(1694, '140.213.173.185', 'email@gmail.com', NULL, '2023-05-12 19:48:52', 0),
	(1695, '140.213.173.185', 'indigo12', NULL, '2023-05-12 19:49:07', 0),
	(1696, '140.213.165.5', 'indigo12', NULL, '2023-05-12 19:50:11', 0),
	(1697, '140.213.165.5', 'email@gmail.com', 36, '2023-05-12 19:50:25', 1),
	(1698, '140.213.173.185', 'email@gmail.com', 36, '2023-05-12 20:14:49', 1),
	(1699, '140.213.173.185', 'indigo12', NULL, '2023-05-12 20:15:07', 0),
	(1700, '203.190.44.173', 'ardianita06@gmail.com', 6, '2023-05-12 21:24:04', 1),
	(1701, '140.213.165.5', 'ardianita06@gmail.com', 6, '2023-05-12 21:24:51', 1),
	(1702, '140.213.165.5', 'admin@gmail.com', 50, '2023-05-12 21:34:30', 1),
	(1703, '140.213.173.185', 'email@gmail.com', 36, '2023-05-12 21:34:53', 1),
	(1704, '140.213.165.5', 'muhammadhanifarafi@gmail.com', 29, '2023-05-12 21:44:50', 1),
	(1705, '203.190.44.173', 'ardianita06@gmail.com', 6, '2023-05-12 22:17:38', 1),
	(1706, '103.189.201.9', 'ardianita06@gmail.com', NULL, '2023-05-13 06:40:27', 0),
	(1707, '103.189.201.9', 'ardianita06@gmail.com', 6, '2023-05-13 06:40:36', 1),
	(1708, '103.189.201.9', 'darmawan123@gmail.com', 41, '2023-05-13 06:42:30', 1),
	(1709, '103.189.201.9', 'trisna123@gmail.com', 46, '2023-05-13 06:43:26', 1),
	(1710, '103.189.201.9', 'trisna123@gmail.com', 46, '2023-05-13 06:43:28', 1),
	(1711, '103.189.201.9', 'trisna123@gmail.com', 46, '2023-05-13 06:43:28', 1),
	(1712, '103.189.201.9', 'ardianita06@gmail.com', 6, '2023-05-13 07:07:44', 1),
	(1713, '114.5.109.167', 'ardianita06@gmail.com', 6, '2023-05-13 08:06:00', 1),
	(1714, '103.189.201.9', 'ardianita06@gmail.com', NULL, '2023-05-13 08:10:10', 0),
	(1715, '103.189.201.9', 'ardianita06@gmail.com', 6, '2023-05-13 08:10:19', 1),
	(1716, '125.164.234.170', 'ardianita06@gmail.com', 6, '2023-05-13 08:20:21', 1),
	(1717, '114.5.109.167', 'ardianita06@gmail.com', 6, '2023-05-13 08:53:17', 1),
	(1718, '103.189.201.9', 'ardianita06@gmail.com', 6, '2023-05-13 09:32:16', 1),
	(1719, '114.5.109.167', 'ardianita06@gmail.com', 6, '2023-05-13 09:32:19', 1),
	(1720, '103.189.201.9', 'ardianita06@gmail.com', 6, '2023-05-13 09:32:20', 1),
	(1721, '114.5.109.167', 'ardianita06@gmail.com', 6, '2023-05-13 10:47:50', 1),
	(1722, '114.5.109.167', 'ardianita06@gmail.com', 6, '2023-05-13 10:47:51', 1),
	(1723, '182.253.217.245', 'wibiatisekark@student.uns.ac.id', 34, '2023-05-13 11:06:49', 1),
	(1724, '125.164.234.119', 'ardianita06@gmail.com', 6, '2023-05-13 11:27:43', 1),
	(1725, '103.189.201.9', 'ardianita06@gmail.com', 6, '2023-05-13 11:49:03', 1),
	(1726, '103.189.201.9', 'ardianita06@gmail.com', 6, '2023-05-13 11:49:06', 1),
	(1727, '103.189.201.9', 'ardianita06@gmail.com', 6, '2023-05-13 11:49:10', 1),
	(1728, '103.189.201.9', 'ardianita06@gmail.com', 6, '2023-05-13 12:21:06', 1),
	(1729, '125.164.234.119', 'ardianita06@gmail.com', 6, '2023-05-13 12:29:53', 1),
	(1730, '103.189.201.9', 'ardianita06@gmail.com', 6, '2023-05-13 15:44:51', 1),
	(1731, '140.213.175.172', 'ardianita06@gmail.com', 6, '2023-05-13 18:44:27', 1),
	(1732, '140.213.175.172', 'admin@gmail.com', 50, '2023-05-13 18:48:56', 1),
	(1733, '112.215.242.127', 'ardianita06@gmail.com', 6, '2023-05-13 19:00:40', 1),
	(1734, '103.31.240.10', 'ardianita06@gmail.com', 6, '2023-05-13 19:16:47', 1),
	(1735, '114.5.109.167', 'ardianita06@gmail.com', 6, '2023-05-13 19:45:56', 1),
	(1736, '112.215.242.127', 'ardianita06@gmail.com', 6, '2023-05-13 19:51:57', 1),
	(1737, '112.215.242.127', 'ardianita06@gmail.com', 6, '2023-05-13 19:52:00', 1),
	(1738, '103.31.240.10', 'dispusipmadiun', NULL, '2023-05-13 20:28:16', 0),
	(1739, '140.213.175.172', 'kmm1', NULL, '2023-05-13 20:28:44', 0),
	(1740, '140.213.175.172', 'kmm1', NULL, '2023-05-13 20:28:56', 0),
	(1741, '103.31.240.10', 'dispusipmadiun', NULL, '2023-05-13 20:29:04', 0),
	(1742, '140.213.175.172', 'email@gmail.com', 36, '2023-05-13 20:29:15', 1),
	(1743, '103.31.240.10', 'ardianita06@gmail.com', 6, '2023-05-13 20:30:18', 1),
	(1744, '103.31.240.10', 'dispusipmadiun', NULL, '2023-05-13 20:31:58', 0),
	(1745, '103.31.240.10', 'perpuskabmadiun@gmail.com', NULL, '2023-05-13 20:32:17', 0),
	(1746, '103.31.240.10', 'ardianita06@gmail.com', 6, '2023-05-13 20:34:33', 1),
	(1747, '103.31.240.10', 'mitra1', NULL, '2023-05-13 20:35:57', 0),
	(1748, '140.213.163.220', 'indigo1', NULL, '2023-05-13 20:37:28', 0),
	(1749, '140.213.163.220', 'email@gmail.com', 36, '2023-05-13 20:38:04', 1),
	(1750, '103.189.201.9', 'mitra1@gmail.com', 51, '2023-05-13 20:49:23', 1),
	(1751, '103.31.240.10', 'mitra1@gmail.com', 51, '2023-05-13 20:49:49', 1),
	(1752, '103.189.201.9', 'ardianita06@gmail.com', 6, '2023-05-13 20:55:29', 1),
	(1753, '112.215.242.127', 'ardianita06@gmail.com', 6, '2023-05-13 21:17:32', 1),
	(1754, '114.5.109.167', 'ardianita06@gmail.com', 6, '2023-05-13 21:19:45', 1),
	(1755, '103.31.240.10', 'mitra1@gmail.com', 51, '2023-05-13 21:21:41', 1),
	(1756, '114.5.109.167', 'ardianita06@gmail.com', 6, '2023-05-13 21:52:34', 1),
	(1757, '112.215.242.127', 'ardianita06@gmail.com', 6, '2023-05-13 22:04:31', 1),
	(1758, '114.5.109.167', 'ardianita06@gmail.com', 6, '2023-05-13 23:19:55', 1),
	(1759, '114.5.109.167', 'ardianita06@gmail.com', 6, '2023-05-14 00:39:12', 1),
	(1760, '103.189.201.9', 'ardianita06@gmail.com', 6, '2023-05-14 06:17:42', 1),
	(1761, '114.5.244.184', 'ardianita06@gmail.com', 6, '2023-05-14 06:57:10', 1),
	(1762, '140.213.163.220', 'ardianita06@gmail.com', 6, '2023-05-14 06:58:36', 1),
	(1763, '140.213.175.172', 'oktariniarossaa@gmail.com', 33, '2023-05-14 07:37:58', 1),
	(1764, '140.213.175.172', 'muhammadhanifarafi@gmail.com', 29, '2023-05-14 07:39:35', 1),
	(1765, '114.5.244.184', 'ardianita06@gmail.com', 6, '2023-05-14 08:11:46', 1),
	(1766, '125.164.232.223', 'ardianita06@gmail.com', 6, '2023-05-14 11:01:37', 1),
	(1767, '125.164.234.31', 'ardianita06@gmail.com', 6, '2023-05-14 12:46:28', 1),
	(1768, '125.164.234.31', 'ardianita06@gmail.com', 6, '2023-05-14 12:46:29', 1),
	(1769, '125.164.234.31', 'ardianita06@gmail.com', 6, '2023-05-14 12:46:30', 1),
	(1770, '125.164.234.31', 'ardianita06@gmail.com', 6, '2023-05-14 12:46:31', 1),
	(1771, '125.164.234.31', 'ardianita06@gmail.com', 6, '2023-05-14 12:46:32', 1),
	(1772, '125.164.234.31', 'ardianita06@gmail.com', 6, '2023-05-14 12:46:33', 1),
	(1773, '125.164.234.31', 'ardianita06@gmail.com', 6, '2023-05-14 12:46:34', 1),
	(1774, '125.164.234.31', 'ardianita06@gmail.com', 6, '2023-05-14 12:46:34', 1),
	(1775, '140.213.219.141', 'ardianita06@gmail.com', 6, '2023-05-14 14:32:20', 1),
	(1776, '140.213.175.92', 'yeiko123', NULL, '2023-05-14 14:44:39', 0),
	(1777, '140.213.175.92', 'muhammadhanifarafi@gmail.com', 29, '2023-05-14 14:44:56', 1),
	(1778, '140.213.219.141', 'ardianita06@gmail.com', 6, '2023-05-14 15:10:03', 1),
	(1779, '125.164.235.167', 'lindarahmawati011001@gmail.com', NULL, '2023-05-14 15:15:03', 0),
	(1780, '125.164.235.167', 'lindarahmawati011001@gmail.com', NULL, '2023-05-14 15:15:26', 0),
	(1781, '125.164.235.167', 'lindarahmawati011001@gmail.com', NULL, '2023-05-14 15:16:02', 0),
	(1782, '125.164.235.167', 'ardianita06@gmail.com', 6, '2023-05-14 15:18:26', 1),
	(1783, '140.213.219.141', 'lindarahmawati011001@gmail.com', 7, '2023-05-14 15:19:43', 1),
	(1784, '140.213.219.141', 'lindarahmawati011001@gmail.com', 7, '2023-05-14 15:20:00', 1),
	(1785, '140.213.219.141', 'lindarahmawati011001@gmail.com', 7, '2023-05-14 15:20:03', 1),
	(1786, '140.213.219.141', 'lindarahmawati011001@gmail.com', 7, '2023-05-14 15:20:07', 1),
	(1787, '140.213.219.141', 'lindarahmawati011001@gmail.com', 7, '2023-05-14 15:20:24', 1),
	(1788, '125.164.235.167', 'muhammadhanifarafi@student.uns.ac.id', 23, '2023-05-14 15:22:58', 1),
	(1789, '140.213.167.57', 'oktariniarossaa@gmail.com', 33, '2023-05-14 15:51:38', 1),
	(1790, '103.189.201.9', 'ardianita06@gmail.com', 6, '2023-05-14 15:55:16', 1),
	(1791, '140.213.219.253', 'ardianita06@gmail.com', 6, '2023-05-14 16:54:15', 1),
	(1792, '125.164.235.167', 'muhammadhanifarafi@student.uns.ac.id', 23, '2023-05-14 17:05:59', 1),
	(1793, '140.213.167.57', 'muhammadhanifarafi@gmail.com', 29, '2023-05-14 17:11:41', 1),
	(1794, '125.166.8.189', 'muhammadhanifarafi@student.uns.ac.id', 23, '2023-05-14 17:42:04', 1),
	(1795, '103.31.240.10', 'oktariniarossaa@gmail.com', 33, '2023-05-14 17:48:51', 1),
	(1796, '103.31.240.10', 'ardianita06@gmail.com', 6, '2023-05-14 17:55:15', 1),
	(1797, '103.189.201.9', 'ardianita06@gmail.com', 6, '2023-05-14 18:08:05', 1),
	(1798, '125.166.8.189', 'muhammadhanifarafi@student.uns.ac.id', 23, '2023-05-14 18:15:58', 1),
	(1799, '125.166.8.189', 'ardianita06@gmail.com', 6, '2023-05-14 18:29:03', 1),
	(1800, '118.99.83.93', 'ahmadnurwakit@gmail.com', 44, '2023-05-14 18:55:59', 1),
	(1801, '182.253.217.245', 'wibiatisekark@student.uns.ac.id', 34, '2023-05-14 18:56:34', 1),
	(1802, '182.253.217.245', 'ardianita06@gmail.com', 6, '2023-05-14 18:58:26', 1),
	(1803, '103.31.240.10', 'ardianita06@gmail.com', 6, '2023-05-14 19:19:49', 1),
	(1804, '103.189.201.9', 'ardianita06@gmail.com', 6, '2023-05-14 19:22:54', 1),
	(1805, '118.99.83.93', 'ahmadnurwakit@gmail.com', 44, '2023-05-14 19:49:01', 1),
	(1806, '125.166.8.189', 'ardianita06@gmail.com', 6, '2023-05-14 19:50:36', 1),
	(1807, '140.213.167.57', 'muhammadhanifarafi@gmail.com', 29, '2023-05-14 20:30:17', 1),
	(1808, '140.213.167.57', 'email@gmail.com', 36, '2023-05-14 20:34:52', 1),
	(1809, '182.253.217.245', 'ahmadnurwakit@gmail.com', 44, '2023-05-14 20:36:13', 1),
	(1810, '118.99.83.93', 'ardianita06@gmail.com', 6, '2023-05-14 20:43:16', 1),
	(1811, '125.166.8.189', 'ardianita06@gmail.com', 6, '2023-05-14 20:52:18', 1),
	(1812, '114.4.218.142', 'ardianita06@gmail.com', 6, '2023-05-14 21:01:47', 1),
	(1813, '103.31.240.10', 'ardianita06@gmail.com', 6, '2023-05-14 21:02:52', 1),
	(1814, '140.213.219.253', 'ardianita06@gmail.com', 6, '2023-05-14 21:22:00', 1),
	(1815, '118.99.83.93', 'ardianita06@gmail.com', 6, '2023-05-14 21:28:22', 1),
	(1816, '118.99.83.93', 'ardianita06@gmail.com', 6, '2023-05-14 21:28:33', 1),
	(1817, '140.213.219.253', 'lindarahmawati011001@gmail.com', 7, '2023-05-14 21:33:46', 1),
	(1818, '103.31.240.10', 'ardianita06@gmail.com', 6, '2023-05-14 21:34:17', 1),
	(1819, '140.213.219.253', 'lindarahmawati011001@gmail.com', 7, '2023-05-14 21:42:20', 1),
	(1820, '140.213.175.92', 'ardianita06@gmail.com', 6, '2023-05-14 21:51:38', 1),
	(1821, '118.99.83.93', 'ahmadnurwakit@gmail.com', 44, '2023-05-14 21:53:27', 1),
	(1822, '140.213.219.253', 'muhammadhanifarafi@gmail.com', 29, '2023-05-14 22:05:25', 1),
	(1823, '140.213.219.253', 'ardianita06@gmail.com', 6, '2023-05-14 22:09:58', 1),
	(1824, '114.4.218.142', 'ardianita06@gmail.com', 6, '2023-05-14 22:12:15', 1),
	(1825, '182.253.217.245', 'wibiatisekark@student.uns.ac.id', 34, '2023-05-14 22:17:28', 1),
	(1826, '140.213.219.253', 'Linda', NULL, '2023-05-14 22:28:29', 0),
	(1827, '140.213.219.253', 'lindarahmawati011001@gmail.com', 7, '2023-05-14 22:28:37', 1),
	(1828, '140.213.167.57', 'muhammadhanifarafi@gmail.com', 29, '2023-05-14 22:31:53', 1),
	(1829, '140.213.219.253', 'muhammadhanifarafi@gmail.com', 29, '2023-05-14 22:35:43', 1),
	(1830, '140.213.219.253', 'nitt', NULL, '2023-05-14 22:40:00', 0),
	(1831, '140.213.219.253', 'ardianita06@gmail.com', 6, '2023-05-14 22:40:09', 1),
	(1832, '140.213.167.57', 'ardianita06@gmail.com', 6, '2023-05-14 22:59:53', 1),
	(1833, '182.253.217.245', 'wibiatisekark@student.uns.ac.id', 34, '2023-05-14 23:16:54', 1),
	(1834, '182.253.217.245', 'ardianita06@gmail.com', 6, '2023-05-14 23:18:51', 1),
	(1835, '140.213.167.57', 'ardianitafzyh@gmail.com', 28, '2023-05-15 01:00:05', 1),
	(1836, '125.166.8.189', 'ardianita06@gmail.com', 6, '2023-05-15 01:02:53', 1),
	(1837, '103.189.201.9', 'ardianita06@gmail.com', 6, '2023-05-15 05:19:57', 1),
	(1838, '103.189.201.9', 'darmawan123@gmail.com', 41, '2023-05-15 05:38:29', 1),
	(1839, '140.213.175.92', 'ardianita06@gmail.com', 6, '2023-05-15 05:50:57', 1),
	(1840, '103.189.201.9', 'ardianita06@gmail.com', 6, '2023-05-15 05:53:39', 1),
	(1841, '140.213.175.92', 'ardianitafzyh@gmail.com', 28, '2023-05-15 05:53:44', 1),
	(1842, '140.213.167.57', 'muhammadhanifarafi@gmail.com', 29, '2023-05-15 06:32:09', 1),
	(1843, '140.213.167.57', 'ardianita06@gmail.com', 6, '2023-05-15 06:44:48', 1),
	(1844, '103.189.201.9', 'ardianita06@gmail.com', 6, '2023-05-15 06:49:53', 1),
	(1845, '140.213.167.57', 'oktariniarossaa@gmail.com', 33, '2023-05-15 06:52:12', 1),
	(1846, '140.213.167.57', 'ardianitafzyh@gmail.com', 28, '2023-05-15 07:06:50', 1),
	(1847, '103.189.201.9', 'ardianita06@gmail.com', 6, '2023-05-15 08:25:41', 1),
	(1848, '140.213.167.57', 'ardianitafzyh@gmail.com', 28, '2023-05-15 09:08:00', 1),
	(1849, '140.213.175.92', 'muhammadhanifarafi@gmail.com', 29, '2023-05-15 09:10:47', 1),
	(1850, '140.213.175.92', 'kmm1', NULL, '2023-05-15 09:54:42', 0),
	(1851, '140.213.175.92', 'email@gmail.com', 36, '2023-05-15 09:54:55', 1),
	(1852, '112.215.241.24', 'ardianita06@gmail.com', 6, '2023-05-15 10:09:52', 1),
	(1853, '140.213.175.92', 'ardianitafzyh@gmail.com', 28, '2023-05-15 10:19:30', 1),
	(1854, '140.213.167.229', 'muhammadhanifarafi@gmail.com', 29, '2023-05-15 10:32:05', 1),
	(1855, '182.253.217.245', 'ardianita06@gmail.com', 6, '2023-05-15 10:38:38', 1),
	(1856, '182.253.217.245', 'wibiatisekark@student.uns.ac.id', 34, '2023-05-15 10:39:41', 1),
	(1857, '140.213.167.229', 'ardianita06@gmail.com', 6, '2023-05-15 10:44:40', 1),
	(1858, '118.99.83.93', 'ahmadnurwakit@gmail.com', 44, '2023-05-15 10:44:56', 1),
	(1859, '140.213.167.229', 'muhammadhanifarafi@gmail.com', 29, '2023-05-15 10:45:34', 1),
	(1860, '182.253.217.245', 'ardianita06@gmail.com', 6, '2023-05-15 10:49:18', 1),
	(1861, '118.99.83.93', 'ardianita06@gmail.com', 6, '2023-05-15 11:22:01', 1),
	(1862, '103.189.201.9', 'ardianita06@gmail.com', 6, '2023-05-15 11:23:46', 1),
	(1863, '125.164.233.154', 'muhammadhanifarafi@student.uns.ac.id', 23, '2023-05-15 12:07:02', 1),
	(1864, '125.164.233.154', 'ardianita06@gmail.com', 6, '2023-05-15 12:09:56', 1),
	(1865, '125.164.233.154', 'darmawan123@gmail.com', 41, '2023-05-15 12:12:45', 1),
	(1866, '114.4.221.100', 'ardianita06@gmail.com', 6, '2023-05-15 12:42:24', 1),
	(1867, '118.99.83.93', 'ardianita06@gmail.com', 6, '2023-05-15 12:43:10', 1),
	(1868, '103.189.201.9', 'ardianita06@gmail.com', 6, '2023-05-15 14:18:58', 1),
	(1869, '114.4.221.100', 'ardianita06@gmail.com', 6, '2023-05-15 14:36:53', 1),
	(1870, '103.31.240.10', 'ardianita06@gmail.com', 6, '2023-05-15 15:42:42', 1),
	(1871, '103.189.201.9', 'ardianita06@gmail.com', 6, '2023-05-15 16:10:26', 1),
	(1872, '103.189.201.9', 'darmawan123@gmail.com', 41, '2023-05-15 16:13:01', 1),
	(1873, '103.189.201.9', 'darmawan123@gmail.com', 41, '2023-05-15 16:13:04', 1),
	(1874, '103.160.184.8', 'ardianita06@gmail.com', 6, '2023-05-15 17:14:50', 1),
	(1875, '103.189.201.9', 'ardianita06@gmail.com', 6, '2023-05-15 17:48:38', 1),
	(1876, '103.189.201.9', 'hanifarafi7@gmail.com', 3, '2023-05-15 17:51:03', 1),
	(1877, '103.189.201.9', 'ardianita06@gmail.com', 6, '2023-05-15 18:01:30', 1),
	(1878, '103.189.201.9', 'hanifarafi7@gmail.com', 3, '2023-05-15 18:02:33', 1),
	(1879, '103.189.201.9', 'hanifarafi7@gmail.com', 3, '2023-05-15 18:02:35', 1),
	(1880, '103.189.201.9', 'darmawan123', NULL, '2023-05-15 18:03:51', 0),
	(1881, '103.189.201.9', 'darmawan123@gmail.com', 41, '2023-05-15 18:03:59', 1),
	(1882, '103.189.201.9', 'ardianita06@gmail.com', 6, '2023-05-15 18:06:29', 1),
	(1883, '103.189.201.9', 'darmawan123@gmail.com', 41, '2023-05-15 18:09:41', 1),
	(1884, '103.189.201.9', 'ardianita06@gmail.com', NULL, '2023-05-15 18:11:39', 0),
	(1885, '103.189.201.9', 'ardianita06@gmail.com', 6, '2023-05-15 18:12:09', 1),
	(1886, '103.189.201.9', 'darmawan123@gmail.com', 41, '2023-05-15 18:12:45', 1),
	(1887, '114.4.221.100', 'ardianita06@gmail.com', 6, '2023-05-15 18:14:15', 1),
	(1888, '114.4.221.100', 'ardianita06@gmail.com', 6, '2023-05-15 18:14:16', 1),
	(1889, '103.189.201.9', 'hanifarafi7@gmail.com', 3, '2023-05-15 18:25:57', 1),
	(1890, '140.213.171.218', 'kmm1', NULL, '2023-05-15 18:32:11', 0),
	(1891, '140.213.171.218', 'email@gmail.com', 36, '2023-05-15 18:32:38', 1),
	(1892, '103.189.201.9', 'ardianita06@gmail.com', 6, '2023-05-15 18:48:47', 1),
	(1893, '140.213.171.218', 'ardianita06@gmail.com', 6, '2023-05-15 18:51:27', 1),
	(1894, '103.189.201.9', 'fajri2002', NULL, '2023-05-15 18:58:33', 0),
	(1895, '103.189.201.9', 'muhammadhanifarafi@student.uns.ac.id', 23, '2023-05-15 18:58:38', 1),
	(1896, '103.160.184.8', 'oktariniarossaa@gmail.com', 33, '2023-05-15 18:58:40', 1),
	(1897, '103.160.184.8', 'ardianita06@gmail.com', 6, '2023-05-15 18:59:46', 1),
	(1898, '103.189.201.9', 'ardianita06@gmail.com', NULL, '2023-05-15 19:10:34', 0),
	(1899, '103.189.201.9', 'ardianita06@gmail.com', 6, '2023-05-15 19:10:40', 1),
	(1900, '103.189.201.9', 'ardianita06@gmail.com', 6, '2023-05-15 19:12:31', 1),
	(1901, '103.189.201.9', 'ardianita06@gmail.com', 6, '2023-05-15 19:14:15', 1),
	(1902, '125.166.9.184', 'ardianita06@gmail.com', 6, '2023-05-15 19:16:54', 1),
	(1903, '103.160.184.8', 'oktariniarossaa@gmail.com', 33, '2023-05-15 19:23:09', 1),
	(1904, '103.160.184.8', 'ardianita06@gmail.com', 6, '2023-05-15 19:24:44', 1),
	(1905, '103.189.201.9', 'ardianita06@gmail.com', 6, '2023-05-15 19:34:36', 1),
	(1906, '103.189.201.9', 'fajri2002', NULL, '2023-05-15 19:43:31', 0),
	(1907, '103.189.201.9', 'fajri2002', NULL, '2023-05-15 19:43:41', 0),
	(1908, '103.189.201.9', 'fajri2002', NULL, '2023-05-15 19:43:52', 0),
	(1909, '103.189.201.9', 'muhammadhanifarafi@student.uns.ac.id', 23, '2023-05-15 19:44:01', 1),
	(1910, '125.166.9.184', 'fajri2002@gmail.com', NULL, '2023-05-15 20:21:06', 0),
	(1911, '125.166.9.184', 'fajri2002@gmail.com', NULL, '2023-05-15 20:21:40', 0),
	(1912, '125.166.9.184', 'muhammadhanifarafi@student.uns.ac.id', 23, '2023-05-15 20:25:26', 1),
	(1913, '103.189.201.9', 'ardianita06@gmail.com', NULL, '2023-05-15 20:37:51', 0),
	(1914, '103.189.201.9', 'ardianita06@gmail.com', 6, '2023-05-15 20:38:00', 1),
	(1915, '118.99.83.93', 'ahmadnurwakit@gmail.com', 44, '2023-05-15 20:39:56', 1),
	(1916, '103.189.201.9', 'trisna123@gmail.com', 46, '2023-05-15 20:54:56', 1),
	(1917, '103.160.184.8', 'ardianita06@gmail.com', 6, '2023-05-15 20:55:56', 1),
	(1918, '203.78.118.208', 'ardianita06@gmail.com', 6, '2023-05-15 21:06:46', 1),
	(1919, '103.160.184.8', 'mitra1@gmail.com', 51, '2023-05-15 21:07:00', 1),
	(1920, '182.253.217.245', 'wibiatisekark@student.uns.ac.id', 34, '2023-05-15 21:20:06', 1),
	(1921, '103.189.201.9', 'ardianita06@gmail.com', 6, '2023-05-15 21:24:16', 1),
	(1922, '103.160.184.8', 'ardianita06@gmail.com', 6, '2023-05-15 21:25:02', 1),
	(1923, '103.160.184.8', 'oktariniarossaa@gmail.com', 33, '2023-05-15 21:28:28', 1),
	(1924, '103.160.184.8', 'mitra1@gmail.com', 51, '2023-05-15 21:29:45', 1),
	(1925, '103.160.184.8', 'haha', NULL, '2023-05-15 21:33:56', 0),
	(1926, '103.160.184.8', 'ardianita06@gmail.com', 6, '2023-05-15 21:35:39', 1),
	(1927, '182.253.217.245', 'ardianita06@gmail.com', 6, '2023-05-15 21:37:04', 1),
	(1928, '114.4.221.100', 'ardianita06@gmail.com', 6, '2023-05-15 21:53:06', 1),
	(1929, '103.160.184.8', 'ardianita06@gmail.com', 6, '2023-05-15 22:23:05', 1),
	(1930, '203.78.118.208', 'muhammadhanifarafi@gmail.com', 29, '2023-05-15 22:24:45', 1),
	(1931, '203.78.118.208', 'ardianita06@gmail.com', 6, '2023-05-15 22:48:54', 1),
	(1932, '203.78.118.208', 'lindarahmawati011001@gmail.com', 7, '2023-05-15 22:50:43', 1),
	(1933, '203.78.118.208', 'ardianita06@gmail.com', 6, '2023-05-15 22:53:50', 1),
	(1934, '203.78.118.208', 'muhammadhanifarafi@gmail.com', 29, '2023-05-15 22:54:22', 1),
	(1935, '203.78.118.208', 'ardianita06@gmail.com', 6, '2023-05-15 22:55:03', 1),
	(1936, '203.78.118.208', 'lindarahmawati011001@gmail.com', 7, '2023-05-15 22:57:18', 1),
	(1937, '203.78.118.208', 'ardianita06@gmail.com', 6, '2023-05-15 23:11:15', 1),
	(1938, '182.253.217.245', 'ardianita06@gmail.com', 6, '2023-05-15 23:17:47', 1),
	(1939, '203.78.118.208', 'lindarahmawati011001@gmail.com', 7, '2023-05-15 23:27:06', 1),
	(1940, '203.78.118.208', 'ardianita06@gmail.com', 6, '2023-05-15 23:27:55', 1),
	(1941, '203.78.118.208', 'muhammadhanifarafi@gmail.com', 29, '2023-05-15 23:31:18', 1),
	(1942, '203.78.118.208', 'ardianita06@gmail.com', 6, '2023-05-15 23:37:57', 1),
	(1943, '203.78.118.208', 'lindarahmawati011001@gmail.com', 7, '2023-05-15 23:38:58', 1),
	(1944, '114.4.221.100', 'ardianita06@gmail.com', 6, '2023-05-15 23:48:09', 1),
	(1945, '114.4.221.100', 'ardianita06@gmail.com', 6, '2023-05-15 23:49:24', 1),
	(1946, '114.4.221.100', 'ardianita06@gmail.com', 6, '2023-05-15 23:49:27', 1),
	(1947, '203.78.118.208', 'ardianita06@gmail.com', 6, '2023-05-16 00:19:56', 1),
	(1948, '203.78.118.208', 'ardianita06@gmail.com', 6, '2023-05-16 00:19:58', 1),
	(1949, '125.166.9.184', 'muhammadhanifarafi@student.uns.ac.id', 23, '2023-05-16 00:35:13', 1),
	(1950, '125.166.9.184', 'muhammadhanifarafi@student.uns.ac.id', 23, '2023-05-16 00:37:23', 1),
	(1951, '125.166.9.184', 'muhammadhanifarafi@student.uns.ac.id', 23, '2023-05-16 00:37:25', 1),
	(1952, '103.189.201.9', 'ardianita06@gmail.com', 6, '2023-05-16 05:30:24', 1),
	(1953, '103.189.201.9', 'hanifarafi7@gmail.com', NULL, '2023-05-16 05:42:33', 0),
	(1954, '103.189.201.9', 'hanifarafi7@gmail.com', NULL, '2023-05-16 05:42:42', 0),
	(1955, '103.189.201.9', 'hanifarafi7@gmail.com', NULL, '2023-05-16 05:43:14', 0),
	(1956, '103.189.201.9', 'muhammadhanifarafi@student.uns.ac.id', 23, '2023-05-16 05:43:33', 1),
	(1957, '103.189.201.9', 'ardianita06@gmail.com', 6, '2023-05-16 05:44:52', 1),
	(1958, '103.189.201.9', 'muhammadhanifarafi@student.uns.ac.id', 23, '2023-05-16 05:46:57', 1),
	(1959, '103.189.201.9', 'muhammadhanifarafi@student.uns.ac.id', 23, '2023-05-16 05:47:58', 1),
	(1960, '103.189.201.9', 'ardianita06@gmail.com', 6, '2023-05-16 05:54:02', 1),
	(1961, '103.189.201.9', 'fajri2002', NULL, '2023-05-16 05:54:13', 0),
	(1962, '103.189.201.9', 'muhammadhanifarafi@student.uns.ac.id', 23, '2023-05-16 05:54:19', 1),
	(1963, '103.189.201.9', 'ardianita06@gmail.com', 6, '2023-05-16 06:38:07', 1),
	(1964, '103.189.201.9', 'trisna123@gmail.com', 46, '2023-05-16 07:28:50', 1),
	(1965, '118.99.83.93', 'ahmadnurwakit@gmail.com', 44, '2023-05-16 07:55:43', 1),
	(1966, '103.132.230.93', 'muhammadhanifarafi@student.uns.ac.id', 23, '2023-05-16 08:53:52', 1),
	(1967, '103.132.230.93', 'ardianita06@gmail.com', 6, '2023-05-16 08:54:20', 1),
	(1968, '103.189.201.9', 'ardianita06@gmail.com', 6, '2023-05-16 09:48:32', 1),
	(1969, '120.188.80.221', 'ahmadnurwakit@gmail.com', 44, '2023-05-16 10:02:03', 1),
	(1970, '112.215.153.12', 'ardianita06@gmail.com', 6, '2023-05-16 10:07:28', 1),
	(1971, '103.189.201.9', 'ardianita06@gmail.com', 6, '2023-05-16 10:08:46', 1),
	(1972, '112.215.173.250', 'email@gmail.com', 36, '2023-05-16 10:20:55', 1),
	(1973, '120.188.80.221', 'wibiatisekark@student.uns.ac.id', 34, '2023-05-16 10:37:32', 1),
	(1974, '103.189.201.9', 'ardianita06@gmail.com', 6, '2023-05-16 10:40:23', 1),
	(1975, '114.4.221.100', 'ardianita06@gmail.com', 6, '2023-05-16 10:50:00', 1),
	(1976, '112.215.153.12', 'email@gmail.com', 36, '2023-05-16 10:50:35', 1),
	(1977, '120.188.80.221', 'wibiatisekark@student.uns.ac.id', 34, '2023-05-16 11:07:56', 1),
	(1978, '112.215.153.12', 'ardianita06@gmail.com', NULL, '2023-05-16 11:45:50', 0),
	(1979, '112.215.153.12', 'ardianita06@gmail.com', 6, '2023-05-16 11:46:00', 1),
	(1980, '114.4.221.100', 'ardianita06@gmail.com', 6, '2023-05-16 12:03:08', 1),
	(1981, '120.188.80.221', 'oktariniarossaa@gmail.com', 33, '2023-05-16 12:06:06', 1),
	(1982, '120.188.80.221', 'wibiatisekark@student.uns.ac.id', 34, '2023-05-16 12:53:34', 1),
	(1983, '125.166.9.211', 'wibiatisekark@student.uns.ac.id', 34, '2023-05-16 13:10:39', 1),
	(1984, '103.189.201.9', 'ardianita06@gmail.com', 6, '2023-05-16 13:21:09', 1),
	(1985, '103.189.201.9', 'ardianita06@gmail.com', 6, '2023-05-16 13:21:45', 1),
	(1986, '114.4.221.100', 'ardianita06@gmail.com', 6, '2023-05-16 14:09:31', 1),
	(1987, '114.4.221.100', 'ardianita06@gmail.com', 6, '2023-05-16 14:35:06', 1),
	(1988, '114.4.221.100', 'ardianita06@gmail.com', 6, '2023-05-16 14:35:07', 1),
	(1989, '103.189.201.9', 'ardianita06@gmail.com', NULL, '2023-05-16 14:54:43', 0),
	(1990, '103.189.201.9', 'ardianita06@gmail.com', 6, '2023-05-16 14:54:51', 1),
	(1991, '103.189.201.9', 'ardianita06@gmail.com', 6, '2023-05-16 14:55:00', 1),
	(1992, '103.189.201.9', 'darmawan123@gmail.com', 41, '2023-05-16 15:22:52', 1),
	(1993, '103.189.201.9', 'ardianita06@gmail.com', NULL, '2023-05-16 15:27:46', 0),
	(1994, '103.189.201.9', 'ardianita06@gmail.com', 6, '2023-05-16 15:28:17', 1),
	(1995, '103.189.201.9', 'mitra1@gmail.com', 51, '2023-05-16 15:36:54', 1),
	(1996, '103.189.201.9', 'mitra1@gmail.com', 51, '2023-05-16 15:36:56', 1),
	(1997, '103.189.201.9', 'darmawan123@gmail.com', 41, '2023-05-16 15:37:57', 1),
	(1998, '103.189.201.9', 'darmawan123@gmail.com', 41, '2023-05-16 15:38:00', 1),
	(1999, '103.189.201.9', 'ardianita06@gmail.com', NULL, '2023-05-16 15:38:28', 0),
	(2000, '103.189.201.9', 'mitra1@gmail.com', 51, '2023-05-16 15:38:44', 1),
	(2001, '103.189.201.9', 'ardianita06@gmail.com', 6, '2023-05-16 15:40:17', 1),
	(2002, '125.166.9.184', 'ardianita06@gmail.com', 6, '2023-05-16 15:54:50', 1),
	(2003, '125.166.9.184', 'muhammadhanifarafi@student.uns.ac.id', 23, '2023-05-16 15:58:20', 1),
	(2004, '182.253.217.245', 'wibiatisekark@student.uns.ac.id', 34, '2023-05-16 18:39:06', 1),
	(2005, '182.253.217.245', 'ahmadnurwakit@gmail.com', 44, '2023-05-16 19:01:44', 1),
	(2006, '103.160.184.6', 'ardianita06@gmail.com', 6, '2023-05-16 19:35:49', 1),
	(2007, '182.253.217.245', 'ardianita06@gmail.com', 6, '2023-05-16 20:01:27', 1),
	(2008, '182.253.217.245', 'ahmadnurwakit@gmail.com', 44, '2023-05-16 20:42:45', 1),
	(2009, '103.160.184.6', 'ardianita06@gmail.com', 6, '2023-05-16 20:57:37', 1),
	(2010, '103.160.184.6', 'yeiko', NULL, '2023-05-16 21:04:08', 0),
	(2011, '103.160.184.6', 'muhammadhanifarafi@gmail.com', 29, '2023-05-16 21:04:29', 1),
	(2012, '103.160.184.6', 'ardianita06@gmail.com', 6, '2023-05-16 21:16:24', 1),
	(2013, '182.253.217.245', 'ahmadnurwakit@gmail.com', 44, '2023-05-16 21:48:53', 1),
	(2014, '103.160.184.6', 'ardianita06@gmail.com', 6, '2023-05-16 21:54:38', 1),
	(2015, '182.253.217.245', 'ardianita06@gmail.com', 6, '2023-05-16 21:55:02', 1),
	(2016, '112.215.154.129', 'ardianita06@gmail.com', 6, '2023-05-16 22:06:55', 1),
	(2017, '112.215.154.129', 'ardianita06@gmail.com', 6, '2023-05-16 22:17:25', 1),
	(2018, '182.253.217.245', 'ardianita06@gmail.com', 6, '2023-05-16 22:25:35', 1),
	(2019, '103.160.184.6', 'ardianita06@gmail.com', 6, '2023-05-16 23:03:01', 1),
	(2020, '125.164.235.88', 'ardianita06@gmail.com', 6, '2023-05-16 23:20:27', 1),
	(2021, '112.215.154.129', 'ardianita06@gmail.com', 6, '2023-05-16 23:33:12', 1),
	(2022, '112.215.154.129', 'ardianita06@gmail.com', 6, '2023-05-16 23:33:58', 1),
	(2023, '182.253.217.245', 'ardianita06@gmail.com', 6, '2023-05-16 23:53:04', 1),
	(2024, '112.215.154.129', 'lindarahmawati011001@gmail.com', 7, '2023-05-17 00:06:06', 1),
	(2025, '112.215.154.129', 'ardianita06@gmail.com', 6, '2023-05-17 00:26:05', 1),
	(2026, '182.253.217.245', 'wibiatisekark@student.uns.ac.id', 34, '2023-05-17 00:28:53', 1),
	(2027, '125.164.235.88', 'muhammadhanifarafi@student.uns.ac.id', 23, '2023-05-17 00:32:55', 1),
	(2028, '112.215.154.129', 'ardianita06@gmail.com', 6, '2023-05-17 01:10:04', 1),
	(2029, '112.215.154.129', 'lindarahmawati011001@gmail.com', 7, '2023-05-17 01:38:04', 1),
	(2030, '112.215.154.129', 'muhammadhanifarafi@gmail.com', 29, '2023-05-17 01:44:09', 1),
	(2031, '112.215.154.129', 'muhammadhanifarafi@gmail.com', 29, '2023-05-17 01:53:10', 1),
	(2032, '112.215.154.129', 'lindarahmawati011001@gmail.com', 7, '2023-05-17 02:03:42', 1),
	(2033, '112.215.154.129', 'ardianita06@gmail.com', 6, '2023-05-17 02:04:14', 1),
	(2034, '112.215.173.250', 'ardianita06@gmail.com', 6, '2023-05-17 03:05:49', 1),
	(2035, '112.215.173.250', 'ardianitafzyh@gmail.com', 28, '2023-05-17 03:14:54', 1),
	(2036, '112.215.173.250', 'muhammadhanifarafi@gmail.com', 29, '2023-05-17 03:29:56', 1),
	(2037, '103.189.201.9', 'ardianita06@gmail.com', 6, '2023-05-17 06:06:25', 1),
	(2038, '103.189.201.9', 'ardianita06@gmail.com', 6, '2023-05-17 06:08:56', 1),
	(2039, '118.99.83.93', 'wibiatisekark@student.uns.ac.id', NULL, '2023-05-17 08:56:02', 0),
	(2040, '118.99.83.93', 'wibiatisekark@student.uns.ac.id', 34, '2023-05-17 08:56:11', 1),
	(2041, '118.99.83.93', 'ahmadnurwakit@gmail.com', 44, '2023-05-17 08:56:56', 1),
	(2042, '182.253.217.245', 'ardianita06@gmail.com', 6, '2023-05-17 09:00:25', 1),
	(2043, '103.132.231.221', 'muhammadhanifarafi@student.uns.ac.id', 23, '2023-05-17 09:06:43', 1),
	(2044, '103.132.231.221', 'ardianita06@gmail.com', 6, '2023-05-17 09:17:24', 1),
	(2045, '103.132.231.221', 'rendratrikusuma@student.uns.ac.id', NULL, '2023-05-17 09:23:55', 0),
	(2046, '103.132.231.221', 'rendratrikusuma@student.uns.ac.id', NULL, '2023-05-17 09:23:56', 0),
	(2047, '103.132.231.221', 'muhammadhanifarafi@student.uns.ac.id', 23, '2023-05-17 09:24:38', 1),
	(2048, '103.189.201.9', 'ardianita06@gmail.com', 6, '2023-05-17 09:30:56', 1),
	(2049, '103.189.201.9', 'ardianita06@gmail.com', 6, '2023-05-17 09:30:58', 1),
	(2050, '103.132.231.221', 'ardianita06@gmail.com', 6, '2023-05-17 09:39:05', 1),
	(2051, '103.132.231.221', 'ridhorifai88@student.uns.ac.id', NULL, '2023-05-17 09:44:48', 0),
	(2052, '103.132.231.221', 'ridhorifai88@student.uns.ac.id', NULL, '2023-05-17 09:45:26', 0),
	(2053, '103.132.231.221', 'ridhorifai88@student.uns.ac.id', NULL, '2023-05-17 09:47:37', 0),
	(2054, '103.132.231.221', 'muhammadhanifarafi@student.uns.ac.id', 23, '2023-05-17 09:47:59', 1),
	(2055, '182.253.217.245', 'ardianita06@gmail.com', 6, '2023-05-17 10:02:46', 1),
	(2056, '112.215.173.250', 'ardianita06@gmail.com', 6, '2023-05-17 10:32:54', 1),
	(2057, '103.132.231.221', 'muhammadhanifarafi@student.uns.ac.id', 23, '2023-05-17 10:42:03', 1),
	(2058, '118.99.83.93', 'ardianita06@gmail.com', 6, '2023-05-17 10:58:05', 1),
	(2059, '103.160.184.6', 'ardianita06@gmail.com', 6, '2023-05-17 11:13:14', 1),
	(2060, '103.189.201.9', 'ardianita06@gmail.com', 6, '2023-05-17 11:32:31', 1),
	(2061, '103.189.201.9', 'ardianita06@gmail.com', 6, '2023-05-17 11:32:32', 1),
	(2062, '103.189.201.9', 'ardianita06@gmail.com', 6, '2023-05-17 11:32:32', 1),
	(2063, '103.189.201.9', 'ardianita06@gmail.com', 6, '2023-05-17 11:32:34', 1),
	(2064, '103.160.184.6', 'ardianita06@gmail.com', 6, '2023-05-17 11:58:45', 1),
	(2065, '118.99.83.93', 'ahmadnurwakit@gmail.com', 44, '2023-05-17 12:01:50', 1),
	(2066, '112.215.173.250', 'email@gmail.com', 36, '2023-05-17 12:11:27', 1),
	(2067, '112.215.173.250', 'muhammadhanifarafi@gmail.com', 29, '2023-05-17 12:18:19', 1),
	(2068, '103.132.231.221', 'muhammadhanifarafi@student.uns.ac.id', 23, '2023-05-17 12:48:41', 1),
	(2069, '112.215.173.250', 'email@gmail.com', 36, '2023-05-17 13:17:40', 1),
	(2070, '103.132.231.221', 'muhammadhanifarafi@student.uns.ac.id', 23, '2023-05-17 14:09:16', 1),
	(2071, '114.4.221.100', 'muhammadhanifarafi@student.uns.ac.id', 23, '2023-05-17 14:44:58', 1),
	(2072, '114.4.221.100', 'muhammadhanifarafi@student.uns.ac.id', 23, '2023-05-17 14:45:00', 1),
	(2073, '103.132.231.221', 'muhammadhanifarafi@student.uns.ac.id', 23, '2023-05-17 14:46:52', 1),
	(2074, '103.189.201.9', 'ardianita06@gmail.com', 6, '2023-05-17 14:48:58', 1),
	(2075, '103.189.201.9', 'ardianita06@gmail.com', 6, '2023-05-17 14:55:13', 1),
	(2076, '103.189.201.9', 'ardianita06@gmail.com', NULL, '2023-05-17 15:00:24', 0),
	(2077, '103.189.201.9', 'ardianita06@gmail.com', 6, '2023-05-17 15:00:29', 1),
	(2078, '103.189.201.9', 'ardianita06@gmail.com', 6, '2023-05-17 15:00:35', 1),
	(2079, '103.189.201.9', 'ardianita06@gmail.com', 6, '2023-05-17 15:00:35', 1),
	(2080, '103.184.180.97', 'ardianita06@gmail.com', 6, '2023-05-17 15:18:57', 1),
	(2081, '103.189.201.9', 'ardianita06@gmail.com', 6, '2023-05-17 15:33:31', 1),
	(2082, '103.189.201.9', 'darmawan123@gmail.com', 41, '2023-05-17 15:33:41', 1),
	(2083, '103.189.201.9', 'hanifarafi7@gmail.com', NULL, '2023-05-17 15:35:09', 0),
	(2084, '103.189.201.9', 'hanifarafi7@gmail.com', NULL, '2023-05-17 15:35:14', 0),
	(2085, '103.189.201.9', 'hanifarafi7@gmail.com', NULL, '2023-05-17 15:35:25', 0),
	(2086, '103.189.201.9', 'hanifarafi7@gmail.com', NULL, '2023-05-17 15:35:39', 0),
	(2087, '103.189.201.9', 'ardianita06@gmail.com', 6, '2023-05-17 15:36:23', 1),
	(2088, '103.189.201.9', 'fajri2002', NULL, '2023-05-17 15:40:03', 0),
	(2089, '103.189.201.9', 'muhammadhanifarafi@student.uns.ac.id', 23, '2023-05-17 15:40:14', 1),
	(2090, '103.189.201.9', 'muhammadhanifarafi@student.uns.ac.id', 23, '2023-05-17 15:54:05', 1),
	(2091, '103.189.201.9', 'ardianita06@gmail.com', 6, '2023-05-17 16:02:06', 1),
	(2092, '103.184.180.97', 'muhammadhanifarafi@student.uns.ac.id', 23, '2023-05-17 16:39:08', 1),
	(2093, '103.189.201.9', 'ardianita06@gmail.com', 6, '2023-05-17 16:55:39', 1),
	(2094, '103.160.184.6', 'yeiko', NULL, '2023-05-17 17:27:08', 0),
	(2095, '103.160.184.6', 'muhammadhanifarafi@gmail.com', 29, '2023-05-17 17:27:18', 1),
	(2096, '103.160.184.6', 'indigo1', NULL, '2023-05-17 17:28:24', 0),
	(2097, '103.160.184.6', 'indigo1', NULL, '2023-05-17 17:28:59', 0),
	(2098, '103.160.184.6', 'ardianita06@gmail.com', 6, '2023-05-17 17:29:32', 1),
	(2099, '103.160.184.6', 'email@gmail.com', 36, '2023-05-17 17:37:10', 1),
	(2100, '182.253.217.245', 'ardianita06@gmail.com', 6, '2023-05-17 17:45:50', 1),
	(2101, '182.253.217.245', 'ahmadnurwakit@gmail.com', 44, '2023-05-17 17:47:39', 1),
	(2102, '140.213.44.7', 'ardianita06@gmail.com', 6, '2023-05-17 18:33:49', 1),
	(2103, '182.253.217.245', 'ardianita06@gmail.com', 6, '2023-05-17 18:47:54', 1),
	(2104, '103.160.184.6', 'ardianita06@gmail.com', 6, '2023-05-17 18:49:40', 1),
	(2105, '182.253.217.245', 'trisna123@gmail.com', 46, '2023-05-17 19:02:15', 1),
	(2106, '182.253.217.245', 'ahmadnurwakit@gmail.com', 44, '2023-05-17 19:03:55', 1),
	(2107, '140.213.44.7', 'ardianita06@gmail.com', 6, '2023-05-17 19:09:08', 1),
	(2108, '103.189.201.9', 'ardianita06@gmail.com', 6, '2023-05-17 19:22:47', 1),
	(2109, '103.189.201.9', 'ardianita06@gmail.com', 6, '2023-05-17 19:22:48', 1),
	(2110, '140.213.40.23', 'ardianita06@gmail.com', 6, '2023-05-17 19:43:42', 1),
	(2111, '140.213.164.110', 'email@gmail.com', 36, '2023-05-17 19:50:04', 1),
	(2112, '140.213.162.142', 'muhammadhanifarafi@gmail.com', 29, '2023-05-17 20:01:12', 1),
	(2113, '140.213.164.110', 'email@gmail.com', 36, '2023-05-17 20:03:29', 1),
	(2114, '182.253.217.245', 'wibiatisekark@student.uns.ac.id', 34, '2023-05-17 20:09:00', 1),
	(2115, '203.78.117.185', 'ardianita06@gmail.com', 6, '2023-05-17 20:30:18', 1),
	(2116, '103.160.184.6', 'ardianita06@gmail.com', 6, '2023-05-17 20:50:23', 1),
	(2117, '103.160.184.6', 'email@gmail.com', 36, '2023-05-17 20:51:55', 1),
	(2118, '140.213.162.142', 'muhammadhanifarafi@gmail.com', 29, '2023-05-17 21:01:03', 1),
	(2119, '125.166.9.184', 'muhammadhanifarafi@student.uns.ac.id', 23, '2023-05-17 21:07:42', 1),
	(2120, '103.189.201.9', 'ardianita06@gmail.com', NULL, '2023-05-17 21:21:58', 0),
	(2121, '103.189.201.9', 'ardianita06@gmail.com', NULL, '2023-05-17 21:22:01', 0),
	(2122, '103.189.201.9', 'ardianita06@gmail.com', NULL, '2023-05-17 21:22:05', 0),
	(2123, '103.189.201.9', 'ardianita06@gmail.com', NULL, '2023-05-17 21:22:08', 0),
	(2124, '103.189.201.9', 'ardianita06@gmail.com', NULL, '2023-05-17 21:22:09', 0),
	(2125, '103.189.201.9', 'ardianita06@gmail.com', NULL, '2023-05-17 21:22:12', 0),
	(2126, '103.189.201.9', 'ardianita06@gmail.com', NULL, '2023-05-17 21:22:13', 0),
	(2127, '103.189.201.9', 'ardianita06@gmail.com', NULL, '2023-05-17 21:22:14', 0),
	(2128, '103.189.201.9', 'ardianita06@gmail.com', NULL, '2023-05-17 21:22:15', 0),
	(2129, '103.189.201.9', 'ardianita06@gmail.com', NULL, '2023-05-17 21:22:16', 0),
	(2130, '103.189.201.9', 'ardianita06@gmail.com', NULL, '2023-05-17 21:22:17', 0),
	(2131, '103.189.201.9', 'ardianita06@gmail.com', 6, '2023-05-17 21:22:30', 1),
	(2132, '103.189.201.9', 'ardianita06@gmail.com', 6, '2023-05-17 21:22:33', 1),
	(2133, '103.189.201.9', 'ardianita06@gmail.com', 6, '2023-05-17 21:22:34', 1),
	(2134, '103.160.184.6', 'ardianita06@gmail.com', 6, '2023-05-17 21:23:36', 1),
	(2135, '103.160.184.6', 'email@gmail.com', 36, '2023-05-17 21:27:15', 1),
	(2136, '114.4.221.100', 'muhammadhanifarafi@student.uns.ac.id', 23, '2023-05-17 22:30:53', 1),
	(2137, '103.189.201.9', 'indigo1', NULL, '2023-05-17 22:31:00', 0),
	(2138, '103.189.201.9', 'indigo1', NULL, '2023-05-17 22:31:21', 0),
	(2139, '103.189.201.9', 'indigo1', NULL, '2023-05-17 22:31:33', 0),
	(2140, '103.189.201.9', 'email@gmail.com', 36, '2023-05-17 22:31:44', 1),
	(2141, '140.213.164.110', 'email@gmail.com', 36, '2023-05-17 22:36:33', 1),
	(2142, '203.78.117.185', 'lindarahmawati011001@gmail.com', 7, '2023-05-17 22:48:30', 1),
	(2143, '203.78.117.185', 'muhammadhanifarafi@gmail.com', 29, '2023-05-17 22:51:45', 1),
	(2144, '103.160.184.6', 'email@gmail.com', 36, '2023-05-17 22:58:43', 1),
	(2145, '203.78.117.185', 'ardianita06@gmail.com', 6, '2023-05-17 22:59:26', 1),
	(2146, '203.78.117.185', 'muhammadhanifarafi@gmail.com', 29, '2023-05-17 23:00:28', 1),
	(2147, '203.78.117.185', 'ardianita06@gmail.com', 6, '2023-05-17 23:08:16', 1),
	(2148, '114.4.221.100', 'ardianita06@gmail.com', 6, '2023-05-17 23:15:25', 1),
	(2149, '140.213.164.110', 'muhammadhanifarafi@gmail.com', 29, '2023-05-17 23:16:08', 1),
	(2150, '114.4.221.100', 'rendratrikusuma@student.uns.ac.id', NULL, '2023-05-17 23:18:37', 0),
	(2151, '114.4.221.100', 'rendratrikusuma@student.uns.ac.id', 3, '2023-05-17 23:21:49', 1),
	(2152, '103.160.184.6', 'ardianita06@gmail.com', 6, '2023-05-17 23:27:00', 1),
	(2153, '140.213.164.110', 'ardianita06@gmail.com', 6, '2023-05-17 23:30:21', 1),
	(2154, '125.166.9.184', 'rendratrikusuma@student.uns.ac.id', 3, '2023-05-18 07:12:24', 1),
	(2155, '125.166.9.184', 'rendratrikusuma@student.uns.ac.id', 3, '2023-05-18 07:12:24', 1),
	(2156, '114.4.221.100', 'rendratrikusuma@student.uns.ac.id', 3, '2023-05-18 07:25:40', 1),
	(2157, '114.4.221.100', 'rendratrikusuma@student.uns.ac.id', 3, '2023-05-18 08:02:42', 1),
	(2158, '103.189.201.9', 'ardianita06@gmail.com', 6, '2023-05-18 08:20:15', 1),
	(2159, '103.189.201.9', 'ardianita06@gmail.com', 6, '2023-05-18 08:36:51', 1),
	(2160, '103.189.201.9', 'ardianita06@gmail.com', 6, '2023-05-18 08:36:55', 1),
	(2161, '103.189.201.9', 'ardianita06@gmail.com', 6, '2023-05-18 08:36:55', 1),
	(2162, '103.189.201.9', 'ardianita06@gmail.com', 6, '2023-05-18 08:36:59', 1),
	(2163, '103.189.201.9', 'ardianita06@gmail.com', 6, '2023-05-18 08:36:59', 1),
	(2164, '114.4.221.100', 'ardianita06@gmail.com', 6, '2023-05-18 08:37:36', 1),
	(2165, '103.189.201.9', 'ahmadyunus123', NULL, '2023-05-18 08:39:19', 0),
	(2166, '103.189.201.9', 'ahmadyunus123', NULL, '2023-05-18 08:39:27', 0),
	(2167, '103.189.201.9', 'ahmadyunus123@gmail.com', 82, '2023-05-18 08:39:40', 1),
	(2168, '103.189.201.9', 'ardianita06@gmail.com', 6, '2023-05-18 08:46:51', 1),
	(2169, '103.189.201.9', 'ardianita06@gmail.com', 6, '2023-05-18 08:46:54', 1),
	(2170, '103.189.201.9', 'ardianita06@gmail.com', 6, '2023-05-18 08:46:57', 1),
	(2171, '103.189.201.9', 'ahmadyunus123@gmail.com', 88, '2023-05-18 09:03:17', 1),
	(2172, '103.189.201.9', 'ahmadyunus123@gmail.com', 88, '2023-05-18 09:03:22', 1),
	(2173, '103.189.201.9', 'ardianita06@gmail.com', 6, '2023-05-18 09:28:43', 1),
	(2174, '103.189.201.9', 'ardianita06@gmail.com', 6, '2023-05-18 09:33:54', 1),
	(2175, '103.160.184.6', 'ardianita06@gmail.com', 6, '2023-05-18 10:49:23', 1),
	(2176, '103.160.184.6', 'email@gmail.com', 36, '2023-05-18 11:37:57', 1),
	(2177, '103.160.184.6', 'indigo1', NULL, '2023-05-18 11:47:16', 0),
	(2178, '103.160.184.6', 'email@gmail.com', 36, '2023-05-18 11:47:31', 1),
	(2179, '103.160.184.6', 'muhammadhanifarafi@gmail.com', 29, '2023-05-18 12:18:29', 1),
	(2180, '140.213.162.142', 'muhammadhanifarafi@gmail.com', 29, '2023-05-18 12:27:57', 1),
	(2181, '140.213.164.110', 'ardianita06@gmail.com', 6, '2023-05-18 12:31:53', 1),
	(2182, '103.160.184.6', 'email@gmail.com', 36, '2023-05-18 12:32:28', 1),
	(2183, '103.160.184.6', 'muhammadhanifarafi@gmail.com', 29, '2023-05-18 12:42:31', 1),
	(2184, '103.160.184.6', 'email@gmail.com', 36, '2023-05-18 13:11:33', 1),
	(2185, '103.160.184.6', 'yeiko', NULL, '2023-05-18 13:13:12', 0),
	(2186, '103.160.184.6', 'muhammadhanifarafi@gmail.com', 29, '2023-05-18 13:13:21', 1),
	(2187, '120.188.80.221', 'ardianita06@gmail.com', 6, '2023-05-18 13:21:59', 1),
	(2188, '120.188.80.221', 'trisna123', NULL, '2023-05-18 13:24:55', 0),
	(2189, '120.188.80.221', 'trisna123@gmail.com', 46, '2023-05-18 13:25:10', 1),
	(2190, '125.166.8.181', 'muhammadhanifarafi@student.uns.ac.id', 23, '2023-05-18 13:30:16', 1),
	(2191, '125.166.8.181', 'ardianita06@gmail.com', 6, '2023-05-18 13:30:31', 1),
	(2192, '125.166.8.181', 'muhammadhanifarafi@student.uns.ac.id', 23, '2023-05-18 13:31:35', 1),
	(2193, '140.213.162.142', 'ardianita06@gmail.com', 6, '2023-05-18 13:41:00', 1),
	(2194, '103.189.201.9', 'ardianita06@gmail.com', 6, '2023-05-18 14:06:34', 1),
	(2195, '112.215.172.9', 'nitt', NULL, '2023-05-18 14:07:01', 0),
	(2196, '112.215.172.9', 'nitt', NULL, '2023-05-18 14:07:09', 0),
	(2197, '112.215.172.9', 'ardianita06@gmail.com', 6, '2023-05-18 14:07:22', 1),
	(2198, '140.213.164.110', 'indigo1', NULL, '2023-05-18 14:13:24', 0),
	(2199, '140.213.164.110', 'indigo1', NULL, '2023-05-18 14:13:27', 0),
	(2200, '140.213.162.142', 'email@gmail.com', 36, '2023-05-18 14:13:40', 1),
	(2201, '125.166.8.181', 'muhammadhanifarafi@student.uns.ac.id', 23, '2023-05-18 14:21:01', 1),
	(2202, '140.213.162.142', 'muhammadhanifarafi@gmail.com', 29, '2023-05-18 14:37:40', 1),
	(2203, '112.215.172.9', 'muhammadhanifarafi@gmail.com', 29, '2023-05-18 14:59:39', 1),
	(2204, '112.215.172.9', 'ardianita06@gmail.com', 6, '2023-05-18 15:01:00', 1),
	(2205, '112.215.172.9', 'ardianita06@gmail.com', 6, '2023-05-18 15:51:18', 1),
	(2206, '112.215.172.9', 'Linda', NULL, '2023-05-18 16:00:18', 0),
	(2207, '112.215.172.9', 'lindarahmawati011001@gmail.com', 7, '2023-05-18 16:00:32', 1),
	(2208, '112.215.172.9', 'muhammadhanifarafi@gmail.com', 29, '2023-05-18 16:09:03', 1),
	(2209, '103.189.201.9', 'darmawan123@gmail.com', 41, '2023-05-18 16:54:14', 1),
	(2210, '103.189.201.9', 'darmawan123@gmail.com', 41, '2023-05-18 16:54:16', 1),
	(2211, '103.184.180.97', 'muhammadhanifarafi@student.uns.ac.id', 23, '2023-05-18 17:15:58', 1),
	(2212, '103.184.180.97', 'rendratrikusuma@student.uns.ac.id', 3, '2023-05-18 17:31:03', 1),
	(2213, '103.184.180.97', 'muhammadhanifarafi@student.uns.ac.id', 23, '2023-05-18 17:50:48', 1),
	(2214, '103.184.180.97', 'ardianita06@gmail.com', 6, '2023-05-18 17:51:26', 1),
	(2215, '103.184.180.97', 'ardianita06@gmail.com', 6, '2023-05-18 18:25:29', 1),
	(2216, '182.253.217.130', 'ardianita06@gmail.com', 6, '2023-05-18 18:35:30', 1),
	(2217, '182.253.217.130', 'trisna123@gmail.com', 46, '2023-05-18 18:36:47', 1),
	(2218, '118.99.83.93', 'wibiatisekark@student.uns.ac.id', 34, '2023-05-18 18:40:28', 1),
	(2219, '182.253.217.130', 'ahmadnurwakit@gmail.com', 44, '2023-05-18 18:56:06', 1),
	(2220, '103.189.201.9', 'ardianita06@gmail.com', 6, '2023-05-18 19:10:01', 1),
	(2221, '103.189.201.9', 'ardianita06@gmail.com', 6, '2023-05-18 19:10:06', 1),
	(2222, '103.160.184.6', 'ardianita06@gmail.com', 6, '2023-05-18 19:36:45', 1),
	(2223, '103.184.180.97', 'muhammadhanifarafi@student.uns.ac.id', 23, '2023-05-18 19:43:57', 1),
	(2224, '103.184.180.97', 'ardianita06@gmail.com', 6, '2023-05-18 20:03:26', 1),
	(2225, '103.160.184.6', 'ardianita06@gmail.com', 6, '2023-05-18 20:41:01', 1),
	(2226, '103.160.184.6', 'oktariniarossaa@gmail.com', 33, '2023-05-18 20:49:56', 1),
	(2227, '112.215.173.148', 'ardianita06@gmail.com', 6, '2023-05-18 21:01:11', 1),
	(2228, '114.4.221.100', 'ardianita06@gmail.com', 6, '2023-05-18 21:59:43', 1),
	(2229, '182.253.217.130', 'ahmadnurwakit@gmail.com', 44, '2023-05-18 22:06:07', 1),
	(2230, '125.166.9.75', 'ardianita06@gmail.com', 6, '2023-05-18 22:29:09', 1),
	(2231, '125.166.9.75', 'muhammadhanifarafi@student.uns.ac.id', 23, '2023-05-18 22:35:43', 1),
	(2232, '112.215.173.148', 'ardianita06@gmail.com', 6, '2023-05-18 22:42:00', 1),
	(2233, '112.215.173.148', 'muhammadhanifarafi@gmail.com', 29, '2023-05-18 22:51:26', 1),
	(2234, '112.215.173.148', 'ardianita06@gmail.com', 6, '2023-05-18 22:54:32', 1),
	(2235, '125.166.9.75', 'ardianita06@gmail.com', 6, '2023-05-18 22:55:59', 1),
	(2236, '125.166.9.75', 'ahmadizulfikar123@gmail.com', 96, '2023-05-18 23:05:01', 1),
	(2237, '112.215.173.148', 'lindarahmawati011001@gmail.com', 7, '2023-05-18 23:05:03', 1),
	(2238, '103.189.201.9', 'ardianita06@gmail.com', 6, '2023-05-18 23:05:08', 1),
	(2239, '112.215.173.148', 'muhammadhanifarafi@gmail.com', 29, '2023-05-18 23:07:36', 1),
	(2240, '125.166.9.75', 'ardianita06@gmail.com', 6, '2023-05-18 23:11:07', 1),
	(2241, '125.166.9.75', 'ahmadizulfikar123@gmail.com', 96, '2023-05-18 23:13:54', 1),
	(2242, '103.160.184.6', 'ardianita06@gmail.com', 6, '2023-05-18 23:49:10', 1),
	(2243, '125.166.9.75', 'ahmadizulfikar123@gmail.com', 96, '2023-05-19 00:00:15', 1),
	(2244, '103.160.184.6', 'oktarinia', NULL, '2023-05-19 00:04:26', 0),
	(2245, '103.160.184.6', 'oktariniarossaa@gmail.com', 33, '2023-05-19 00:04:35', 1),
	(2246, '114.4.221.100', 'ardianita06@gmail.com', 6, '2023-05-19 00:07:47', 1),
	(2247, '114.4.221.100', 'muhammadhanifarafi@student.uns.ac.id', 23, '2023-05-19 00:08:26', 1),
	(2248, '182.253.217.130', 'wibiatisekark@student.uns.ac.id', 34, '2023-05-19 06:43:10', 1),
	(2249, '182.253.217.130', 'ahmadnurwakit@gmail.com', 44, '2023-05-19 06:43:31', 1),
	(2250, '114.4.221.100', 'muhammadhanifarafi@student.uns.ac.id', 23, '2023-05-19 07:02:29', 1),
	(2251, '114.4.221.100', 'muhammadhanifarafi@student.uns.ac.id', 23, '2023-05-19 07:02:33', 1),
	(2252, '182.253.217.130', 'ahmadnurwakit@gmail.com', 44, '2023-05-19 07:17:36', 1),
	(2253, '125.166.9.184', 'ardianita06@gmail.com', 6, '2023-05-19 07:27:45', 1),
	(2254, '182.253.217.130', 'wibiatisekark@student.uns.ac.id', 34, '2023-05-19 07:37:00', 1),
	(2255, '182.253.217.130', 'ahmadnurwakit@gmail.com', 44, '2023-05-19 08:36:46', 1),
	(2256, '182.253.217.130', 'ahmadnurwakit@gmail.com', 44, '2023-05-19 08:37:35', 1),
	(2257, '182.253.217.130', 'ardianita06@gmail.com', 6, '2023-05-19 08:37:51', 1),
	(2258, '182.253.217.130', 'wibiatisekark@student.uns.ac.id', 34, '2023-05-19 08:38:50', 1),
	(2259, '182.253.217.130', 'ahmadnurwakit@gmail.com', 44, '2023-05-19 08:45:04', 1),
	(2260, '103.189.201.9', 'ardianita06@gmail.com', 6, '2023-05-19 09:04:49', 1),
	(2261, '103.132.231.221', 'ardianita06@gmail.com', 6, '2023-05-19 10:04:11', 1),
	(2262, '125.166.8.58', 'ahmadnurwakit@gmail.com', 44, '2023-05-19 10:54:32', 1),
	(2263, '125.166.8.58', 'wibiatisekark@student.uns.ac.id', 34, '2023-05-19 11:00:45', 1),
	(2264, '103.132.231.221', 'muhammadhanifarafi@student.uns.ac.id', 23, '2023-05-19 11:04:28', 1),
	(2265, '103.132.231.221', 'ardianita06@gmail.com', 6, '2023-05-19 12:52:33', 1),
	(2266, '120.188.80.221', 'ardianita06@gmail.com', 6, '2023-05-19 13:47:42', 1),
	(2267, '103.160.184.6', 'ardianita06@gmail.com', 6, '2023-05-19 14:24:40', 1),
	(2268, '103.160.184.6', 'ardianita06@gmail.com', 6, '2023-05-19 14:59:16', 1),
	(2269, '103.184.180.97', 'ardianita06@gmail.com', 6, '2023-05-19 14:59:50', 1),
	(2270, '103.184.180.97', 'ardianita06@gmail.com', 6, '2023-05-19 15:13:54', 1),
	(2271, '182.2.37.133', 'email@gmail.com', 36, '2023-05-19 16:10:10', 1),
	(2272, '182.2.37.133', 'muhammadhanifarafi@gmail.com', 29, '2023-05-19 16:13:16', 1),
	(2273, '114.4.221.100', 'ardianita06@gmail.com', 6, '2023-05-19 16:35:50', 1),
	(2274, '114.4.221.100', 'ardianita06@gmail.com', 6, '2023-05-19 16:35:51', 1),
	(2275, '182.2.37.133', 'ardianitafzyh@gmail.com', 28, '2023-05-19 16:36:14', 1),
	(2276, '103.160.184.6', 'ardianita06@gmail.com', 6, '2023-05-19 16:37:33', 1),
	(2277, '182.2.37.133', 'oktariniarossaa@gmail.com', 33, '2023-05-19 16:42:05', 1),
	(2278, '182.2.37.133', 'muhammadhanifarafi@gmail.com', 29, '2023-05-19 16:45:28', 1),
	(2279, '182.2.37.133', 'email@gmail.com', 36, '2023-05-19 16:47:33', 1),
	(2280, '182.2.37.133', 'ardianita06@gmail.com', 6, '2023-05-19 16:52:24', 1),
	(2281, '182.2.37.133', 'ivan@gmail.com', 97, '2023-05-19 16:54:54', 1),
	(2282, '103.160.184.6', 'email@gmail.com', 36, '2023-05-19 17:19:02', 1),
	(2283, '182.2.37.133', 'ardianita06@gmail.com', 6, '2023-05-19 17:26:54', 1),
	(2284, '125.166.9.184', 'ardianita06@gmail.com', 6, '2023-05-19 18:25:54', 1),
	(2285, '101.128.111.178', 'email@gmail.com', 36, '2023-05-19 19:02:36', 1),
	(2286, '101.128.111.178', 'ahmadnurwakit@gmail.com', 44, '2023-05-19 19:03:55', 1),
	(2287, '101.128.111.178', 'muhammadhanifarafi@gmail.com', 29, '2023-05-19 19:05:35', 1),
	(2288, '101.128.111.178', 'ardianita06@gmail.com', 6, '2023-05-19 19:31:50', 1),
	(2289, '101.128.111.178', 'email@gmail.com', 36, '2023-05-19 19:49:03', 1),
	(2290, '101.128.111.178', 'yeiko123', NULL, '2023-05-19 19:54:15', 0),
	(2291, '101.128.111.178', 'muhammadhanifarafi@gmail.com', 29, '2023-05-19 19:54:24', 1),
	(2292, '101.128.111.178', 'wibiatisekark@student.uns.ac.id', 34, '2023-05-19 19:55:39', 1),
	(2293, '101.128.111.178', 'yeiko123', NULL, '2023-05-19 20:10:39', 0),
	(2294, '101.128.111.178', 'muhammadhanifarafi@gmail.com', 29, '2023-05-19 20:10:54', 1),
	(2295, '101.128.111.178', 'ardianita06@gmail.com', NULL, '2023-05-19 20:12:46', 0),
	(2296, '101.128.111.178', 'ardianita06@gmail.com', 6, '2023-05-19 20:13:03', 1),
	(2297, '101.128.111.178', 'ardianita06@gmail.com', 6, '2023-05-19 20:30:34', 1),
	(2298, '101.128.111.178', 'email@gmail.com', 36, '2023-05-19 20:37:13', 1),
	(2299, '114.4.221.100', 'ardianita06@gmail.com', 6, '2023-05-19 20:53:51', 1),
	(2300, '101.128.111.178', 'ardianita06@gmail.com', 6, '2023-05-19 21:05:00', 1),
	(2301, '101.128.111.178', 'muhammadhanifarafi@gmail.com', 29, '2023-05-19 21:23:21', 1),
	(2302, '101.128.111.178', 'ardianita06@gmail.com', 6, '2023-05-19 21:32:27', 1),
	(2303, '101.128.111.178', 'ahmadnurwakit@gmail.com', 44, '2023-05-19 21:56:09', 1),
	(2304, '114.4.221.100', 'ardianita06@gmail.com', 6, '2023-05-19 22:07:49', 1),
	(2305, '140.213.219.142', 'ardianita06@gmail.com', 6, '2023-05-19 22:29:50', 1),
	(2306, '140.213.219.142', 'ardianita06@gmail.com', 6, '2023-05-19 22:39:26', 1),
	(2307, '114.4.221.100', 'ardianita06@gmail.com', 6, '2023-05-19 22:39:53', 1),
	(2308, '140.213.44.210', 'ardianita06@gmail.com', 6, '2023-05-19 23:08:52', 1),
	(2309, '114.4.221.100', 'ardianita06@gmail.com', 6, '2023-05-19 23:12:57', 1),
	(2310, '182.253.217.130', 'ahmadnurwakit@gmail.com', 44, '2023-05-19 23:17:18', 1),
	(2311, '140.213.59.77', 'ardianita06@gmail.com', 6, '2023-05-19 23:29:44', 1),
	(2312, '140.213.59.77', 'ardianita06@gmail.com', 6, '2023-05-19 23:41:49', 1),
	(2313, '125.166.9.184', 'ardianita06@gmail.com', 6, '2023-05-19 23:51:33', 1),
	(2314, '140.213.59.77', 'ardianita06@gmail.com', 6, '2023-05-19 23:52:21', 1),
	(2315, '103.160.184.4', 'muhammadhanifarafi@gmail.com', 29, '2023-05-19 23:56:33', 1),
	(2316, '103.160.184.4', 'email@gmail.com', 36, '2023-05-19 23:56:36', 1),
	(2317, '118.99.83.93', 'ahmadnurwakit@gmail.com', 44, '2023-05-20 00:05:07', 1),
	(2318, '182.253.217.130', 'ardianita06@gmail.com', 6, '2023-05-20 00:06:44', 1),
	(2319, '182.253.217.130', 'ardianita06@gmail.com', NULL, '2023-05-20 00:54:12', 0),
	(2320, '182.253.217.130', 'ahmadnurwakit@gmail.com', 44, '2023-05-20 00:54:25', 1),
	(2321, '140.213.59.77', 'ardianita06@gmail.com', 6, '2023-05-20 01:16:04', 1),
	(2322, '125.166.9.75', 'ahmadizulfikar123@gmail.com', 96, '2023-05-20 01:33:43', 1),
	(2323, '140.213.59.77', 'ardianita06@gmail.com', 6, '2023-05-20 01:42:21', 1),
	(2324, '140.213.59.77', 'ardianita06@gmail.com', 6, '2023-05-20 01:50:24', 1),
	(2325, '182.253.217.130', 'ardianita06@gmail.com', 6, '2023-05-20 01:54:13', 1),
	(2326, '140.213.176.34', 'ardianita06@gmail.com', 6, '2023-05-20 03:04:22', 1),
	(2327, '103.189.201.9', 'ardianita06@gmail.com', 6, '2023-05-20 05:08:05', 1),
	(2328, '103.189.201.9', 'ardianita06@gmail.com', 6, '2023-05-20 05:08:09', 1),
	(2329, '103.189.201.9', 'ardianita06@gmail.com', 6, '2023-05-20 05:08:13', 1),
	(2330, '140.213.170.190', 'ardianita06@gmail.com', 6, '2023-05-20 05:58:14', 1),
	(2331, '140.213.170.190', 'ardianita06@gmail.com', 6, '2023-05-20 06:38:09', 1),
	(2332, '140.213.176.34', 'ardianita06@gmail.com', 6, '2023-05-20 06:39:34', 1),
	(2333, '103.189.201.9', 'ardianita06@gmail.com', 6, '2023-05-20 07:36:19', 1),
	(2334, '103.189.201.9', 'ardianita06@gmail.com', 6, '2023-05-20 07:38:25', 1),
	(2335, '103.189.201.9', 'fajri2002', NULL, '2023-05-20 07:38:42', 0),
	(2336, '103.189.201.9', 'fajri2002', NULL, '2023-05-20 07:38:46', 0),
	(2337, '103.189.201.9', 'fajri2002', NULL, '2023-05-20 07:38:50', 0),
	(2338, '103.189.201.9', 'muhammadhanifarafi@student.uns.ac.id', 23, '2023-05-20 07:39:09', 1),
	(2339, '103.189.201.9', 'darmawan123@gmail.com', 41, '2023-05-20 07:40:02', 1),
	(2340, '103.189.201.9', 'darmawan123@gmail.com', 41, '2023-05-20 07:45:02', 1),
	(2341, '120.188.74.252', 'ardianita06@gmail.com', 6, '2023-05-20 08:50:16', 1),
	(2342, '120.188.74.252', 'ardianita06@gmail.com', 6, '2023-05-20 09:55:47', 1),
	(2343, '140.213.42.148', 'ardianita06@gmail.com', 6, '2023-05-20 10:37:33', 1),
	(2344, '140.213.42.148', 'ardianita06@gmail.com', 6, '2023-05-20 11:38:07', 1),
	(2345, '103.189.201.9', 'ardianita06@gmail.com', 6, '2023-05-20 11:58:16', 1),
	(2346, '120.188.74.252', 'ardianita06@gmail.com', 6, '2023-05-20 12:08:39', 1),
	(2347, '120.188.74.252', 'viorellasv@student.uns.ac.id', 101, '2023-05-20 14:05:07', 1),
	(2348, '120.188.74.252', 'ardianita06@gmail.com', 6, '2023-05-20 14:15:26', 1),
	(2349, '103.160.184.4', 'ardianita06@gmail.com', 6, '2023-05-20 15:05:39', 1),
	(2350, '103.189.201.9', 'darmawan123@gmail.com', 41, '2023-05-20 17:50:29', 1),
	(2351, '103.189.201.9', 'ardianita06@gmail.com', 6, '2023-05-20 17:56:05', 1),
	(2352, '103.189.201.9', 'ardianita06@gmail.com', 6, '2023-05-20 17:56:07', 1),
	(2353, '103.189.201.9', 'darmawan123', NULL, '2023-05-20 17:57:30', 0),
	(2354, '103.189.201.9', 'ardianita06@gmail.com', 6, '2023-05-20 17:57:53', 1),
	(2355, '120.188.74.252', 'ardianita06@gmail.com', 6, '2023-05-20 17:58:43', 1),
	(2356, '120.188.74.252', 'ardianita06@gmail.com', 6, '2023-05-20 17:58:45', 1),
	(2357, '103.189.201.9', 'fajri2002', NULL, '2023-05-20 18:22:20', 0),
	(2358, '103.189.201.9', 'fajri2002', NULL, '2023-05-20 18:22:26', 0),
	(2359, '103.189.201.9', 'muhammadhanifarafi@student.uns.ac.id', 23, '2023-05-20 18:22:35', 1),
	(2360, '120.188.74.252', 'ardianita06@gmail.com', 6, '2023-05-20 18:29:00', 1),
	(2361, '103.189.201.9', 'darmawan123@gmail.com', 41, '2023-05-20 18:40:33', 1),
	(2362, '120.188.74.252', 'ardianita06@gmail.com', 6, '2023-05-20 19:30:37', 1),
	(2363, '103.189.201.9', 'ardianita06@gmail.com', 6, '2023-05-20 19:37:30', 1),
	(2364, '103.189.201.9', 'muhammadhanifarafi@student.uns.ac.id', 23, '2023-05-20 19:38:15', 1),
	(2365, '103.189.201.9', 'muhammadhanifarafi@student.uns.ac.id', 23, '2023-05-20 19:38:15', 1),
	(2366, '103.189.201.9', 'darmawan123@gmail.com', 41, '2023-05-20 19:38:35', 1),
	(2367, '103.189.201.9', 'ardianita06@gmail.com', 6, '2023-05-20 19:49:16', 1),
	(2368, '103.189.201.9', 'darmawan123', NULL, '2023-05-20 19:50:13', 0),
	(2369, '103.189.201.9', 'darmawan123', NULL, '2023-05-20 19:50:15', 0),
	(2370, '103.189.201.9', 'darmawan123', NULL, '2023-05-20 19:50:26', 0),
	(2371, '103.189.201.9', 'darmawan123@gmail.com', 41, '2023-05-20 19:50:34', 1),
	(2372, '120.188.74.252', 'ardianita06@gmail.com', 6, '2023-05-20 20:36:45', 1),
	(2373, '182.253.217.130', 'ahmadnurwakit@gmail.com', 44, '2023-05-20 20:46:51', 1),
	(2374, '118.99.83.93', 'ardianita06@gmail.com', 6, '2023-05-20 20:53:56', 1),
	(2375, '103.160.184.4', 'ardianita06@gmail.com', 6, '2023-05-20 21:22:30', 1),
	(2376, '120.188.74.252', 'rendratrikusuma@student.uns.ac.id', 3, '2023-05-20 21:38:09', 1),
	(2377, '120.188.74.252', 'rendratrikusuma@student.uns.ac.id', 3, '2023-05-20 22:37:53', 1),
	(2378, '120.188.74.252', 'rendratrikusuma@student.uns.ac.id', 3, '2023-05-20 22:37:54', 1),
	(2379, '120.188.74.252', 'viorellasv@student.uns.ac.id', 101, '2023-05-20 22:42:30', 1),
	(2380, '103.160.184.4', 'ardianita06@gmail.com', 6, '2023-05-20 22:59:07', 1),
	(2381, '182.253.217.130', 'ardianita06@gmail.com', 6, '2023-05-21 00:01:45', 1),
	(2382, '182.253.217.130', 'wibiatisekark@student.uns.ac.id', 34, '2023-05-21 00:35:00', 1),
	(2383, '120.188.74.252', 'ardianita06@gmail.com', 6, '2023-05-21 01:18:16', 1),
	(2384, '120.188.74.252', 'ardianita06@gmail.com', 6, '2023-05-21 01:18:17', 1),
	(2385, '103.189.201.9', 'ardianita06@gmail.com', 6, '2023-05-21 05:51:11', 1),
	(2386, '125.166.9.59', 'ardianita06@gmail.com', 6, '2023-05-21 07:29:14', 1),
	(2387, '103.189.201.9', 'darmawan123@gmail.com', 41, '2023-05-21 08:17:15', 1),
	(2388, '103.189.201.9', 'ahmadyunus123@gmail.com', 88, '2023-05-21 08:18:22', 1),
	(2389, '103.189.201.9', 'ardianita06@gmail.com', 6, '2023-05-21 08:24:40', 1),
	(2390, '103.189.201.9', 'ardianita06@gmail.com', 6, '2023-05-21 10:06:09', 1),
	(2391, '103.189.201.9', 'ardianita06@gmail.com', 6, '2023-05-21 10:21:14', 1),
	(2392, '103.189.201.9', 'muhammadhanifarafi@student.uns.ac.id', 23, '2023-05-21 10:26:13', 1),
	(2393, '118.99.83.93', 'ahmadnurwakit@gmail.com', 44, '2023-05-21 10:44:39', 1),
	(2394, '125.164.232.147', 'ardianita06@gmail.com', 6, '2023-05-21 14:19:16', 1),
	(2395, '120.188.74.252', 'rendratrikusuma@student.uns.ac.id', 3, '2023-05-21 16:40:16', 1),
	(2396, '103.189.201.9', 'ardianita06@gmail.com', 6, '2023-05-21 18:22:49', 1),
	(2397, '103.160.184.4', 'ardianita06@gmail.com', 6, '2023-05-21 18:29:22', 1),
	(2398, '103.160.184.4', 'oktariniarossaa@gmail.com', 33, '2023-05-21 18:33:50', 1),
	(2399, '103.160.184.4', 'muhammadhanifarafi@gmail.com', 29, '2023-05-21 18:52:08', 1),
	(2400, '103.160.184.4', 'oktariniarossaa@gmail.com', 33, '2023-05-21 19:03:36', 1),
	(2401, '140.213.173.223', 'oktariniarossaa@gmail.com', 33, '2023-05-21 19:10:00', 1),
	(2402, '140.213.167.160', 'muhammadhanifarafi@gmail.com', 29, '2023-05-21 19:10:38', 1),
	(2403, '103.160.184.4', 'muhammadhanifarafi@gmail.com', 29, '2023-05-21 19:17:36', 1),
	(2404, '103.160.184.4', 'oktariniarossaa@gmail.com', 33, '2023-05-21 19:29:48', 1),
	(2405, '103.189.201.9', 'ardianita06@gmail.com', 6, '2023-05-21 19:47:29', 1),
	(2406, '118.99.83.93', 'ahmadnurwakit@gmail.com', 44, '2023-05-21 20:01:35', 1),
	(2407, '118.99.83.93', 'wibiatisekar@student.uns.ac.id', NULL, '2023-05-21 20:02:07', 0),
	(2408, '118.99.83.93', 'wibiatisekark@student.uns.ac.id', 34, '2023-05-21 20:02:20', 1),
	(2409, '125.166.9.75', 'ahmadizulfikar123@gmail.com', 96, '2023-05-21 20:14:15', 1),
	(2410, '103.160.184.4', 'muhammadhanifarafi@gmail.com', 29, '2023-05-21 20:14:21', 1),
	(2411, '125.166.9.75', 'ahmadizulfikar123@gmail.com', 96, '2023-05-21 20:18:25', 1),
	(2412, '182.253.217.130', 'ardianita06@gmail.com', 6, '2023-05-21 20:19:47', 1),
	(2413, '103.160.184.4', 'ardianita06@gmail.com', 6, '2023-05-21 20:38:48', 1),
	(2414, '103.160.184.4', 'oktarinia', NULL, '2023-05-21 20:40:21', 0),
	(2415, '103.160.184.4', 'oktariniarossaa@gmail.com', 33, '2023-05-21 20:40:32', 1),
	(2416, '125.166.9.75', 'ardianita06@gmail.com', 6, '2023-05-21 20:43:07', 1),
	(2417, '140.213.167.160', 'muhammadhanifarafi@gmail.com', 29, '2023-05-21 20:46:52', 1),
	(2418, '103.160.184.4', 'ardianita06@gmail.com', 6, '2023-05-21 20:51:59', 1),
	(2419, '103.160.184.4', 'muhammadhanifarafi@gmail.com', 29, '2023-05-21 20:56:03', 1),
	(2420, '103.160.184.4', 'oktariniarossaa@gmail.com', 33, '2023-05-21 21:04:46', 1),
	(2421, '125.166.9.75', 'ardianita06@gmail.com', 6, '2023-05-21 21:33:32', 1),
	(2422, '140.213.173.223', 'oktariniarossaa@gmail.com', 33, '2023-05-21 21:39:11', 1),
	(2423, '112.215.242.172', 'ardianita06@gmail.com', 6, '2023-05-21 21:39:21', 1),
	(2424, '182.253.217.130', 'ahmadnurwakit@gmail.com', 44, '2023-05-21 21:49:40', 1),
	(2425, '125.166.9.75', 'ahmadizulfikar123@gmail.com', 96, '2023-05-21 21:51:36', 1),
	(2426, '118.99.83.93', 'ardianita06@gmail.com', 6, '2023-05-21 21:55:41', 1),
	(2427, '140.213.173.223', 'ardianita06@gmail.com', 6, '2023-05-21 22:09:02', 1),
	(2428, '125.166.9.75', 'ardianita06@gmail.com', 6, '2023-05-21 22:13:58', 1),
	(2429, '125.166.9.75', 'ahmadizulfikar123@gmail.com', 96, '2023-05-21 22:15:05', 1),
	(2430, '103.160.184.4', 'ardianita06@gmail.com', 6, '2023-05-21 22:37:25', 1),
	(2431, '118.99.83.93', 'ardianita06@gmail.com', 6, '2023-05-21 22:54:30', 1),
	(2432, '112.215.242.172', 'ardianita06@gmail.com', 6, '2023-05-21 23:01:18', 1),
	(2433, '112.215.242.172', 'ardianita06@gmail.com', 6, '2023-05-21 23:04:48', 1),
	(2434, '112.215.242.172', 'ardianita06@gmail.com', 6, '2023-05-21 23:11:13', 1),
	(2435, '112.215.242.172', 'ardianita06@gmail.com', 6, '2023-05-21 23:13:14', 1),
	(2436, '125.166.9.75', 'ahmadizulfikar123@gmail.com', 96, '2023-05-21 23:23:34', 1),
	(2437, '112.215.242.172', 'lindarahmawati011001@gmail.com', 7, '2023-05-21 23:23:42', 1),
	(2438, '182.253.217.130', 'ahmadnurwakit@gmail.com', 44, '2023-05-21 23:31:05', 1),
	(2439, '112.215.242.172', 'ardianita06@gmail.com', 6, '2023-05-22 00:05:49', 1),
	(2440, '112.215.242.172', 'ardianita06@gmail.com', 6, '2023-05-22 00:05:49', 1),
	(2441, '112.215.242.172', 'ardianita06@gmail.com', 6, '2023-05-22 00:05:51', 1),
	(2442, '112.215.242.172', 'ardianita06@gmail.com', 6, '2023-05-22 00:05:51', 1),
	(2443, '112.215.242.172', 'ardianita06@gmail.com', 6, '2023-05-22 00:05:55', 1),
	(2444, '112.215.242.172', 'ardianita06@gmail.com', 6, '2023-05-22 00:05:56', 1),
	(2445, '103.160.184.4', 'ardianita06@gmail.com', 6, '2023-05-22 00:10:13', 1),
	(2446, '103.160.184.4', 'muhammadhanifarafi@gmail.com', 29, '2023-05-22 00:13:59', 1),
	(2447, '103.160.184.4', 'oktarinia', NULL, '2023-05-22 01:09:35', 0),
	(2448, '103.160.184.4', 'oktariniarossaa@gmail.com', 33, '2023-05-22 01:09:47', 1),
	(2449, '182.253.217.130', 'ardianita06@gmail.com', 6, '2023-05-22 01:37:24', 1),
	(2450, '114.5.102.238', 'ardianita06@gmail.com', 6, '2023-05-22 04:55:49', 1),
	(2451, '114.5.102.238', 'ardianita06@gmail.com', 6, '2023-05-22 06:20:32', 1),
	(2452, '114.5.102.238', 'ardianita06@gmail.com', 6, '2023-05-22 06:30:34', 1),
	(2453, '103.189.201.9', 'darmawan123@gmail.com', 41, '2023-05-22 06:47:38', 1),
	(2454, '103.189.201.9', 'darmawan123@gmail.com', 41, '2023-05-22 06:47:46', 1),
	(2455, '103.189.201.9', 'ardianita06@gmail.com', 6, '2023-05-22 06:59:26', 1),
	(2456, '103.189.201.9', 'ardianita06@gmail.com', 6, '2023-05-22 06:59:29', 1),
	(2457, '120.188.74.7', 'ardianita06@gmail.com', 6, '2023-05-22 07:14:26', 1),
	(2458, '120.188.74.7', 'ardianita06@gmail.com', 6, '2023-05-22 07:14:28', 1),
	(2459, '120.188.74.7', 'ardianita06@gmail.com', 6, '2023-05-22 07:14:48', 1),
	(2460, '103.189.201.9', 'ahmadyunus123@gmail.com', 88, '2023-05-22 08:07:37', 1),
	(2461, '103.189.201.9', 'kresna2001', NULL, '2023-05-22 08:08:27', 0),
	(2462, '103.189.201.9', 'kreshna2001', NULL, '2023-05-22 08:09:11', 0),
	(2463, '103.189.201.9', 'muhammadhanifarafi@gmail.com', 14, '2023-05-22 08:11:15', 1),
	(2464, '103.189.201.9', 'muhammadhanifarafi@gmail.com', 14, '2023-05-22 08:12:00', 1),
	(2465, '120.188.74.7', 'ardianita06@gmail.com', 6, '2023-05-22 08:50:19', 1),
	(2466, '120.188.74.7', 'ardianita06@gmail.com', 6, '2023-05-22 08:50:26', 1),
	(2467, '114.5.244.3', 'ardianita06@gmail.com', 6, '2023-05-22 09:42:38', 1),
	(2468, '114.5.244.3', 'muhammadhanifarafi@student.uns.ac.id', 23, '2023-05-22 09:51:07', 1),
	(2469, '114.5.244.3', 'trisna123@gmail.com', 46, '2023-05-22 09:52:05', 1),
	(2470, '114.5.244.3', 'ahmadyunus123@gmail.com', 88, '2023-05-22 09:54:29', 1),
	(2471, '114.5.244.3', 'ahmadyunus123@gmail.com', 88, '2023-05-22 09:54:35', 1),
	(2472, '120.188.74.7', 'ardianita06@gmail.com', 6, '2023-05-22 11:02:19', 1),
	(2473, '120.188.74.7', 'ardianita06@gmail.com', 6, '2023-05-22 11:13:38', 1),
	(2474, '112.215.241.102', 'ardianita06@gmail.com', 6, '2023-05-22 11:29:59', 1),
	(2475, '103.132.230.70', 'muhammadhanifarafi@student.uns.ac.id', 23, '2023-05-22 11:31:49', 1),
	(2476, '182.253.217.130', 'wibiatisekark@student.uns.ac.id', 34, '2023-05-22 11:31:55', 1),
	(2477, '182.253.217.130', 'wibiatisekark@student.uns.ac.id', 34, '2023-05-22 11:35:33', 1),
	(2478, '103.132.230.70', 'ardianita06@gmail.com', 6, '2023-05-22 11:37:22', 1),
	(2479, '118.99.83.93', 'ardianita06@gmail.com', 6, '2023-05-22 11:37:22', 1),
	(2480, '103.132.230.70', 'ardianita06@gmail.com', 6, '2023-05-22 11:37:26', 1),
	(2481, '103.132.230.70', 'muhammadhanifarafi@student.uns.ac.id', 23, '2023-05-22 11:40:28', 1),
	(2482, '103.132.230.70', 'ardianita06@gmail.com', 6, '2023-05-22 11:42:17', 1),
	(2483, '120.188.74.7', 'ardianita06@gmail.com', 6, '2023-05-22 12:47:18', 1),
	(2484, '120.188.74.7', 'ardianita06@gmail.com', 6, '2023-05-22 13:09:46', 1),
	(2485, '120.188.74.7', 'muhammadhanifarafi@student.uns.ac.id', 23, '2023-05-22 13:10:02', 1),
	(2486, '118.99.83.93', 'ardianita06@gmail.com', 6, '2023-05-22 13:27:33', 1),
	(2487, '103.132.230.70', 'muhammadhanifarafi@student.uns.ac.id', 23, '2023-05-22 13:36:51', 1),
	(2488, '103.132.230.70', 'ardianita06@gmail.com', 6, '2023-05-22 13:37:05', 1),
	(2489, '182.253.217.130', 'ahmadnurwakit@gmail.com', 44, '2023-05-22 14:00:43', 1),
	(2490, '103.160.184.4', 'ardianita06@gmail.com', 6, '2023-05-22 14:15:28', 1),
	(2491, '182.253.217.130', 'ardianita06@gmail.com', 6, '2023-05-22 14:17:55', 1),
	(2492, '182.253.217.130', 'ahmadnurwakit@gmail.com', 44, '2023-05-22 14:46:59', 1),
	(2493, '182.253.217.130', 'ardianita06@gmail.com', 6, '2023-05-22 14:50:59', 1),
	(2494, '118.99.83.93', 'wibiatisekark@student.uns.ac.id', 34, '2023-05-22 15:07:37', 1),
	(2495, '182.253.217.130', 'millenia1205@student.uns.ac.id', 44, '2023-05-22 15:18:15', 1),
	(2496, '118.99.83.93', 'mitra1', NULL, '2023-05-22 15:23:33', 0),
	(2497, '118.99.83.93', 'mitra1', NULL, '2023-05-22 15:23:54', 0),
	(2498, '182.253.217.130', 'ardianita06@gmail.com', 6, '2023-05-22 15:24:17', 1),
	(2499, '182.253.217.130', 'perpuskabmadiun', NULL, '2023-05-22 15:24:40', 0),
	(2500, '118.99.83.93', 'disparpora@gmail.com', 108, '2023-05-22 15:28:20', 1),
	(2501, '118.99.83.93', 'millenia1205@student.uns.ac.id', 44, '2023-05-22 15:29:21', 1),
	(2502, '182.253.217.130', 'wibiatisekark@student.uns.ac.id', 34, '2023-05-22 15:30:38', 1),
	(2503, '103.160.184.4', 'ardianita06@gmail.com', 6, '2023-05-22 15:39:53', 1),
	(2504, '103.160.184.4', 'muhammadhanifarafi@gmail.com3', 29, '2023-05-22 15:45:17', 1),
	(2505, '182.253.217.130', 'ardianita06@gmail.com', 6, '2023-05-22 15:49:57', 1),
	(2506, '182.253.217.130', 'tantrisetiani@student.uns.ac.id', 109, '2023-05-22 16:25:42', 1),
	(2507, '103.189.201.9', 'ardianita06@gmail.com', 6, '2023-05-22 17:35:32', 1),
	(2508, '103.160.184.4', 'mitra1', NULL, '2023-05-22 18:26:18', 0),
	(2509, '103.160.184.4', 'nitt', NULL, '2023-05-22 18:26:38', 0),
	(2510, '103.160.184.4', 'ardianita06@gmail.com', 6, '2023-05-22 18:26:47', 1),
	(2511, '103.160.184.4', 'piljur', NULL, '2023-05-22 18:30:37', 0),
	(2512, '103.160.184.4', 'pilihjurusan@gmail.com', 110, '2023-05-22 18:30:49', 1),
	(2513, '120.188.74.7', 'ardianita06@gmail.com', 6, '2023-05-22 18:52:52', 1),
	(2514, '103.160.184.4', 'pilihjurusan@gmail.com', 110, '2023-05-22 19:15:12', 1),
	(2515, '103.160.184.4', 'yeiko123', NULL, '2023-05-22 19:18:21', 0),
	(2516, '103.160.184.4', 'muhammadhanifarafi@gmail.com3', 29, '2023-05-22 19:18:31', 1),
	(2517, '103.160.184.4', 'oktariniarossaa@gmail.com', 33, '2023-05-22 19:28:27', 1),
	(2518, '120.188.74.7', 'ardianita06@gmail.com', 6, '2023-05-22 19:33:32', 1),
	(2519, '103.160.184.4', 'trisna123@gmail.com', 46, '2023-05-22 19:41:01', 1),
	(2520, '118.99.83.93', 'ahmatnurwakit@staff.uns.ac.id', 44, '2023-05-22 19:58:50', 1),
	(2521, '182.253.217.130', 'ahmatnurwakit@staff.uns.ac.id', 44, '2023-05-22 20:00:21', 1),
	(2522, '140.213.163.205', 'oktariniarossaa@gmail.com', 33, '2023-05-22 20:01:01', 1),
	(2523, '103.160.184.4', 'ardianita06@gmail.com', 6, '2023-05-22 20:21:41', 1),
	(2524, '140.213.171.98', 'ardianita06@gmail.com', 6, '2023-05-22 20:23:13', 1),
	(2525, '103.160.184.4', 'yeiko123', NULL, '2023-05-22 20:30:56', 0),
	(2526, '103.160.184.4', 'muhammadhanifarafi@gmail.com3', 29, '2023-05-22 20:31:08', 1),
	(2527, '103.160.184.4', 'ardianita06@gmail.com', 6, '2023-05-22 20:33:57', 1),
	(2528, '103.160.184.4', 'ardianita06@gmail.com', 6, '2023-05-22 21:08:48', 1),
	(2529, '140.213.171.98', 'nita123', NULL, '2023-05-22 21:20:01', 0),
	(2530, '140.213.171.98', 'ardianitafzyh@gmail.com', 28, '2023-05-22 21:20:10', 1),
	(2531, '103.160.184.4', 'muhammadhanifarafi@gmail.com3', 29, '2023-05-22 21:21:39', 1),
	(2532, '140.213.171.98', 'muhammadhanifarafi@gmail.com3', 29, '2023-05-22 21:22:01', 1),
	(2533, '140.213.171.98', 'ardianita06@gmail.com', 6, '2023-05-22 21:25:41', 1),
	(2534, '120.188.74.7', 'ardianita06@gmail.com', 6, '2023-05-22 21:39:45', 1),
	(2535, '120.188.74.7', 'ardianita06@gmail.com', 6, '2023-05-22 21:39:46', 1),
	(2536, '120.188.74.7', 'ardianita06@gmail.com', 6, '2023-05-22 22:00:36', 1),
	(2537, '120.188.74.7', 'ardianita06@gmail.com', 6, '2023-05-22 22:03:30', 1),
	(2538, '182.253.217.130', 'ahmatnurwakit@staff.uns.ac.id', 44, '2023-05-22 22:12:19', 1),
	(2539, '120.188.74.7', 'ardianita06@gmail.com', 6, '2023-05-22 23:23:19', 1),
	(2540, '103.160.184.4', 'ardianita06@gmail.com', 6, '2023-05-22 23:33:01', 1),
	(2541, '103.160.184.4', 'oktariniarossaa@gmail.com', 33, '2023-05-22 23:33:56', 1),
	(2542, '103.160.184.4', 'oktariniarossaa14@student.uns.ac.id', 33, '2023-05-22 23:40:48', 1),
	(2543, '103.160.184.4', 'oktariniarossaa14@student.uns.ac.id', 33, '2023-05-22 23:43:58', 1),
	(2544, '120.188.74.7', 'muhammadhanifarafi@student.uns.ac.id', 23, '2023-05-23 00:15:57', 1),
	(2545, '103.160.184.4', 'ardianita06@gmail.com', 6, '2023-05-23 00:21:36', 1),
	(2546, '120.188.74.7', 'ardianita06@gmail.com', 6, '2023-05-23 00:22:22', 1),
	(2547, '182.253.217.130', 'ahmatnurwakit@staff.uns.ac.id', 44, '2023-05-23 05:59:20', 1),
	(2548, '120.188.74.7', 'ardianita06@gmail.com', 6, '2023-05-23 07:08:24', 1),
	(2549, '103.189.201.9', 'ardianita06@gmail.com', 6, '2023-05-23 07:50:53', 1),
	(2550, '103.189.201.9', 'darmawan123@gmail.com', 41, '2023-05-23 07:54:03', 1),
	(2551, '103.189.201.9', 'ahmadyunus123@gmail.com', 88, '2023-05-23 08:01:44', 1),
	(2552, '103.189.201.9', 'darmawan123@gmail.com', 41, '2023-05-23 08:21:47', 1),
	(2553, '103.189.201.9', 'ardianita06@gmail.com', 6, '2023-05-23 08:22:47', 1),
	(2554, '118.99.83.93', 'ahmatnurwakit@staff.uns.ac.id', 44, '2023-05-23 09:27:25', 1),
	(2555, '103.132.230.70', 'ardianita06@gmail.com', 6, '2023-05-23 09:34:46', 1),
	(2556, '103.132.230.70', 'muhammadhanifarafi@gmail.com3', 29, '2023-05-23 09:42:36', 1),
	(2557, '103.132.230.70', 'darmawan123@gmail.com', 41, '2023-05-23 09:45:11', 1),
	(2558, '103.132.230.70', 'ardianita06@gmail.com', 6, '2023-05-23 09:46:10', 1),
	(2559, '103.132.230.70', 'darmawan123@staff.uns.ac.id', 41, '2023-05-23 09:48:25', 1),
	(2560, '112.215.244.120', 'ardianita06@gmail.com', 6, '2023-05-23 10:27:09', 1),
	(2561, '103.132.230.70', 'muhammadhanifarafi@student.uns.ac.id', 23, '2023-05-23 10:40:23', 1),
	(2562, '103.132.230.70', 'darmawan123@staff.uns.ac.id', 41, '2023-05-23 10:40:48', 1),
	(2563, '112.215.244.120', 'ardianita06@gmail.com', 6, '2023-05-23 10:56:10', 1),
	(2564, '112.215.244.120', 'lindarahmawati011001@gmail.com', 7, '2023-05-23 11:33:53', 1),
	(2565, '120.188.74.7', 'ardianita06@gmail.com', 6, '2023-05-23 12:00:45', 1),
	(2566, '103.132.230.70', 'ardianita06@gmail.com', 6, '2023-05-23 12:50:23', 1),
	(2567, '103.160.184.4', 'oktariniarossaa14@student.uns.ac.id', 33, '2023-05-23 13:27:47', 1),
	(2568, '103.160.184.4', 'muhammadhanifarafi@gmail.com3', 29, '2023-05-23 13:33:13', 1),
	(2569, '103.160.184.4', 'ardianita06@gmail.com', 6, '2023-05-23 13:41:11', 1),
	(2570, '118.99.83.93', 'trisna123@gmail.com', 46, '2023-05-23 13:51:34', 1),
	(2571, '118.99.83.93', 'trisna123@gmail.com', 46, '2023-05-23 13:51:39', 1),
	(2572, '103.160.184.4', 'oktariniarossaa14@student.uns.ac.id', 33, '2023-05-23 14:48:07', 1),
	(2573, '103.160.184.4', 'muhammadhanifarafi@student.uns.ac.id', 23, '2023-05-23 14:53:04', 1),
	(2574, '103.189.201.9', 'muhammadhanifarafi@student.uns.ac.id', 23, '2023-05-23 15:11:10', 1),
	(2575, '103.160.184.4', 'muhammadhanifarafi@student.uns.ac.id', 23, '2023-05-23 15:12:26', 1),
	(2576, '103.160.184.4', 'oktariniarossaa14@student.uns.ac.id', 33, '2023-05-23 15:18:27', 1),
	(2577, '182.253.217.130', 'wibiatisekark@student.uns.ac.id', 34, '2023-05-23 15:39:01', 1),
	(2578, '103.160.184.4', 'muhammadhanifarafi@gmail.com3', 29, '2023-05-23 15:50:25', 1),
	(2579, '182.253.217.130', 'trisna123@gmail.com', 46, '2023-05-23 15:58:06', 1),
	(2580, '182.253.217.130', 'wibiatisekark@student.uns.ac.id', 34, '2023-05-23 15:58:27', 1),
	(2581, '182.253.217.130', 'wibiatisekark@student.uns.ac.id', 34, '2023-05-23 15:58:31', 1),
	(2582, '103.160.184.4', 'oktariniarossaa14@student.uns.ac.id', 33, '2023-05-23 16:11:21', 1),
	(2583, '103.189.201.9', 'muhammadhanifarafi@student.uns.ac.id', 23, '2023-05-23 16:21:47', 1),
	(2584, '103.160.184.4', 'yeiko123', NULL, '2023-05-23 17:35:36', 0),
	(2585, '103.160.184.4', 'yeiko123', NULL, '2023-05-23 17:35:48', 0),
	(2586, '103.160.184.4', 'muhammadhanifarafi@gmail.com3', 29, '2023-05-23 17:36:01', 1),
	(2587, '103.160.184.4', 'ardianita06@gmail.com', 6, '2023-05-23 17:36:47', 1),
	(2588, '103.160.184.4', 'suksesjaya123@gmail.com', 99, '2023-05-23 17:55:05', 1),
	(2589, '120.188.74.7', 'ardianita06@gmail.com', 6, '2023-05-23 18:00:51', 1),
	(2590, '103.160.184.4', 'muhammadhanifarafi@gmail.com3', 29, '2023-05-23 18:58:33', 1),
	(2591, '120.188.87.232', 'ardianita06@gmail.com', 6, '2023-05-23 19:01:57', 1),
	(2592, '103.160.184.4', 'suksesjaya123@gmail.com', 99, '2023-05-23 19:03:07', 1),
	(2593, '120.188.87.232', 'fajri2002', NULL, '2023-05-23 19:03:07', 0),
	(2594, '120.188.87.232', 'fajri2002', NULL, '2023-05-23 19:03:33', 0),
	(2595, '120.188.87.232', 'fajri2002', NULL, '2023-05-23 19:04:24', 0),
	(2596, '120.188.87.232', 'fajri2002', NULL, '2023-05-23 19:04:37', 0),
	(2597, '120.188.87.232', 'muhammadhanifarafi@student.uns.ac.id', 23, '2023-05-23 19:04:59', 1),
	(2598, '103.160.184.4', 'oktariniarossaa14@student.uns.ac.id', 33, '2023-05-23 19:09:34', 1),
	(2599, '103.160.184.4', 'ardianita06@gmail.com', 6, '2023-05-23 19:11:39', 1),
	(2600, '120.188.74.7', 'ardianita06@gmail.com', 6, '2023-05-23 19:36:05', 1),
	(2601, '103.160.184.4', 'ardianita06@gmail.com', 6, '2023-05-23 19:46:47', 1),
	(2602, '120.188.74.7', 'ardianita06@gmail.com', 6, '2023-05-23 20:01:48', 1),
	(2603, '114.5.245.27', 'ahmatnurwakit@staff.uns.ac.id', 44, '2023-05-23 20:43:56', 1),
	(2604, '114.5.245.27', 'wibiatisekark@student.uns.ac.id', 34, '2023-05-23 21:07:52', 1),
	(2605, '140.213.59.70', 'muhammadhanifarafi@gmail.com3', 29, '2023-05-23 21:51:07', 1),
	(2606, '140.213.59.70', 'muhammadhanifarafi@gmail.com3', 29, '2023-05-23 21:51:17', 1),
	(2607, '140.213.59.70', 'muhammadhanifarafi@gmail.com3', 29, '2023-05-23 21:51:17', 1),
	(2608, '140.213.59.70', 'muhammadhanifarafi@gmail.com3', 29, '2023-05-23 21:51:18', 1),
	(2609, '140.213.59.70', 'muhammadhanifarafi@gmail.com3', 29, '2023-05-23 21:51:18', 1),
	(2610, '140.213.59.70', 'muhammadhanifarafi@gmail.com3', 29, '2023-05-23 21:51:18', 1),
	(2611, '140.213.59.70', 'muhammadhanifarafi@gmail.com3', 29, '2023-05-23 21:51:19', 1),
	(2612, '103.160.184.4', 'ardianita06@gmail.com', 6, '2023-05-23 21:51:20', 1),
	(2613, '140.213.59.70', 'muhammadhanifarafi@gmail.com3', 29, '2023-05-23 21:51:25', 1),
	(2614, '140.213.59.70', 'ardianita06@gmail.com', 6, '2023-05-23 21:52:57', 1),
	(2615, '114.5.245.27', 'ahmatnurwakit@staff.uns.ac.id', 44, '2023-05-23 22:02:22', 1),
	(2616, '125.166.9.75', 'ardianita06@gmail.com', 6, '2023-05-23 22:08:22', 1),
	(2617, '125.166.9.75', 'ahmadizulfikar123@gmail.com', 96, '2023-05-23 22:15:40', 1),
	(2618, '140.213.59.70', 'ardianita06@gmail.com', 6, '2023-05-23 22:37:32', 1),
	(2619, '125.166.9.75', 'ardianita06@gmail.com', 6, '2023-05-23 22:55:25', 1),
	(2620, '103.160.184.4', 'ardianita06@gmail.com', 6, '2023-05-23 22:56:27', 1),
	(2621, '140.213.59.70', 'ardianita06@gmail.com', 6, '2023-05-23 22:59:38', 1),
	(2622, '125.166.9.75', 'ardianita06@gmail.com', 6, '2023-05-23 23:24:38', 1),
	(2623, '125.166.9.75', 'ahmadizulfikar123@gmail.com', 96, '2023-05-23 23:39:39', 1),
	(2624, '103.160.184.4', 'ardianita06@gmail.com', 6, '2023-05-23 23:57:32', 1),
	(2625, '140.213.160.153', 'ardianita06@gmail.com', 6, '2023-05-24 01:28:39', 1),
	(2626, '125.166.9.59', 'ardianita06@gmail.com', 6, '2023-05-24 03:31:11', 1),
	(2627, '140.213.160.153', 'ardianita06@gmail.com', 6, '2023-05-24 04:01:43', 1),
	(2628, '125.166.9.59', 'ardianita06@gmail.com', 6, '2023-05-24 05:23:58', 1),
	(2629, '140.213.162.159', 'ardianita06@gmail.com', 6, '2023-05-24 05:45:42', 1),
	(2630, '125.166.9.59', 'darmawan123@staff.uns.ac.id', 41, '2023-05-24 05:54:21', 1),
	(2631, '120.188.74.7', 'ardianita06@gmail.com', 6, '2023-05-24 05:58:19', 1),
	(2632, '140.213.162.159', 'muhammadhanifarafi@gmail.com3', 29, '2023-05-24 06:29:32', 1),
	(2633, '140.213.160.153', 'ardianitafzyh@gmail.com', 28, '2023-05-24 06:30:05', 1),
	(2634, '140.213.162.159', 'ardianita06@gmail.com', 6, '2023-05-24 06:47:33', 1),
	(2635, '140.213.162.159', 'ardianita06@gmail.com', 6, '2023-05-24 07:19:48', 1),
	(2636, '140.213.160.153', 'ivann@gmail.com', 97, '2023-05-24 07:20:06', 1),
	(2637, '140.213.162.159', 'muhammadhanifarafi@gmail.com3', 29, '2023-05-24 07:22:26', 1),
	(2638, '140.213.160.153', 'suksesjaya123@gmail.com', 99, '2023-05-24 07:41:25', 1),
	(2639, '140.213.160.153', 'ardianita06@gmail.com', 6, '2023-05-24 07:57:23', 1),
	(2640, '140.213.162.159', 'muhammadhanifarafi@gmail.com3', 29, '2023-05-24 08:42:20', 1),
	(2641, '140.213.162.159', 'suksesjaya123@gmail.com', 99, '2023-05-24 08:42:38', 1),
	(2642, '140.213.160.153', 'oktariniarossaa14@student.uns.ac.id', 33, '2023-05-24 08:49:47', 1),
	(2643, '140.213.160.153', 'muhammadhanifarafi@gmail.com3', 29, '2023-05-24 08:50:55', 1),
	(2644, '103.160.184.4', 'oktariniarossaa14@student.uns.ac.id', 33, '2023-05-24 09:06:11', 1),
	(2645, '140.213.160.153', 'ardianita06@gmail.com', 6, '2023-05-24 09:08:45', 1),
	(2646, '103.132.230.70', 'ardianita06@gmail.com', 6, '2023-05-24 09:15:18', 1),
	(2647, '103.160.184.4', 'muhammadhanifarafi@gmail.com3', 29, '2023-05-24 09:18:27', 1),
	(2648, '103.132.230.70', 'muhammadhanifarafi@student.uns.ac.id', 23, '2023-05-24 09:20:37', 1),
	(2649, '103.132.230.70', 'rendratrikusuma@student.uns.ac.id', 3, '2023-05-24 09:21:37', 1),
	(2650, '103.160.184.4', 'suksesjaya123@gmail.com', 99, '2023-05-24 09:29:00', 1),
	(2651, '103.160.184.4', 'fajri2002', NULL, '2023-05-24 09:35:04', 0),
	(2652, '103.160.184.4', 'muhammadhanifarafi@student.uns.ac.id', 23, '2023-05-24 09:35:15', 1),
	(2653, '103.160.184.4', 'oktariniarossaa14@student.uns.ac.id', 33, '2023-05-24 09:36:14', 1),
	(2654, '103.132.230.70', 'rendratrikusuma@student.uns.ac.id', 3, '2023-05-24 10:00:10', 1),
	(2655, '103.132.230.70', 'ardianita06@gmail.com', 6, '2023-05-24 10:05:20', 1),
	(2656, '103.132.230.70', 'muhammadhanifarafi@student.uns.ac.id', 23, '2023-05-24 10:08:25', 1),
	(2657, '103.132.230.70', 'muhammadhanifarafi@student.uns.ac.id', 23, '2023-05-24 10:11:15', 1),
	(2658, '103.132.230.70', 'ardianita06@gmail.com', 6, '2023-05-24 10:12:06', 1),
	(2659, '103.132.230.70', 'muhammadhanifarafi@student.uns.ac.id', 23, '2023-05-24 10:12:54', 1),
	(2660, '103.132.230.70', 'trisna123', NULL, '2023-05-24 10:13:40', 0),
	(2661, '103.132.230.70', 'trisna123', NULL, '2023-05-24 10:13:59', 0),
	(2662, '103.132.230.70', 'trisna123@gmail.com', 46, '2023-05-24 10:14:13', 1),
	(2663, '103.132.230.70', 'darmawan123@staff.uns.ac.id', 41, '2023-05-24 10:16:38', 1),
	(2664, '182.253.217.130', 'ahmatnurwakit@staff.uns.ac.id', 44, '2023-05-24 10:49:49', 1),
	(2665, '182.253.217.130', 'ardianita06@gmail.com', 6, '2023-05-24 10:55:56', 1),
	(2666, '103.132.230.70', 'ardianita06@gmail.com', 6, '2023-05-24 11:04:45', 1),
	(2667, '118.99.83.93', 'wibiatisekark@student.uns.ac.id', 34, '2023-05-24 12:25:05', 1),
	(2668, '120.188.74.7', 'ardianita06@gmail.com', 6, '2023-05-24 12:25:22', 1),
	(2669, '120.188.74.7', 'muhammadhanifarafi@student.uns.ac.id', 23, '2023-05-24 12:29:08', 1),
	(2670, '120.188.74.7', 'darmawan123@staff.uns.ac.id', 41, '2023-05-24 12:36:30', 1),
	(2671, '120.188.74.7', 'ardianita06@gmail.com', 6, '2023-05-24 12:37:12', 1),
	(2672, '182.253.217.130', 'ardianita06@gmail.com', 6, '2023-05-24 12:39:41', 1),
	(2673, '120.188.74.7', 'darmawan123@staff.uns.ac.id', 41, '2023-05-24 12:41:54', 1),
	(2674, '120.188.74.7', 'ardianita06@gmail.com', 6, '2023-05-24 12:45:50', 1),
	(2675, '125.163.149.222', 'muhammadhanifarafi@gmail.com3', 29, '2023-05-24 13:02:44', 1),
	(2676, '140.213.40.226', 'ahmadizulfikar123@gmail.com', 96, '2023-05-24 13:06:08', 1),
	(2677, '140.213.40.226', 'ardianita06@gmail.com', 6, '2023-05-24 13:15:08', 1),
	(2678, '125.163.149.222', 'muhammadhanifarafi@student.uns.ac.id', 23, '2023-05-24 13:20:36', 1),
	(2679, '125.163.149.222', 'muhammadhanifarafi@gmail.com3', 29, '2023-05-24 13:22:17', 1),
	(2680, '182.253.217.130', 'ardianita06@gmail.com', 6, '2023-05-24 14:00:50', 1),
	(2681, '182.253.217.130', 'wibiatisekark@student.uns.ac.id', 34, '2023-05-24 14:01:40', 1),
	(2682, '182.253.217.130', 'trisna123@gmail.com', 46, '2023-05-24 14:03:27', 1),
	(2683, '118.99.83.93', 'wibiatisekark@student.uns.ac.id', 34, '2023-05-24 14:14:59', 1),
	(2684, '118.99.83.93', 'ardianita06@gmail.com', 6, '2023-05-24 14:16:05', 1),
	(2685, '103.184.180.97', 'ahmadizulfikar123@gmail.com', 96, '2023-05-24 15:02:53', 1),
	(2686, '120.188.74.7', 'ardianita06@gmail.com', 6, '2023-05-24 15:03:34', 1),
	(2687, '103.184.180.97', 'ahmadizulfikar123@gmail.com', 96, '2023-05-24 15:06:22', 1),
	(2688, '182.253.217.130', 'wibiatisekark@student.uns.ac.id', 34, '2023-05-24 15:50:02', 1),
	(2689, '101.128.111.178', 'nitt', NULL, '2023-05-24 16:28:35', 0),
	(2690, '101.128.111.178', 'ardianita06@gmail.com', 6, '2023-05-24 16:28:47', 1),
	(2691, '101.128.111.178', 'yeiko123', NULL, '2023-05-24 16:32:52', 0),
	(2692, '101.128.111.178', 'yeiko123', NULL, '2023-05-24 16:33:15', 0),
	(2693, '101.128.111.178', 'muhammadhanifarafi@gmail.com3', 29, '2023-05-24 16:33:32', 1),
	(2694, '114.5.245.27', 'wibiatisekark@student.uns.ac.id', 34, '2023-05-24 16:34:02', 1),
	(2695, '101.128.111.178', 'oktariniarossaa14@student.uns.ac.id', 33, '2023-05-24 16:57:02', 1),
	(2696, '101.128.110.145', 'ahmatnurwakit@staff.uns.ac.id', 44, '2023-05-24 17:02:34', 1),
	(2697, '101.128.110.145', 'ardianita06@gmail.com', 6, '2023-05-24 17:04:07', 1),
	(2698, '101.128.110.145', 'ahmatnurwakit@staff.uns.ac.id', 44, '2023-05-24 17:05:54', 1),
	(2699, '103.184.180.97', 'ardianita06@gmail.com', 6, '2023-05-24 17:10:50', 1),
	(2700, '103.184.180.97', 'ardianita06@gmail.com', 6, '2023-05-24 18:23:03', 1),
	(2701, '103.184.180.97', 'darmawan123@staff.uns.ac.id', 41, '2023-05-24 18:28:50', 1),
	(2702, '125.166.9.75', 'ahmadizulfikar123@gmail.com', 96, '2023-05-24 19:47:42', 1),
	(2703, '140.213.168.57', 'muhammadhanifarafi@student.uns.ac.id', 23, '2023-05-24 20:05:17', 1),
	(2704, '140.213.168.57', 'muhammadhanifarafi@gmail.com3', 29, '2023-05-24 20:06:45', 1),
	(2705, '140.213.168.57', 'suksesjaya123@gmail.com', 99, '2023-05-24 20:22:51', 1),
	(2706, '120.188.74.7', 'ardianita06@gmail.com', 6, '2023-05-24 20:49:51', 1),
	(2707, '203.78.118.200', 'ardianita06@gmail.com', 6, '2023-05-24 21:20:02', 1),
	(2708, '101.128.110.145', 'wibiatisekark@student.uns.ac.id', 34, '2023-05-24 21:20:09', 1),
	(2709, '203.78.118.200', 'ardianita06@gmail.com', 6, '2023-05-24 21:52:22', 1),
	(2710, '118.99.83.88', 'ahmatnurwakit@staff.uns.ac.id', 44, '2023-05-24 22:54:12', 1),
	(2711, '203.78.118.200', 'ardianita06@gmail.com', 6, '2023-05-24 22:56:49', 1),
	(2712, '182.253.217.130', 'wibiatisekark@student.uns.ac.id', 34, '2023-05-24 23:06:18', 1),
	(2713, '203.78.118.200', 'muhammadhanifarafi@gmail.com3', 29, '2023-05-24 23:34:35', 1),
	(2714, '203.78.118.200', 'ardianita06@gmail.com', 6, '2023-05-25 01:10:32', 1),
	(2715, '114.5.221.2', 'ardianita06@gmail.com', 6, '2023-05-25 05:42:53', 1),
	(2716, '118.99.83.88', 'wibiatisekark@student.uns.ac.id', 34, '2023-05-25 05:44:14', 1),
	(2717, '182.253.217.130', 'ardianita06@gmail.com', 6, '2023-05-25 06:00:58', 1),
	(2718, '140.213.166.5', 'muhammadhanifarafi@gmail.com3', 29, '2023-05-25 06:05:50', 1),
	(2719, '140.213.166.5', 'suksesjaya123@gmail.com', 99, '2023-05-25 06:09:37', 1),
	(2720, '140.213.168.38', 'trisna123@gmail.com', 46, '2023-05-25 06:22:45', 1),
	(2721, '140.213.168.38', 'muhammadhanifarafi@gmail.com3', 29, '2023-05-25 06:24:26', 1),
	(2722, '118.99.83.88', 'wibiatisekark@student.uns.ac.id', 34, '2023-05-25 06:38:14', 1),
	(2723, '140.213.166.5', 'muhammadhanifarafi@student.uns.ac.id', 23, '2023-05-25 06:43:18', 1),
	(2724, '140.213.166.5', 'ardianita06@gmail.com', 6, '2023-05-25 07:11:40', 1),
	(2725, '114.5.221.2', 'ardianita06@gmail.com', 6, '2023-05-25 07:37:54', 1),
	(2726, '114.5.221.2', 'darmawan123@staff.uns.ac.id', 41, '2023-05-25 07:43:23', 1),
	(2727, '114.5.221.2', 'ardianita06@gmail.com', 6, '2023-05-25 08:50:52', 1),
	(2728, '114.5.221.2', 'ardianita06@gmail.com', 6, '2023-05-25 09:38:46', 1),
	(2729, '182.253.217.130', 'ahmatnurwakit@staff.uns.ac.id', 44, '2023-05-25 10:24:23', 1),
	(2730, '103.132.230.70', 'ardianita06@gmail.com', 6, '2023-05-25 10:27:29', 1),
	(2731, '114.5.221.2', 'ardianita06@gmail.com', 6, '2023-05-25 10:32:35', 1),
	(2732, '114.5.221.2', 'ardianita06@gmail.com', 6, '2023-05-25 10:32:35', 1),
	(2733, '182.253.217.130', 'wibiatisekark@student.uns.ac.id', 34, '2023-05-25 11:22:51', 1),
	(2734, '103.132.230.70', 'ardianita06@gmail.com', 6, '2023-05-25 11:35:22', 1),
	(2735, '103.132.230.70', 'muhammadhanifarafi@student.uns.ac.id', 23, '2023-05-25 11:45:59', 1),
	(2736, '103.132.230.70', 'darmawan123@staff.uns.ac.id', 41, '2023-05-25 11:49:28', 1),
	(2737, '114.5.221.2', 'ardianita06@gmail.com', 6, '2023-05-25 11:57:05', 1),
	(2738, '118.99.83.88', 'wibiatisekark@student.uns.ac.id', 34, '2023-05-25 12:17:36', 1),
	(2739, '114.5.221.2', 'muhammadhanifarafi@student.uns.ac.id', 23, '2023-05-25 12:42:44', 1),
	(2740, '114.5.221.2', 'rendratrikusuma@student.uns.ac.id', 3, '2023-05-25 12:46:38', 1),
	(2741, '182.253.217.130', 'ahmatnurwakit@staff.uns.ac.id', 44, '2023-05-25 14:25:49', 1),
	(2742, '140.213.164.197', 'ardianita06@gmail.com', 6, '2023-05-25 15:15:30', 1),
	(2743, '182.253.217.130', 'ardianita06@gmail.com', 6, '2023-05-25 15:32:04', 1),
	(2744, '182.253.217.130', 'wibiatisekark@student.uns.ac.id', 34, '2023-05-25 15:43:41', 1),
	(2745, '103.160.184.4', 'nitt', NULL, '2023-05-25 15:46:43', 0),
	(2746, '103.160.184.4', 'ardianita06@gmail.com', 6, '2023-05-25 15:46:53', 1),
	(2747, '182.253.217.130', 'ardianita06@gmail.com', NULL, '2023-05-25 15:50:23', 0),
	(2748, '182.253.217.130', 'ardianita06@gmail.com', 6, '2023-05-25 15:50:35', 1),
	(2749, '182.253.217.130', 'wibiatisekark@student.uns.ac.id', 34, '2023-05-25 16:11:31', 1),
	(2750, '103.189.201.9', 'fajri2002', NULL, '2023-05-25 16:31:16', 0),
	(2751, '103.189.201.9', 'muhammadhanifarafi@student.uns.ac.id', 23, '2023-05-25 16:31:29', 1),
	(2752, '103.189.201.9', 'darmawan123@staff.uns.ac.id', 41, '2023-05-25 16:32:00', 1),
	(2753, '103.189.201.9', 'darmawan123@staff.uns.ac.id', 41, '2023-05-25 16:32:03', 1),
	(2754, '103.189.201.9', 'ahmadyunus123@gmail.com', 88, '2023-05-25 16:33:44', 1),
	(2755, '103.189.201.9', 'ahmadyunus123@gmail.com', 88, '2023-05-25 16:33:46', 1),
	(2756, '114.5.245.27', 'wibiatisekark@student.uns.ac.id', 34, '2023-05-25 16:37:01', 1),
	(2757, '114.5.245.27', 'wibiatisekark@student.uns.ac.id', 34, '2023-05-25 16:37:08', 1),
	(2758, '114.5.221.2', 'ardianita06@gmail.com', 6, '2023-05-25 17:55:35', 1),
	(2759, '103.160.184.4', 'ardianita06@gmail.com', 6, '2023-05-25 18:09:20', 1),
	(2760, '103.160.184.4', 'oktariniarossaa14@student.uns.ac.id', 33, '2023-05-25 18:14:53', 1),
	(2761, '103.160.184.4', 'ardianita06@gmail.com', 6, '2023-05-25 18:15:49', 1),
	(2762, '114.5.221.2', 'ardianita06@gmail.com', 6, '2023-05-25 18:25:57', 1),
	(2763, '103.160.184.4', 'muhammadhanifarafi@gmail.com3', 29, '2023-05-25 18:37:20', 1),
	(2764, '103.189.201.9', 'ardianita06@gmail.com', 6, '2023-05-25 19:32:17', 1),
	(2765, '103.189.201.9', 'ardianita06@gmail.com', 6, '2023-05-25 19:32:18', 1),
	(2766, '103.160.184.4', 'yeiko123', NULL, '2023-05-25 19:38:43', 0),
	(2767, '103.160.184.4', 'muhammadhanifarafi@gmail.com3', 29, '2023-05-25 19:38:53', 1),
	(2768, '103.160.184.4', 'ardianita06@gmail.com', 6, '2023-05-25 19:39:20', 1),
	(2769, '182.253.217.130', 'ahmatnurwakit@staff.uns.ac.id', 44, '2023-05-25 19:48:48', 1),
	(2770, '118.99.83.88', 'wibiatisekark@student.uns.ac.id', 34, '2023-05-25 20:01:06', 1),
	(2771, '114.5.221.2', 'ardianita06@gmail.com', 6, '2023-05-25 20:23:24', 1),
	(2772, '103.160.184.4', 'yeiko123', NULL, '2023-05-25 20:34:54', 0),
	(2773, '103.160.184.4', 'yeiko123', NULL, '2023-05-25 20:35:02', 0),
	(2774, '103.160.184.4', 'yeiko123', NULL, '2023-05-25 20:35:16', 0),
	(2775, '103.160.184.4', 'muhammadhanifarafi@gmail.com3', 29, '2023-05-25 20:35:23', 1),
	(2776, '103.160.184.4', 'oktariniarossaa14@student.uns.ac.id', 33, '2023-05-25 20:41:26', 1),
	(2777, '140.213.59.194', 'nitt', NULL, '2023-05-25 20:53:21', 0),
	(2778, '140.213.59.194', 'ardianita06@gmail.com', 6, '2023-05-25 20:53:39', 1),
	(2779, '118.99.83.88', 'ardianita06@gmail.com', 6, '2023-05-25 21:12:42', 1),
	(2780, '103.160.184.4', 'muhammadhanifarafi@gmail.com3', 29, '2023-05-25 21:12:51', 1),
	(2781, '103.160.184.4', 'ardianita06@gmail.com', 6, '2023-05-25 21:20:55', 1),
	(2782, '120.188.86.142', 'ardianita06@gmail.com', 6, '2023-05-25 21:21:42', 1),
	(2783, '182.253.217.130', 'oktarinia', NULL, '2023-05-25 21:25:11', 0),
	(2784, '182.253.217.130', 'oktarinia', NULL, '2023-05-25 21:25:23', 0),
	(2785, '182.253.217.130', 'wibiatisekark@student.uns.ac.id', 34, '2023-05-25 21:25:34', 1),
	(2786, '103.160.184.4', 'fajri2002', NULL, '2023-05-25 21:28:09', 0),
	(2787, '103.160.184.4', 'fajri2002', NULL, '2023-05-25 21:28:25', 0),
	(2788, '103.160.184.4', 'muhammadhanifarafi@student.uns.ac.id', 23, '2023-05-25 21:28:38', 1),
	(2789, '103.160.184.4', 'ardianita06@gmail.com', 6, '2023-05-25 21:57:31', 1),
	(2790, '103.160.184.4', 'muhammadhanifarafi@student.uns.ac.id', 23, '2023-05-25 22:00:42', 1),
	(2791, '103.160.184.4', 'yeiko123', NULL, '2023-05-25 22:31:42', 0),
	(2792, '103.160.184.4', 'muhammadhanifarafi@gmail.com3', 29, '2023-05-25 22:31:57', 1),
	(2793, '118.99.83.88', 'ahmatnurwakit@staff.uns.ac.id', 44, '2023-05-25 22:59:59', 1),
	(2794, '103.160.184.4', 'muhammadhanifarafi@student.uns.ac.id', 23, '2023-05-25 23:00:46', 1),
	(2795, '182.253.217.130', 'wibiatisekark@student.uns.ac.id', 34, '2023-05-25 23:13:59', 1),
	(2796, '140.213.164.81', 'ardianita06@gmail.com', 6, '2023-05-26 01:23:59', 1),
	(2797, '103.189.201.9', 'ardianita06@gmail.com', 6, '2023-05-26 06:24:22', 1),
	(2798, '103.189.201.9', 'ardianita06@gmail.com', 6, '2023-05-26 06:24:23', 1),
	(2799, '103.132.230.70', 'ardianita06@gmail.com', 6, '2023-05-26 08:51:53', 1),
	(2800, '140.213.162.187', 'muhammadhanifarafi@gmail.com3', 29, '2023-05-26 09:01:53', 1),
	(2801, '182.253.217.130', 'ahmatnurwakit@staff.uns.ac.id', 44, '2023-05-26 09:05:30', 1),
	(2802, '182.253.217.130', 'ahmatnurwakit@staff.uns.ac.id', 44, '2023-05-26 09:12:23', 1),
	(2803, '118.99.83.88', 'wibiatisekark@student.uns.ac.id', 34, '2023-05-26 09:31:47', 1),
	(2804, '118.99.83.88', 'wibiatisekark@student.uns.ac.id', 34, '2023-05-26 09:42:32', 1),
	(2805, '103.132.230.70', 'ardianita06@gmail.com', 6, '2023-05-26 10:31:17', 1),
	(2806, '103.160.184.4', 'yeiko123', NULL, '2023-05-26 10:34:18', 0),
	(2807, '103.160.184.4', 'ardianita06@gmail.com', 6, '2023-05-26 10:34:38', 1),
	(2808, '182.253.217.130', 'ahmatnurwakit@staff.uns.ac.id', 44, '2023-05-26 10:46:05', 1),
	(2809, '182.253.217.130', 'wibiatisekark@student.uns.ac.id', 34, '2023-05-26 10:47:35', 1),
	(2810, '118.99.83.88', 'wibiatisekark@student.uns.ac.id', 34, '2023-05-26 11:39:48', 1),
	(2811, '118.99.83.88', 'ahmatnurwakit@staff.uns.ac.id', 44, '2023-05-26 11:41:32', 1),
	(2812, '103.132.230.70', 'ardianita06@gmail.com', 6, '2023-05-26 12:36:35', 1),
	(2813, '114.5.245.27', 'ahmatnurwakit@staff.uns.ac.id', 44, '2023-05-26 13:21:55', 1),
	(2814, '114.5.245.27', 'ardianita06@gmail.com', 6, '2023-05-26 13:35:01', 1),
	(2815, '140.213.42.47', 'ardianita06@gmail.com', 6, '2023-05-26 13:57:49', 1),
	(2816, '125.164.233.177', 'ahmatnurwakit@staff.uns.ac.id', 44, '2023-05-26 14:06:05', 1),
	(2817, '120.188.86.142', 'ardianita06@gmail.com', 6, '2023-05-26 14:24:14', 1),
	(2818, '140.213.42.47', 'ardianita06@gmail.com', 6, '2023-05-26 14:30:32', 1),
	(2819, '120.188.86.142', 'ridhorifai88@student.uns.ac.id', NULL, '2023-05-26 14:31:38', 0),
	(2820, '120.188.86.142', 'ridhorifai88@student.uns.ac.id', 59, '2023-05-26 14:33:07', 1),
	(2821, '202.67.41.224', 'ridhorifai88@student.uns.ac.id', 59, '2023-05-26 14:33:55', 1),
	(2822, '120.188.86.142', 'ardianita06@gmail.com', 6, '2023-05-26 14:36:31', 1),
	(2823, '120.188.86.142', 'ardianita06@gmail.com', 6, '2023-05-26 14:56:39', 1),
	(2824, '125.164.233.177', 'muhammadhanifarafi@student.uns.ac.id', 23, '2023-05-26 15:34:04', 1),
	(2825, '125.164.233.177', 'ardianita06@gmail.com', 6, '2023-05-26 15:34:24', 1),
	(2826, '125.164.233.177', 'muhammadhanifarafi@student.uns.ac.id', 23, '2023-05-26 15:35:33', 1),
	(2827, '125.164.233.177', 'darmawan123@staff.uns.ac.id', 41, '2023-05-26 15:38:16', 1),
	(2828, '125.164.233.177', 'ardianita06@gmail.com', 6, '2023-05-26 15:39:49', 1),
	(2829, '103.160.184.4', 'ardianita06@gmail.com', 6, '2023-05-26 15:52:46', 1),
	(2830, '103.160.184.4', 'muhammadhanifarafi@gmail.com3', 29, '2023-05-26 16:44:30', 1),
	(2831, '120.188.76.49', 'ardianita06@gmail.com', 6, '2023-05-26 16:52:54', 1),
	(2832, '120.188.76.49', 'ardianita06@gmail.com', 6, '2023-05-26 16:52:55', 1),
	(2833, '103.160.184.4', 'wibiatisekark', NULL, '2023-05-26 17:32:12', 0),
	(2834, '103.160.184.4', 'wibiatisekark', NULL, '2023-05-26 17:32:22', 0),
	(2835, '103.160.184.4', 'ardianita06@gmail.com', 6, '2023-05-26 17:32:55', 1),
	(2836, '103.160.184.4', 'ilham123@gmail.com', 58, '2023-05-26 17:33:34', 1),
	(2837, '103.160.184.4', 'ardianita06@gmail.com', 6, '2023-05-26 17:42:53', 1),
	(2838, '103.160.184.4', 'muhammadhanifarafi@gmail.com3', 29, '2023-05-26 18:43:54', 1),
	(2839, '103.160.184.4', 'ardianita06@gmail.com', 6, '2023-05-26 18:44:34', 1),
	(2840, '103.160.184.4', 'yeiko123', NULL, '2023-05-26 19:47:20', 0),
	(2841, '103.160.184.4', 'muhammadhanifarafi@gmail.com3', 29, '2023-05-26 19:47:28', 1),
	(2842, '140.213.162.187', 'muhammadhanifarafi@gmail.com3', 29, '2023-05-26 19:49:09', 1),
	(2843, '103.160.184.4', 'ardianita06@gmail.com', 6, '2023-05-26 19:58:55', 1),
	(2844, '103.160.184.4', 'ardianita06@gmail.com', 6, '2023-05-26 21:21:51', 1),
	(2845, '103.160.184.4', 'muhammadhanifarafi@gmail.com3', 29, '2023-05-26 21:24:24', 1),
	(2846, '182.253.217.130', 'ardianita06@gmail.com', 6, '2023-05-26 21:36:18', 1),
	(2847, '118.99.83.88', 'ahmatnurwakit@staff.uns.ac.id', 44, '2023-05-26 21:38:09', 1),
	(2848, '103.160.184.4', 'ardianita06@gmail.com', 6, '2023-05-26 22:01:40', 1),
	(2849, '103.160.184.4', 'rendra', NULL, '2023-05-26 22:02:28', 0),
	(2850, '103.160.184.4', 'tantrisetiani@student.uns.ac.id', 109, '2023-05-26 22:03:09', 1),
	(2851, '182.253.217.130', 'ardianita06@gmail.com', 6, '2023-05-26 22:04:02', 1),
	(2852, '140.213.162.187', 'muhammadhanifarafi@gmail.com3', 29, '2023-05-26 22:06:43', 1),
	(2853, '125.164.233.197', 'ahmadizulfikar123@gmail.com', 96, '2023-05-26 22:10:40', 1),
	(2854, '103.160.184.4', 'ardianita06@gmail.com', 6, '2023-05-26 22:40:34', 1),
	(2855, '125.164.233.197', 'ardianita06@gmail.com', 6, '2023-05-26 22:54:42', 1),
	(2856, '103.160.184.4', 'yeiko123', NULL, '2023-05-26 22:55:36', 0),
	(2857, '103.160.184.4', 'muhammadhanifarafi@gmail.com3', 29, '2023-05-26 22:55:44', 1),
	(2858, '125.164.233.197', 'zulfikar', NULL, '2023-05-26 22:59:41', 0),
	(2859, '125.164.233.197', 'ahmadizulfikar123@gmail.com', 96, '2023-05-26 22:59:52', 1),
	(2860, '125.164.233.197', 'ardianita06@gmail.com', NULL, '2023-05-26 23:04:30', 0),
	(2861, '125.164.233.197', 'ardianita06@gmail.com', 6, '2023-05-26 23:04:42', 1),
	(2862, '182.253.217.130', 'wibiatisekark@student.uns.ac.id', 34, '2023-05-26 23:07:41', 1),
	(2863, '182.253.217.130', 'ahmatnurwakit', NULL, '2023-05-26 23:08:03', 0),
	(2864, '182.253.217.130', 'ahmatnurwakit@staff.uns.ac.id', 44, '2023-05-26 23:08:10', 1),
	(2865, '125.164.233.197', 'ardianita06@gmail.com', 6, '2023-05-27 00:14:25', 1),
	(2866, '125.164.233.197', 'ardianita06@gmail.com', 6, '2023-05-27 00:26:30', 1),
	(2867, '103.160.184.4', 'muhammadhanifarafi@gmail.com3', 29, '2023-05-27 00:35:22', 1),
	(2868, '114.4.215.175', 'ardianita06@gmail.com', 6, '2023-05-27 02:17:56', 1),
	(2869, '114.4.215.175', 'ardianita06@gmail.com', 6, '2023-05-27 02:17:59', 1),
	(2870, '114.4.215.175', 'ardianita06@gmail.com', 6, '2023-05-27 02:18:00', 1),
	(2871, '114.5.108.173', 'ardianita06@gmail.com', 6, '2023-05-27 03:23:46', 1),
	(2872, '120.188.37.173', 'ardianita06@gmail.com', 6, '2023-05-27 03:52:50', 1),
	(2873, '120.188.37.173', 'ardianita06@gmail.com', 6, '2023-05-27 04:20:58', 1),
	(2874, '140.213.170.72', 'muhammadhanifarafi@gmail.com3', 29, '2023-05-27 05:06:08', 1),
	(2875, '140.213.170.72', 'muhammadhanifarafi@gmail.com3', 29, '2023-05-27 05:08:04', 1),
	(2876, '140.213.170.72', 'ardianita06@gmail.com', 6, '2023-05-27 05:38:31', 1),
	(2877, '140.213.170.72', 'muhammadhanifarafi@gmail.com3', 29, '2023-05-27 06:33:13', 1),
	(2878, '140.213.160.53', 'muhammadhanifarafi@gmail.com3', 29, '2023-05-27 06:33:14', 1),
	(2879, '140.213.170.72', 'ardianitafzyh@gmail.com', 28, '2023-05-27 07:10:14', 1),
	(2880, '140.213.170.72', 'muhammadhanifarafi@student.uns.ac.id', 23, '2023-05-27 07:15:20', 1),
	(2881, '140.213.170.72', 'muhammadhanifarafi@gmail.com3', 29, '2023-05-27 07:48:48', 1),
	(2882, '140.213.170.72', 'trisna123@gmail.com', 46, '2023-05-27 07:49:20', 1),
	(2883, '112.215.244.1', 'ardianita06@gmail.com', 6, '2023-05-27 09:32:36', 1),
	(2884, '112.215.244.1', 'ardianita06@gmail.com', 6, '2023-05-27 10:39:12', 1),
	(2885, '112.215.244.1', 'ardianita06@gmail.com', 6, '2023-05-27 12:08:29', 1),
	(2886, '103.171.147.106', 'ardianita06@gmail.com', 6, '2023-05-27 12:15:32', 1),
	(2887, '103.171.147.106', 'ardianita06@gmail.com', 6, '2023-05-27 12:15:34', 1),
	(2888, '140.213.160.53', 'ahmatnurwakit', NULL, '2023-05-27 13:26:59', 0),
	(2889, '140.213.160.53', 'ahmatnurwakit@staff.uns.ac.id', 44, '2023-05-27 13:27:27', 1),
	(2890, '140.213.170.71', 'ardianitafzyh@gmail.com', 28, '2023-05-27 13:44:34', 1),
	(2891, '103.160.184.4', 'ahmatnurwakit', NULL, '2023-05-27 14:02:00', 0),
	(2892, '103.160.184.4', 'ahmatnurwakit@staff.uns.ac.id', 44, '2023-05-27 14:02:12', 1),
	(2893, '125.166.9.201', 'ardianita06@gmail.com', 6, '2023-05-27 14:08:39', 1),
	(2894, '125.166.9.201', 'ardianita06@gmail.com', 6, '2023-05-27 14:08:40', 1),
	(2895, '140.213.160.53', 'muhammadhanifarafi@gmail.com3', 29, '2023-05-27 14:09:39', 1),
	(2896, '103.160.184.4', 'ardianita06@gmail.com', 6, '2023-05-27 14:09:56', 1),
	(2897, '125.166.9.201', 'ardianita06@gmail.com', 6, '2023-05-27 14:12:30', 1),
	(2898, '125.166.9.201', 'ardianita06@gmail.com', 6, '2023-05-27 14:14:36', 1),
	(2899, '125.166.9.201', 'ardianita06@gmail.com', 6, '2023-05-27 14:14:37', 1),
	(2900, '140.213.170.71', 'ardianita06@gmail.com', 6, '2023-05-27 14:35:52', 1),
	(2901, '140.213.160.53', 'trisna123@gmail.com', 46, '2023-05-27 15:28:59', 1),
	(2902, '103.171.147.106', 'ardianita06@gmail.com', 6, '2023-05-27 16:58:47', 1),
	(2903, '103.171.147.106', 'ardianita06@gmail.com', 6, '2023-05-27 16:58:53', 1),
	(2904, '103.171.147.106', 'ardianita06@gmail.com', 6, '2023-05-27 16:58:56', 1),
	(2905, '103.171.147.106', 'ardianita06@gmail.com', 6, '2023-05-27 17:12:33', 1),
	(2906, '103.160.184.4', 'nitt', NULL, '2023-05-27 18:55:15', 0),
	(2907, '103.160.184.4', 'ardianita06@gmail.com', 6, '2023-05-27 18:55:26', 1),
	(2908, '103.171.147.106', 'ardianita06@gmail.com', 6, '2023-05-27 19:32:47', 1),
	(2909, '140.213.160.53', 'ardianita06@gmail.com', 6, '2023-05-27 19:35:46', 1),
	(2910, '182.253.217.130', 'ardianita06@gmail.com', 6, '2023-05-27 19:36:40', 1),
	(2911, '182.253.217.130', 'ahmatnurwakit@staff.uns.ac.id', 44, '2023-05-27 19:38:11', 1),
	(2912, '103.160.184.4', 'ardianita06@gmail.com', 6, '2023-05-27 19:55:09', 1),
	(2913, '182.253.217.130', 'ardianita06@gmail.com', 6, '2023-05-27 20:08:39', 1),
	(2914, '140.213.160.53', 'muhammadhanifarafi@gmail.com3', 29, '2023-05-27 20:25:39', 1),
	(2915, '140.213.170.75', 'muhammadhanifarafi@gmail.com3', 29, '2023-05-27 20:25:43', 1),
	(2916, '140.213.160.53', 'muhammadhanifarafi@student.uns.ac.id', 23, '2023-05-27 20:27:03', 1),
	(2917, '140.213.160.53', 'trisna123', NULL, '2023-05-27 20:27:47', 0),
	(2918, '140.213.160.53', 'trisna123@gmail.com', 46, '2023-05-27 20:27:58', 1),
	(2919, '140.213.170.75', 'ardianita06@gmail.com', 6, '2023-05-27 20:50:33', 1),
	(2920, '118.99.83.88', 'ardianita06@gmail.com', 6, '2023-05-27 21:14:32', 1),
	(2921, '140.213.170.75', 'ardianitafzyh@gmail.com', 28, '2023-05-27 21:34:41', 1),
	(2922, '140.213.170.75', 'muhammadhanifarafi@gmail.com3', 29, '2023-05-27 21:35:14', 1),
	(2923, '103.160.184.4', 'ardianita06@gmail.com', 6, '2023-05-27 21:35:44', 1),
	(2924, '118.99.83.88', 'ardianita06@gmail.com', 6, '2023-05-27 21:55:18', 1),
	(2925, '103.160.184.4', 'ardianita06@gmail.com', 6, '2023-05-27 22:20:57', 1),
	(2926, '103.160.184.4', 'ardianita06@gmail.com', 6, '2023-05-27 22:39:08', 1),
	(2927, '182.253.217.130', 'ardianita06@gmail.com', 6, '2023-05-27 22:54:16', 1),
	(2928, '103.171.147.106', 'ardianita06@gmail.com', 6, '2023-05-27 23:31:29', 1),
	(2929, '103.160.184.4', 'ardianita06@gmail.com', 6, '2023-05-27 23:43:06', 1),
	(2930, '103.160.184.4', 'muhammadhanifarafi@gmail.com3', 29, '2023-05-27 23:44:07', 1),
	(2931, '140.213.170.75', 'nitt', NULL, '2023-05-28 00:25:01', 0),
	(2932, '140.213.170.75', 'ardianita06@gmail.com', 6, '2023-05-28 00:25:14', 1),
	(2933, '103.160.184.4', 'tantrisetiani@student.uns.ac.id', 109, '2023-05-28 00:27:27', 1),
	(2934, '103.160.184.4', 'fajri2002', NULL, '2023-05-28 00:29:33', 0),
	(2935, '103.160.184.4', 'muhammadhanifarafi@student.uns.ac.id', 23, '2023-05-28 00:29:44', 1),
	(2936, '182.253.217.130', 'ardianita06@gmail.com', 6, '2023-05-28 01:07:11', 1),
	(2937, '103.171.147.106', 'ardianita06@gmail.com', 6, '2023-05-28 06:55:31', 1),
	(2938, '104.28.219.244', 'ardianita06@gmail.com', 6, '2023-05-28 10:13:15', 1),
	(2939, '182.253.217.130', 'ahmatnurwakit@staff.uns.ac.id', 44, '2023-05-28 10:30:39', 1),
	(2940, '114.5.108.172', 'ardianita06@gmail.com', 6, '2023-05-28 10:46:09', 1),
	(2941, '118.99.83.88', 'ardianita06@gmail.com', 6, '2023-05-28 12:38:15', 1),
	(2942, '103.171.147.106', 'ardianita06@gmail.com', 6, '2023-05-28 12:55:39', 1),
	(2943, '182.253.217.130', 'trisna123@gmail.com', 46, '2023-05-28 12:59:09', 1),
	(2944, '140.213.168.29', 'yeiko123', NULL, '2023-05-28 14:04:42', 0),
	(2945, '140.213.168.29', 'muhammadhanifarafi@gmail.com3', 29, '2023-05-28 14:04:51', 1),
	(2946, '140.213.162.191', 'trisna123@gmail.com', 46, '2023-05-28 14:25:09', 1),
	(2947, '140.213.162.191', 'ardianita06@gmail.com', 6, '2023-05-28 15:06:39', 1),
	(2948, '182.253.217.130', 'trisna123@gmail.com', 46, '2023-05-28 15:24:49', 1),
	(2949, '182.253.217.130', 'wibiatisekark@student.uns.ac.id', 34, '2023-05-28 15:28:04', 1),
	(2950, '140.213.168.29', 'ardianita06@gmail.com', 6, '2023-05-28 15:51:09', 1),
	(2951, '114.4.216.233', 'ardianita06@gmail.com', 6, '2023-05-28 16:52:34', 1),
	(2952, '103.160.184.4', 'ardianita06@gmail.com', 6, '2023-05-28 17:07:37', 1),
	(2953, '182.253.217.130', 'ahmatnurwakit@staff.uns.ac.id', 44, '2023-05-28 18:41:39', 1),
	(2954, '103.160.184.4', 'ardianita06@gmail.com', 6, '2023-05-28 19:17:11', 1),
	(2955, '118.99.83.88', 'ahmatnurwakit@staff.uns.ac.id', 44, '2023-05-28 19:17:47', 1),
	(2956, '182.253.217.130', 'ahmatnurwakit@staff.uns.ac.id', 44, '2023-05-28 20:55:27', 1),
	(2957, '118.99.83.88', 'ardianita06@gmail.com', 6, '2023-05-28 20:57:14', 1),
	(2958, '120.188.73.206', 'ardianita06@gmail.com', 6, '2023-05-28 21:24:59', 1),
	(2959, '120.188.73.206', 'ardianita06@gmail.com', 6, '2023-05-28 21:25:04', 1),
	(2960, '103.160.184.4', 'ardianita06@gmail.com', 6, '2023-05-28 21:26:41', 1),
	(2961, '182.253.217.130', 'wibiatisekark@student.uns.ac.id', 34, '2023-05-28 21:39:58', 1),
	(2962, '182.253.217.130', 'ardianita06@gmail.com', 6, '2023-05-28 22:19:29', 1),
	(2963, '103.160.184.4', 'yeiko123', NULL, '2023-05-28 22:19:53', 0),
	(2964, '103.160.184.4', 'yeiko123', NULL, '2023-05-28 22:20:02', 0),
	(2965, '103.160.184.4', 'muhammadhanifarafi@gmail.com3', 29, '2023-05-28 22:20:11', 1),
	(2966, '118.99.83.88', 'ahmatnurwakit@staff.uns.ac.id', 44, '2023-05-28 22:25:18', 1),
	(2967, '140.213.48.178', 'ardianita06@gmail.com', 6, '2023-05-28 22:41:12', 1),
	(2968, '103.160.184.4', 'ardianita06@gmail.com', 6, '2023-05-28 23:46:22', 1),
	(2969, '103.160.184.4', 'oktariniarossaa14@student.uns.ac.id', 33, '2023-05-29 00:51:00', 1),
	(2970, '140.213.162.208', 'ardianita06@gmail.com', 6, '2023-05-29 03:32:53', 1),
	(2971, '140.213.162.208', 'muhammadhanifarafi@gmail.com3', 29, '2023-05-29 04:07:37', 1),
	(2972, '140.213.162.208', 'ardianita06@gmail.com', 6, '2023-05-29 04:46:00', 1),
	(2973, '140.213.160.39', 'ardianitafzyh@gmail.com', 28, '2023-05-29 04:52:38', 1),
	(2974, '140.213.162.208', 'muhammadhanifarafi@gmail.com3', 29, '2023-05-29 04:54:48', 1),
	(2975, '140.213.162.208', 'disparpora@gmail.com', 108, '2023-05-29 05:00:26', 1),
	(2976, '140.213.162.208', 'muhammadhanifarafi@gmail.com3', 29, '2023-05-29 05:31:13', 1),
	(2977, '140.213.162.208', 'disparpora@gmail.com', 108, '2023-05-29 05:38:44', 1),
	(2978, '140.213.160.39', 'ardianita06@gmail.com', 6, '2023-05-29 05:58:00', 1),
	(2979, '103.171.147.106', 'ardianita06@gmail.com', 6, '2023-05-29 06:03:34', 1),
	(2980, '103.171.147.106', 'ardianita06@gmail.com', 6, '2023-05-29 06:03:39', 1),
	(2981, '140.213.162.208', 'muhammadhanifarafi@student.uns.ac.id', 23, '2023-05-29 06:11:54', 1),
	(2982, '140.213.160.39', 'ardianita06@gmail.com', 6, '2023-05-29 06:46:15', 1),
	(2983, '140.213.160.39', 'oktariniarossaa14@student.uns.ac.id', 33, '2023-05-29 06:51:25', 1),
	(2984, '140.213.160.39', 'ivann@gmail.com', 97, '2023-05-29 06:56:31', 1),
	(2985, '140.213.162.208', 'trisna123@gmail.com', 46, '2023-05-29 06:57:34', 1),
	(2986, '140.213.160.39', 'disparpora@gmail.com', 108, '2023-05-29 07:00:14', 1),
	(2987, '103.171.147.80', 'ardianita06@gmail.com', 6, '2023-05-29 08:11:24', 1),
	(2988, '103.171.147.80', 'ardianita06@gmail.com', 6, '2023-05-29 08:14:51', 1),
	(2989, '140.213.160.39', 'ardianita06@gmail.com', 6, '2023-05-29 08:23:50', 1),
	(2990, '103.160.184.4', 'ardianita06@gmail.com', 6, '2023-05-29 08:27:32', 1),
	(2991, '140.213.162.208', 'disparpora@gmail.com', 108, '2023-05-29 08:31:56', 1),
	(2992, '103.132.230.70', 'ardianita06@gmail.com', 6, '2023-05-29 09:07:06', 1),
	(2993, '140.213.218.55', 'ardianita06@gmail.com', 6, '2023-05-29 09:14:47', 1),
	(2994, '103.171.147.80', 'ardianita06@gmail.com', 6, '2023-05-29 09:15:52', 1),
	(2995, '140.213.218.55', 'ardianita06@gmail.com', 6, '2023-05-29 09:56:56', 1),
	(2996, '103.171.147.80', 'ardianita06@gmail.com', 6, '2023-05-29 09:57:53', 1),
	(2997, '103.132.230.70', 'ardianita06@gmail.com', 6, '2023-05-29 09:59:47', 1),
	(2998, '103.132.230.70', 'ardianita06@gmail.com', 6, '2023-05-29 10:54:50', 1),
	(2999, '140.213.218.55', 'ardianita06@gmail.com', 6, '2023-05-29 11:20:28', 1),
	(3000, '104.28.215.132', 'ardianita06@gmail.com', 6, '2023-05-29 12:08:40', 1),
	(3001, '182.253.217.130', 'ardianita06@gmail.com', 6, '2023-05-29 13:24:42', 1),
	(3002, '182.253.217.130', 'ahmatnurwakit@staff.uns.ac.id', 44, '2023-05-29 13:25:38', 1),
	(3003, '103.132.230.70', 'ardianita06@gmail.com', 6, '2023-05-29 13:51:05', 1),
	(3004, '140.213.160.39', 'ardianita06@gmail.com', 6, '2023-05-29 14:03:39', 1),
	(3005, '103.132.230.70', 'muhammadhanifarafi@student.uns.ac.id', 23, '2023-05-29 14:04:11', 1),
	(3006, '103.132.230.70', 'darmawan123@staff.uns.ac.id', 41, '2023-05-29 14:08:12', 1),
	(3007, '182.253.217.130', 'ardianita06@gmail.com', 6, '2023-05-29 14:11:09', 1),
	(3008, '101.128.111.178', 'ardianita06@gmail.com', 6, '2023-05-29 14:34:44', 1),
	(3009, '103.184.180.97', 'ardianita06@gmail.com', 6, '2023-05-29 15:08:13', 1),
	(3010, '103.184.180.97', 'ardianita06@gmail.com', 6, '2023-05-29 15:55:57', 1),
	(3011, '103.184.180.97', 'ridhorifai88@student.uns.ac.id', 59, '2023-05-29 15:56:46', 1),
	(3012, '103.184.180.97', 'ridhorifai88@student.uns.ac.id', 59, '2023-05-29 15:59:47', 1),
	(3013, '103.184.180.97', 'ardianita06@gmail.com', 6, '2023-05-29 16:00:03', 1),
	(3014, '103.184.180.97', 'ardianita06@gmail.com', 6, '2023-05-29 16:11:05', 1),
	(3015, '103.184.180.97', 'pandudwisaputra@student.uns.ac.id', 113, '2023-05-29 16:15:05', 1),
	(3016, '114.10.65.228', 'ardianita06@gmail.com', 6, '2023-05-29 17:31:02', 1),
	(3017, '101.128.110.145', 'ardianita06@gmail.com', 6, '2023-05-29 17:31:22', 1),
	(3018, '114.10.65.228', 'fajri2002', NULL, '2023-05-29 17:47:13', 0),
	(3019, '114.10.65.228', 'muhammadhanifarafi@student.uns.ac.id', 23, '2023-05-29 17:47:20', 1),
	(3020, '114.10.65.228', 'muhammadhanifarafi@student.uns.ac.id', 23, '2023-05-29 17:47:24', 1),
	(3021, '101.128.111.178', 'ahmatnurwakit', NULL, '2023-05-29 17:54:34', 0),
	(3022, '101.128.111.178', 'ahmatnurwakit@staff.uns.ac.id', 44, '2023-05-29 17:54:59', 1),
	(3023, '101.128.111.178', 'ardianita06@gmail.com', 6, '2023-05-29 18:57:45', 1),
	(3024, '103.160.184.4', 'ardianita06@gmail.com', 6, '2023-05-29 19:03:08', 1),
	(3025, '114.10.65.228', 'ardianita06@gmail.com', 6, '2023-05-29 19:05:22', 1),
	(3026, '114.10.65.228', 'ardianita06@gmail.com', 6, '2023-05-29 19:05:33', 1),
	(3027, '101.128.111.178', 'ahmatnurwakit@staff.uns.ac.id', 44, '2023-05-29 19:05:44', 1),
	(3028, '101.128.111.178', 'ardianita06@gmail.com', 6, '2023-05-29 19:42:27', 1),
	(3029, '101.128.111.178', 'ardianita06@gmail.com', 6, '2023-05-29 20:20:47', 1),
	(3030, '101.128.111.178', 'ahmatnurwakit@staff.uns.ac.id', 44, '2023-05-29 21:09:42', 1),
	(3031, '103.160.184.4', 'ardianita06@gmail.com', 6, '2023-05-29 21:40:40', 1),
	(3032, '125.164.233.197', 'ardianita06@gmail.com', 6, '2023-05-30 00:00:54', 1),
	(3033, '125.164.233.197', 'ardianita06@gmail.com', 6, '2023-05-30 01:48:51', 1),
	(3034, '120.188.76.151', 'ardianita06@gmail.com', 6, '2023-05-30 03:27:46', 1),
	(3035, '120.188.76.151', 'ardianita06@gmail.com', 6, '2023-05-30 04:45:41', 1),
	(3036, '120.188.76.151', 'ardianita06@gmail.com', 6, '2023-05-30 05:07:11', 1),
	(3037, '140.213.170.106', 'ardianita06@gmail.com', 6, '2023-05-30 06:22:43', 1),
	(3038, '140.213.170.106', 'muhammadhanifarafi@gmail.com3', 29, '2023-05-30 07:23:52', 1),
	(3039, '140.213.170.106', 'oktariniarossaa14@student.uns.ac.id', 33, '2023-05-30 07:26:20', 1),
	(3040, '182.253.217.130', 'ardianita06@gmail.com', 6, '2023-05-30 07:43:24', 1),
	(3041, '120.188.76.151', 'ardianita06@gmail.com', 6, '2023-05-30 10:57:48', 1),
	(3042, '103.171.147.105', 'ardianita06@gmail.com', NULL, '2023-05-30 11:00:47', 0),
	(3043, '103.171.147.105', 'ardianita06@gmail.com', 6, '2023-05-30 11:00:57', 1),
	(3044, '103.132.230.70', 'ardianita06@gmail.com', 6, '2023-05-30 11:11:27', 1),
	(3045, '103.132.230.70', 'ardianita06@gmail.com', 6, '2023-05-30 13:20:34', 1),
	(3046, '182.253.217.130', 'ardianita06@gmail.com', 6, '2023-05-30 13:55:03', 1),
	(3047, '103.132.230.70', 'ardianita06@gmail.com', 6, '2023-05-30 14:31:34', 1),
	(3048, '103.184.180.97', 'ardianita06@gmail.com', 6, '2023-05-30 15:39:07', 1),
	(3049, '103.171.147.81', 'ardianita06@gmail.com', 6, '2023-05-30 15:39:22', 1),
	(3050, '103.160.184.4', 'ardianita06@gmail.com', 6, '2023-05-30 15:39:54', 1),
	(3051, '103.184.180.97', 'ardianita06@gmail.com', 6, '2023-05-30 16:05:19', 1),
	(3052, '103.184.180.97', 'ardianita06@gmail.com', 6, '2023-05-30 16:40:13', 1),
	(3053, '103.184.180.97', 'ardianita06@gmail.com', 6, '2023-05-30 16:45:14', 1),
	(3054, '103.184.180.97', 'ahmadizulfikar123@gmail.com', 96, '2023-05-30 17:44:54', 1),
	(3055, '103.184.180.97', 'ardianita06@gmail.com', 6, '2023-05-30 17:47:02', 1),
	(3056, '103.184.180.97', 'ardianita06@gmail.com', 6, '2023-05-30 18:18:18', 1),
	(3057, '103.184.180.97', 'ardianita06@gmail.com', 6, '2023-05-30 18:32:11', 1),
	(3058, '103.160.184.4', 'ardianita06@gmail.com', 6, '2023-05-30 18:38:13', 1),
	(3059, '114.5.102.131', 'ardianita06@gmail.com', 6, '2023-05-30 18:47:10', 1),
	(3060, '182.253.217.130', 'ardianita06@gmail.com', 6, '2023-05-30 19:04:54', 1),
	(3061, '140.213.170.106', 'muhammadhanifarafi@gmail.com3', 29, '2023-05-30 19:25:37', 1),
	(3062, '140.213.170.106', 'oktariniarossaa14@student.uns.ac.id', 33, '2023-05-30 19:28:07', 1),
	(3063, '182.253.217.130', 'ahmatnurwakit@staff.uns.ac.id', 44, '2023-05-30 19:38:55', 1),
	(3064, '103.184.180.97', 'ardianita06@gmail.com', 6, '2023-05-30 20:09:19', 1),
	(3065, '182.253.217.130', 'ardianita06@gmail.com', 6, '2023-05-30 20:17:15', 1),
	(3066, '182.253.217.130', 'wibiatisekark@student.uns.ac.id', 34, '2023-05-30 20:25:04', 1),
	(3067, '182.253.217.130', 'trisna123@gmail.com', 46, '2023-05-30 20:25:37', 1),
	(3068, '103.184.180.97', 'ardianita06@gmail.com', 6, '2023-05-30 20:32:10', 1),
	(3069, '140.213.170.106', 'muhammadhanifarafi@gmail.com3', 29, '2023-05-30 20:40:06', 1),
	(3070, '182.253.217.130', 'wibiatisekark@student.uns.ac.id', 34, '2023-05-30 20:42:29', 1),
	(3071, '182.253.217.130', 'wibiatisekark@student.uns.ac.id', 34, '2023-05-30 20:46:52', 1),
	(3072, '140.213.168.144', 'oktariniarossaa14@student.uns.ac.id', 33, '2023-05-30 20:53:37', 1),
	(3073, '120.188.76.151', 'ardianita06@gmail.com', 6, '2023-05-30 20:58:25', 1),
	(3074, '120.188.76.151', 'ardianita06@gmail.com', 6, '2023-05-30 20:58:26', 1),
	(3075, '125.164.233.197', 'ardianita06@gmail.com', 6, '2023-05-31 00:03:04', 1),
	(3076, '125.164.233.197', 'ardianita06@gmail.com', 6, '2023-05-31 00:56:59', 1),
	(3077, '125.164.233.197', 'ardianita06@gmail.com', 6, '2023-05-31 03:14:00', 1),
	(3078, '180.242.130.60', 'ardianita06@gmail.com', 6, '2023-05-31 05:58:55', 1),
	(3079, '140.213.162.219', 'muhammadhanifarafi@gmail.com3', 29, '2023-05-31 06:32:57', 1),
	(3080, '140.213.160.95', 'suksesjaya123@gmail.com', 99, '2023-05-31 06:34:08', 1),
	(3081, '140.213.160.95', 'ardianita06@gmail.com', 6, '2023-05-31 06:39:27', 1),
	(3082, '103.171.147.105', 'muhammadhanifarafi@gmail.com', 14, '2023-05-31 08:03:52', 1),
	(3083, '140.213.162.219', 'muhammadhanifarafi@student.uns.ac.id', 23, '2023-05-31 08:04:35', 1),
	(3084, '140.213.160.95', 'trisna123@gmail.com', 46, '2023-05-31 08:13:20', 1),
	(3085, '140.213.162.219', 'ardianita06@gmail.com', 6, '2023-05-31 08:47:01', 1),
	(3086, '103.132.230.70', 'ardianita06@gmail.com', 6, '2023-05-31 09:14:58', 1),
	(3087, '140.213.160.95', 'ardianita06@gmail.com', 6, '2023-05-31 10:07:48', 1),
	(3088, '103.132.230.70', 'ardianita06@gmail.com', 6, '2023-05-31 10:31:22', 1),
	(3089, '103.132.230.70', 'ardianita06@gmail.com', 6, '2023-05-31 11:19:50', 1),
	(3090, '103.132.230.70', 'ardianita06@gmail.com', 6, '2023-05-31 11:41:15', 1),
	(3091, '103.132.230.70', 'ardianita06@gmail.com', 6, '2023-05-31 12:27:36', 1),
	(3092, '182.253.217.130', 'ardianita06@gmail.com', 6, '2023-05-31 13:23:21', 1),
	(3093, '182.253.217.130', 'ahmatnurwakit@staff.uns.ac.id', 44, '2023-05-31 13:25:53', 1),
	(3094, '103.132.230.70', 'ardianita06@gmail.com', 6, '2023-05-31 13:46:58', 1),
	(3095, '103.132.230.70', 'ardianita06@gmail.com', 6, '2023-05-31 13:46:59', 1),
	(3096, '118.99.83.90', 'ahmatnurwakit@staff.uns.ac.id', 44, '2023-05-31 14:09:53', 1),
	(3097, '103.171.147.105', 'ardianita06@gmail.com', 6, '2023-05-31 15:35:22', 1),
	(3098, '182.253.217.130', 'ardianita06@gmail.com', 6, '2023-05-31 15:42:45', 1),
	(3099, '182.253.217.130', 'ahmatnurwakit@staff.uns.ac.id', 44, '2023-05-31 15:46:27', 1),
	(3100, '182.253.217.130', 'ardianita06@gmail.com', 6, '2023-05-31 16:21:15', 1),
	(3101, '182.253.217.130', 'ahmatnurwakit@staff.uns.ac.id', 44, '2023-05-31 16:23:05', 1),
	(3102, '120.188.76.151', 'ardianita06@gmail.com', 6, '2023-05-31 17:56:20', 1),
	(3103, '182.253.217.130', 'ahmatnurwakit@staff.uns.ac.id', 44, '2023-05-31 18:04:59', 1),
	(3104, '103.171.147.105', 'ardianita06@gmail.com', 6, '2023-05-31 19:02:44', 1),
	(3105, '182.253.217.130', 'ahmatnurwakit@staff.uns.ac.id', 44, '2023-05-31 19:09:45', 1),
	(3106, '125.166.8.113', 'ardianita06@gmail.com', 6, '2023-05-31 19:52:03', 1),
	(3107, '103.171.147.105', 'ardianita06@gmail.com', 6, '2023-05-31 21:26:02', 1),
	(3108, '103.171.147.105', 'ardianita06@gmail.com', 6, '2023-05-31 21:27:50', 1),
	(3109, '103.171.147.105', 'ardianita06@gmail.com', 6, '2023-05-31 21:27:52', 1),
	(3110, '103.171.147.105', 'ardianita06@gmail.com', 6, '2023-05-31 21:27:54', 1),
	(3111, '182.253.217.130', 'ahmatnurwakit@staff.uns.ac.id', 44, '2023-05-31 21:32:30', 1),
	(3112, '103.171.147.105', 'ardianita06@gmail.com', 6, '2023-05-31 21:54:06', 1),
	(3113, '103.171.147.105', 'ardianita06@gmail.com', 6, '2023-05-31 22:15:51', 1),
	(3114, '118.99.83.90', 'ahmatnurwakit@staff.uns.ac.id', 44, '2023-05-31 22:33:19', 1),
	(3115, '103.171.147.105', 'ardianita06@gmail.com', 6, '2023-05-31 22:47:26', 1),
	(3116, '103.171.147.105', 'ardianita06@gmail.com', 6, '2023-05-31 22:59:47', 1),
	(3117, '182.253.217.130', 'ahmatnurwakit@staff.uns.ac.id', 44, '2023-05-31 23:23:23', 1),
	(3118, '182.253.217.130', 'ahmatnurwakit@staff.uns.ac.id', 44, '2023-06-01 00:36:57', 1),
	(3119, '120.188.76.151', 'ardianita06@gmail.com', 6, '2023-06-01 05:09:44', 1),
	(3120, '120.188.76.151', 'ardianita06@gmail.com', 6, '2023-06-01 06:28:03', 1),
	(3121, '103.171.147.81', 'ardianita06@gmail.com', 6, '2023-06-01 11:10:04', 1),
	(3122, '120.188.76.151', 'ardianita06@gmail.com', 6, '2023-06-01 11:19:04', 1),
	(3123, '103.171.147.81', 'kresna2001', NULL, '2023-06-01 11:36:13', 0),
	(3124, '103.171.147.81', 'muhammadhanifarafi@gmail.com', 14, '2023-06-01 11:36:22', 1),
	(3125, '103.171.147.81', 'muhammadhanifarafi@gmail.com', 14, '2023-06-01 11:39:27', 1),
	(3126, '103.171.147.81', 'nazaruddin2002', NULL, '2023-06-01 11:43:09', 0),
	(3127, '103.171.147.81', 'nazaruddin2002', NULL, '2023-06-01 11:43:25', 0),
	(3128, '103.171.147.81', 'nazaruddin2002', NULL, '2023-06-01 11:43:37', 0),
	(3129, '103.171.147.81', 'syauqi123@gmail.com', 39, '2023-06-01 11:43:54', 1),
	(3130, '103.171.147.81', 'syauqi123@gmail.com', 39, '2023-06-01 11:47:45', 1),
	(3131, '103.171.147.81', 'syauqi2003', NULL, '2023-06-01 11:53:11', 0),
	(3132, '103.171.147.81', 'syauqi123@gmail.com', 39, '2023-06-01 11:53:32', 1),
	(3133, '182.253.217.130', 'ardianita06@gmail.com', 6, '2023-06-01 13:01:30', 1),
	(3134, '182.253.217.130', 'trisna123@gmail.com', 46, '2023-06-01 13:02:21', 1),
	(3135, '182.253.217.130', 'ardianita06@gmail.com', 6, '2023-06-01 13:03:08', 1),
	(3136, '103.160.184.4', 'nitt', NULL, '2023-06-01 13:11:50', 0),
	(3137, '103.160.184.4', 'ardianita06@gmail.com', 6, '2023-06-01 13:12:02', 1),
	(3138, '103.171.147.81', 'ardianita06@gmail.com', 6, '2023-06-01 13:44:02', 1),
	(3139, '103.171.147.81', 'darmawan123', NULL, '2023-06-01 13:47:28', 0),
	(3140, '103.171.147.81', 'darmawan123@staff.uns.ac.id', 41, '2023-06-01 13:47:34', 1),
	(3141, '103.160.184.4', 'ardianita06@gmail.com', 6, '2023-06-01 13:53:58', 1),
	(3142, '103.184.180.97', 'ardianita06@gmail.com', 6, '2023-06-01 15:26:04', 1),
	(3143, '103.160.184.4', 'ardianita06@gmail.com', 6, '2023-06-01 17:12:48', 1),
	(3144, '103.184.180.97', 'ardianita06@gmail.com', 6, '2023-06-01 17:28:12', 1),
	(3145, '103.160.184.4', 'ardianita06@gmail.com', 6, '2023-06-01 17:52:28', 1),
	(3146, '114.5.102.131', 'ahmatnurwakit@staff.uns.ac.id', 44, '2023-06-01 18:11:00', 1),
	(3147, '103.160.184.4', 'oktariniarossaa14@student.uns.ac.id', 33, '2023-06-01 18:13:06', 1),
	(3148, '103.160.184.4', 'yeiko123', NULL, '2023-06-01 18:28:40', 0),
	(3149, '103.160.184.4', 'muhammadhanifarafi@gmail.com3', 29, '2023-06-01 18:28:48', 1),
	(3150, '103.184.180.97', 'ardianita06@gmail.com', 6, '2023-06-01 18:35:14', 1),
	(3151, '103.160.184.4', 'yeiko123', NULL, '2023-06-01 19:16:40', 0),
	(3152, '103.160.184.4', 'muhammadhanifarafi@gmail.com3', 29, '2023-06-01 19:16:46', 1),
	(3153, '118.99.83.90', 'ahmatnurwakit@staff.uns.ac.id', 44, '2023-06-01 19:27:07', 1),
	(3154, '103.160.184.4', 'indigo1', NULL, '2023-06-01 19:37:51', 0),
	(3155, '103.160.184.4', 'indigo1', NULL, '2023-06-01 19:38:03', 0),
	(3156, '103.160.184.4', 'suksesjaya123@gmail.com', 99, '2023-06-01 19:39:01', 1),
	(3157, '118.99.83.90', 'ahmatnurwakit@staff.uns.ac.id', 44, '2023-06-01 19:42:44', 1),
	(3158, '182.253.217.130', 'ahmatnurwakit@staff.uns.ac.id', 44, '2023-06-01 19:47:49', 1),
	(3159, '125.166.8.113', 'ardianita06@gmail.com', 6, '2023-06-01 20:50:50', 1),
	(3160, '103.184.180.97', 'ardianita06@gmail.com', 6, '2023-06-01 21:02:11', 1),
	(3161, '125.166.8.113', 'ardianita06@gmail.com', 6, '2023-06-01 21:42:41', 1),
	(3162, '118.99.83.90', 'ahmatnurwakit@staff.uns.ac.id', 44, '2023-06-01 21:52:05', 1),
	(3163, '103.160.184.4', 'ardianita06@gmail.com', 6, '2023-06-01 21:59:09', 1),
	(3164, '140.213.57.240', 'ardianita06@gmail.com', 6, '2023-06-01 22:20:39', 1),
	(3165, '118.99.83.90', 'ahmatnurwakit@staff.uns.ac.id', 44, '2023-06-01 23:04:07', 1),
	(3166, '103.160.184.4', 'muhammadhanifarafi@gmail.com3', 29, '2023-06-01 23:47:09', 1),
	(3167, '103.160.184.4', 'oktariniarossaa14@student.uns.ac.id', 33, '2023-06-02 00:18:48', 1),
	(3168, '103.160.184.4', 'ardianita06@gmail.com', 6, '2023-06-02 00:20:30', 1),
	(3169, '103.160.184.4', 'oktariniarossaa14@student.uns.ac.id', 33, '2023-06-02 00:22:25', 1),
	(3170, '182.253.217.130', 'ahmatnurwakit@staff.uns.ac.id', 44, '2023-06-02 00:25:54', 1),
	(3171, '182.253.217.130', 'ahmatnurwakit@staff.uns.ac.id', 44, '2023-06-02 00:34:29', 1),
	(3172, '103.160.184.4', 'trisna123@gmail.com', 46, '2023-06-02 00:43:32', 1),
	(3173, '112.215.173.61', 'ardianita06@gmail.com', 6, '2023-06-02 07:44:05', 1),
	(3174, '182.253.217.130', 'ahmatnurwakit@staff.uns.ac.id', 44, '2023-06-02 09:22:21', 1),
	(3175, '118.99.83.90', 'ahmatnurwakit@staff.uns.ac.id', 44, '2023-06-02 10:41:12', 1),
	(3176, '182.253.217.130', 'ardianita06@gmail.com', 6, '2023-06-02 10:45:33', 1),
	(3177, '103.171.147.105', 'ardianita06@gmail.com', 6, '2023-06-02 13:41:45', 1),
	(3178, '103.171.147.105', 'ardianita06@gmail.com', 6, '2023-06-02 14:13:49', 1),
	(3179, '103.171.147.105', 'ardianita06@gmail.com', NULL, '2023-06-02 14:25:35', 0),
	(3180, '103.160.184.4', 'ardianita06@gmail.com', 6, '2023-06-02 14:34:30', 1),
	(3181, '103.160.184.4', 'oktariniarossaa14@student.uns.ac.id', 33, '2023-06-02 14:37:37', 1),
	(3182, '103.160.184.4', 'trisna123@gmail.com', 46, '2023-06-02 14:40:32', 1),
	(3183, '182.253.217.130', 'ahmatnurwakit@staff.uns.ac.id', 44, '2023-06-02 15:10:03', 1),
	(3184, '103.160.184.4', 'oktariniarossaa14@student.uns.ac.id', 33, '2023-06-02 15:10:23', 1),
	(3185, '118.99.83.90', 'ahmatnurwakit@staff.uns.ac.id', 44, '2023-06-02 15:15:05', 1),
	(3186, '103.160.184.4', 'ardianita06@gmail.com', 6, '2023-06-02 15:15:43', 1),
	(3187, '103.160.184.4', 'trisna123@gmail.com', 46, '2023-06-02 16:13:08', 1),
	(3188, '120.188.76.151', 'ardianita06@gmail.com', 6, '2023-06-02 19:06:11', 1),
	(3189, '120.188.76.151', 'ardianita06@gmail.com', 6, '2023-06-02 19:06:12', 1),
	(3190, '103.160.184.4', 'ardianita06@gmail.com', 6, '2023-06-02 19:58:35', 1),
	(3191, '103.160.184.4', 'ardianita06@gmail.com', 6, '2023-06-02 20:37:17', 1),
	(3192, '103.175.25.11', 'oktariniarossaa14@student.uns.ac.id', 33, '2023-06-02 20:45:10', 1),
	(3193, '103.175.25.11', 'ardianita06@gmail.com', 6, '2023-06-02 21:23:04', 1),
	(3194, '103.175.25.11', 'oktariniarossaa14@student.uns.ac.id', 33, '2023-06-02 21:23:25', 1),
	(3195, '103.175.25.11', 'oktariniarossaa14@student.uns.ac.id', 33, '2023-06-02 22:08:49', 1),
	(3196, '103.175.25.11', 'ardianita06@gmail.com', 6, '2023-06-02 22:28:15', 1),
	(3197, '182.253.217.130', 'ahmatnurwakit@staff.uns.ac.id', 44, '2023-06-02 22:29:48', 1),
	(3198, '103.175.25.11', 'oktariniarossaa14@student.uns.ac.id', 33, '2023-06-02 22:42:54', 1),
	(3199, '182.253.217.130', 'ahmatnurwakit@staff.uns.ac.id', 44, '2023-06-02 23:17:59', 1),
	(3200, '103.175.25.11', 'okta14', NULL, '2023-06-02 23:26:23', 0),
	(3201, '103.175.25.11', 'oktariniarossaa14@student.uns.ac.id', 33, '2023-06-02 23:26:34', 1),
	(3202, '182.253.217.130', 'wibiatisekark@student.uns.ac.id', 34, '2023-06-03 00:17:51', 1),
	(3203, '103.171.147.81', 'muhammadhanifarafi@gmail.com', 14, '2023-06-03 05:52:54', 1),
	(3204, '103.171.147.81', 'ardianita06@gmail.com', 6, '2023-06-03 06:03:39', 1),
	(3205, '103.171.147.81', 'darmawan123@staff.uns.ac.id', 41, '2023-06-03 06:07:08', 1),
	(3206, '103.171.147.81', 'ardianita06@gmail.com', 6, '2023-06-03 06:24:31', 1),
	(3207, '182.253.217.130', 'ahmatnurwakit@staff.uns.ac.id', 44, '2023-06-03 14:21:07', 1),
	(3208, '114.5.254.123', 'ardianita06@gmail.com', 6, '2023-06-03 15:36:56', 1),
	(3209, '182.253.217.130', 'ardianita06@gmail.com', 6, '2023-06-03 16:12:39', 1),
	(3210, '182.253.217.130', 'ahmatnurwakit@staff.uns.ac.id', 44, '2023-06-03 16:21:54', 1),
	(3211, '182.253.217.130', 'ahmatnurwakit@staff.uns.ac.id', 44, '2023-06-03 22:26:31', 1),
	(3212, '103.175.25.11', 'ardianita06@gmail.com', 6, '2023-06-03 23:19:47', 1),
	(3213, '103.175.25.11', 'muhammadhanifarafi@gmail.com3', 29, '2023-06-03 23:21:02', 1),
	(3214, '118.99.83.89', 'wibiatisekark@student.uns.ac.id', 34, '2023-06-04 00:43:29', 1),
	(3215, '103.175.25.11', 'ardianita06@gmail.com', 6, '2023-06-04 00:48:46', 1),
	(3216, '120.188.81.177', 'ahmatnurwakit@staff.uns.ac.id', 44, '2023-06-04 07:09:28', 1),
	(3217, '125.166.9.129', 'ardianita06@gmail.com', 6, '2023-06-04 07:10:00', 1),
	(3218, '182.253.217.130', 'ahmatnurwakit@staff.uns.ac.id', 44, '2023-06-04 13:13:07', 1),
	(3219, '125.166.9.89', 'darmawan123@staff.uns.ac.id', 41, '2023-06-04 14:02:04', 1),
	(3220, '125.166.9.89', 'ardianita06@gmail.com', 6, '2023-06-04 14:02:49', 1),
	(3221, '125.166.9.89', 'ardianita06@gmail.com', 6, '2023-06-04 16:04:45', 1),
	(3222, '103.175.25.11', 'ardianita06@gmail.com', 6, '2023-06-04 18:12:56', 1),
	(3223, '103.175.25.11', 'trisna123', NULL, '2023-06-04 18:26:08', 0),
	(3224, '103.175.25.11', 'trisna123@gmail.com', 46, '2023-06-04 18:26:17', 1),
	(3225, '182.253.217.130', 'ardianita06@gmail.com', 6, '2023-06-04 18:45:26', 1),
	(3226, '182.253.217.130', 'ahmatnurwakit@staff.uns.ac.id', 44, '2023-06-04 18:46:22', 1),
	(3227, '103.189.201.9', 'ardianita06@gmail.com', 6, '2023-06-04 20:59:56', 1),
	(3228, '103.175.25.11', 'ardianita06@gmail.com', 6, '2023-06-04 21:03:01', 1),
	(3229, '103.175.25.11', 'trisna123@gmail.com', 46, '2023-06-04 22:25:32', 1),
	(3230, '103.175.25.11', 'yeiko123', NULL, '2023-06-04 22:45:36', 0),
	(3231, '103.175.25.11', 'yeiko123', NULL, '2023-06-04 22:45:44', 0),
	(3232, '103.175.25.11', 'trisna123@gmail.com', 46, '2023-06-04 22:45:53', 1),
	(3233, '118.99.83.89', 'ahmatnurwakit@staff.uns.ac.id', 44, '2023-06-04 23:15:36', 1),
	(3234, '182.253.217.130', 'ahmatnurwakit@staff.uns.ac.id', 44, '2023-06-04 23:51:07', 1),
	(3235, '103.189.201.9', 'ardianita06@gmail.com', 6, '2023-06-05 05:07:07', 1),
	(3236, '103.189.201.9', 'ardianita06@gmail.com', 6, '2023-06-05 05:07:08', 1),
	(3237, '103.189.201.9', 'darmawan123@staff.uns.ac.id', 41, '2023-06-05 05:22:01', 1),
	(3238, '103.189.201.9', 'ahmadyunus123@gmail.com', 88, '2023-06-05 05:24:09', 1),
	(3239, '103.189.201.9', 'ahmadyunus123@gmail.com', 88, '2023-06-05 05:25:48', 1),
	(3240, '103.189.201.9', 'ardianita06@gmail.com', 6, '2023-06-05 05:36:21', 1),
	(3241, '114.5.242.117', 'oktarina', NULL, '2023-06-05 07:25:28', 0),
	(3242, '114.5.242.117', 'oktarinia', NULL, '2023-06-05 07:25:46', 0),
	(3243, '114.5.242.117', 'ivann@gmail.com', 97, '2023-06-05 07:25:59', 1),
	(3244, '114.5.242.117', 'ahmadyunus123@gmail.com', 88, '2023-06-05 07:38:08', 1),
	(3245, '125.164.235.78', 'ardianita06@gmail.com', NULL, '2023-06-05 08:29:14', 0),
	(3246, '125.164.235.78', 'ardianita06@gmail.com', NULL, '2023-06-05 08:29:44', 0),
	(3247, '125.164.235.78', 'ardianita06@gmail.com', NULL, '2023-06-05 08:30:15', 0),
	(3248, '125.164.235.78', 'darmawan123@gmail.com', NULL, '2023-06-05 08:30:43', 0),
	(3249, '125.164.235.78', 'ardianita06@gmail.com', NULL, '2023-06-05 08:31:17', 0),
	(3250, '125.164.235.78', 'ardianita06@gmail.com', 6, '2023-06-05 08:31:28', 1),
	(3251, '114.5.242.117', 'ardianita06@gmail.com', 6, '2023-06-05 08:34:18', 1),
	(3252, '114.5.242.117', 'darmawan123@staff.uns.ac.id', 41, '2023-06-05 08:43:11', 1),
	(3253, '114.5.242.117', 'fajri2002', NULL, '2023-06-05 08:44:22', 0),
	(3254, '114.5.242.117', 'muhammadhanifarafi@student.uns.ac.id', 23, '2023-06-05 08:44:28', 1),
	(3255, '114.5.242.117', 'ahmadyunus123@gmail.com', 88, '2023-06-05 08:45:05', 1),
	(3256, '103.132.230.70', 'ardianita06@gmail.com', 6, '2023-06-05 09:09:25', 1),
	(3257, '114.5.242.117', 'ardianita06@gmail.com', 6, '2023-06-05 10:50:50', 1),
	(3258, '125.164.235.78', 'oktariniarossaa14@student.uns.ac.id', 33, '2023-06-05 11:20:17', 1),
	(3259, '125.164.235.78', 'ahmatnurwakit', NULL, '2023-06-05 12:02:11', 0),
	(3260, '125.164.235.78', 'ahmatnurwakit@staff.uns.ac.id', 44, '2023-06-05 12:02:30', 1),
	(3261, '112.215.242.63', 'ardianita06@gmail.com', 6, '2023-06-05 12:51:55', 1),
	(3262, '125.164.235.78', 'muhammadhanifarafi@gmail.com3', 29, '2023-06-05 15:08:17', 1),
	(3263, '103.189.201.9', 'ardianita06@gmail.com', 6, '2023-06-05 15:57:38', 1),
	(3264, '103.189.201.9', 'ardianita06@gmail.com', 6, '2023-06-05 17:42:19', 1),
	(3265, '103.175.25.11', 'ardianita06@gmail.com', 6, '2023-06-05 18:16:02', 1),
	(3266, '118.99.83.89', 'ahmatnurwakit@staff.uns.ac.id', 44, '2023-06-05 18:29:27', 1),
	(3267, '103.175.25.11', 'trisna123@gmail.com', 46, '2023-06-05 18:55:34', 1),
	(3268, '103.175.25.11', 'oktariniarossaa14@student.uns.ac.id', 33, '2023-06-05 19:00:55', 1),
	(3269, '103.175.25.11', 'trisna123@gmail.com', 46, '2023-06-05 20:04:10', 1),
	(3270, '103.175.25.11', 'viorella', NULL, '2023-06-05 20:08:04', 0),
	(3271, '103.175.25.11', 'viorella', NULL, '2023-06-05 20:08:17', 0),
	(3272, '103.175.25.11', 'ilham123@gmail.com', 58, '2023-06-05 20:08:35', 1),
	(3273, '103.175.25.11', 'ardianita06@gmail.com', 6, '2023-06-05 20:31:47', 1),
	(3274, '103.175.25.11', 'ardianita06@gmail.com', 6, '2023-06-05 21:07:53', 1),
	(3275, '118.99.83.89', 'ahmatnurwakit@staff.uns.ac.id', 44, '2023-06-05 21:38:14', 1),
	(3276, '103.175.25.11', 'ardianita06@gmail.com', 6, '2023-06-05 21:46:50', 1),
	(3277, '103.189.201.9', 'ardianita06@gmail.com', NULL, '2023-06-05 21:50:57', 0),
	(3278, '103.189.201.9', 'ardianita06@gmail.com', 6, '2023-06-05 21:51:06', 1),
	(3279, '103.175.25.11', 'pilihjurusan@gmail.com', 110, '2023-06-05 22:20:07', 1),
	(3280, '103.175.25.11', 'trisna123@gmail.com', 46, '2023-06-05 22:22:32', 1),
	(3281, '103.175.25.11', 'pilihjurusan@gmail.com', 110, '2023-06-05 22:23:57', 1),
	(3282, '103.175.25.11', 'trisna123', NULL, '2023-06-05 22:24:45', 0),
	(3283, '103.175.25.11', 'trisna123@gmail.com', 46, '2023-06-05 22:24:57', 1),
	(3284, '103.175.25.11', 'oktariniarossaa14@student.uns.ac.id', 33, '2023-06-05 22:45:32', 1),
	(3285, '103.175.25.11', 'pilihjurusan@gmail.com', 110, '2023-06-05 22:54:32', 1),
	(3286, '103.175.25.11', 'trisna123@gmail.com', 46, '2023-06-05 23:02:29', 1),
	(3287, '103.175.25.11', 'ardianita06@gmail.com', 6, '2023-06-06 02:01:21', 1),
	(3288, '140.213.170.99', 'ardianita06@gmail.com', 6, '2023-06-06 03:08:31', 1),
	(3289, '140.213.160.10', 'muhammadhanifarafi@gmail.com3', 29, '2023-06-06 03:21:08', 1),
	(3290, '182.253.217.130', 'ahmatnurwakit@staff.uns.ac.id', 44, '2023-06-06 08:34:31', 1),
	(3291, '118.99.83.89', 'ardianita06@gmail.com', 6, '2023-06-06 09:09:02', 1),
	(3292, '112.215.240.52', 'ardianita06@gmail.com', 6, '2023-06-06 09:53:44', 1),
	(3293, '103.189.201.9', 'ardianita06@gmail.com', 6, '2023-06-06 11:16:14', 1),
	(3294, '103.189.201.9', 'ardianita06@gmail.com', 6, '2023-06-06 11:16:21', 1),
	(3295, '103.189.201.9', 'ardianita06@gmail.com', 6, '2023-06-06 11:16:22', 1),
	(3296, '103.189.201.9', 'ardianita06@gmail.com', 6, '2023-06-06 11:16:23', 1),
	(3297, '112.215.240.31', 'Linda', NULL, '2023-06-06 11:20:14', 0),
	(3298, '112.215.240.31', 'lindarahmawati011001@gmail.com', 7, '2023-06-06 11:20:25', 1),
	(3299, '125.164.235.78', 'ahmatnurwakit@staff.uns.ac.id', 44, '2023-06-06 11:31:00', 1),
	(3300, '125.164.235.78', 'wibiatisekark@student.uns.ac.id', 34, '2023-06-06 11:34:47', 1),
	(3301, '125.164.235.78', 'wibiatisekark@student.uns.ac.id', 34, '2023-06-06 11:41:06', 1),
	(3302, '114.5.247.68', 'ahmatnurwakit@staff.uns.ac.id', 44, '2023-06-06 12:27:44', 1),
	(3303, '114.5.247.68', 'wibiatisekark@student.uns.ac.id', 34, '2023-06-06 12:31:40', 1),
	(3304, '103.175.25.11', 'ardianita06@gmail.com', 6, '2023-06-06 13:17:26', 1),
	(3305, '125.164.235.216', 'ahmatnurwakit@staff.uns.ac.id', 44, '2023-06-06 13:49:24', 1),
	(3306, '103.175.25.11', 'nitt', NULL, '2023-06-06 13:57:16', 0),
	(3307, '103.175.25.11', 'ardianita06@gmail.com', 6, '2023-06-06 13:57:23', 1),
	(3308, '140.213.177.104', 'ardianita06@gmail.com', 6, '2023-06-06 14:06:17', 1),
	(3309, '103.175.25.11', 'pilihjurusan@gmail.com', 110, '2023-06-06 14:18:59', 1),
	(3310, '103.189.201.9', 'ardianita06@gmail.com', 6, '2023-06-06 14:31:14', 1),
	(3311, '103.175.25.11', 'trisna123@gmail.com', 46, '2023-06-06 14:53:47', 1),
	(3312, '140.213.44.118', 'ardianita06@gmail.com', 6, '2023-06-06 15:14:48', 1),
	(3313, '103.175.25.11', 'pilihjurusan@gmail.com', 110, '2023-06-06 15:28:20', 1),
	(3314, '103.175.25.11', 'trinsa123', NULL, '2023-06-06 15:28:58', 0),
	(3315, '103.175.25.11', 'trisna123@gmail.com', 46, '2023-06-06 15:29:07', 1),
	(3316, '103.175.25.11', 'pilihjurusan@gmail.com', 110, '2023-06-06 15:29:40', 1),
	(3317, '140.213.44.118', 'ardianita06@gmail.com', 6, '2023-06-06 15:32:22', 1),
	(3318, '125.164.235.216', 'ardianita06@gmail.com', 6, '2023-06-06 15:49:25', 1),
	(3319, '140.213.44.118', 'ardianita06@gmail.com', 6, '2023-06-06 18:24:42', 1),
	(3320, '140.213.44.118', 'ardianita06@gmail.com', 6, '2023-06-06 20:18:34', 1),
	(3321, '103.175.25.10', 'nitt', NULL, '2023-06-06 20:30:04', 0),
	(3322, '103.175.25.10', 'nitt', NULL, '2023-06-06 20:30:10', 0),
	(3323, '103.175.25.10', 'ardianita06@gmail.com', 6, '2023-06-06 20:30:18', 1),
	(3324, '103.175.25.10', 'okta14', NULL, '2023-06-06 20:45:22', 0),
	(3325, '103.175.25.10', 'okta14', NULL, '2023-06-06 20:45:28', 0),
	(3326, '103.175.25.10', 'oktariniarossaa14@student.uns.ac.id', 33, '2023-06-06 20:45:35', 1),
	(3327, '103.175.25.10', 'fajri2002', NULL, '2023-06-06 20:47:25', 0),
	(3328, '103.175.25.10', 'muhammadhanifarafi@student.uns.ac.id', 23, '2023-06-06 20:47:34', 1),
	(3329, '103.175.25.10', 'trinsa123', NULL, '2023-06-06 20:49:13', 0),
	(3330, '103.175.25.10', 'trisna123@gmail.com', 46, '2023-06-06 20:49:24', 1),
	(3331, '125.166.8.113', 'ardianita06@gmail.com', 6, '2023-06-06 21:09:53', 1),
	(3332, '103.175.25.10', 'trisna123@gmail.com', 46, '2023-06-06 21:40:55', 1),
	(3333, '103.175.25.10', 'ardianita06@gmail.com', 6, '2023-06-06 21:41:08', 1),
	(3334, '103.175.25.10', 'ilham123@gmail.com', 58, '2023-06-06 21:51:44', 1),
	(3335, '103.175.25.10', 'trisna123@gmail.com', 46, '2023-06-06 21:54:01', 1),
	(3336, '103.175.25.10', 'oktariniarossaa14@student.uns.ac.id', 33, '2023-06-06 22:10:28', 1),
	(3337, '125.166.8.209', 'ardianita06@gmail.com', 6, '2023-06-06 22:13:57', 1),
	(3338, '140.213.44.118', 'ardianita06@gmail.com', 6, '2023-06-06 22:14:57', 1),
	(3339, '112.78.133.141', 'ardianita06@gmail.com', 6, '2023-06-06 22:29:04', 1),
	(3340, '103.175.25.10', 'pilihjurusan@gmail.com', 110, '2023-06-06 22:50:40', 1),
	(3341, '103.175.25.10', 'trisna123@gmail.com', 46, '2023-06-06 22:57:37', 1),
	(3342, '103.175.25.10', 'ardianita06@gmail.com', 6, '2023-06-06 23:28:08', 1),
	(3343, '114.4.219.21', 'ardianita06@gmail.com', 6, '2023-06-07 06:14:20', 1),
	(3344, '114.4.219.21', 'ardianita06@gmail.com', 6, '2023-06-07 06:14:21', 1),
	(3345, '103.189.201.9', 'ardianita06@gmail.com', 6, '2023-06-07 06:27:57', 1),
	(3346, '103.189.201.9', 'ardianita06@gmail.com', 6, '2023-06-07 06:27:59', 1),
	(3347, '103.189.201.9', 'ardianita06@gmail.com', 6, '2023-06-07 07:39:04', 1),
	(3348, '103.189.201.9', 'ardianita06@gmail.com', NULL, '2023-06-07 07:49:48', 0),
	(3349, '103.189.201.9', 'ardianita06@gmail.com', 6, '2023-06-07 07:49:54', 1),
	(3350, '125.164.233.101', 'ridhorifai88@student.uns.ac.id', 59, '2023-06-07 08:23:41', 1),
	(3351, '125.164.233.101', 'ardianita06@gmail.com', 6, '2023-06-07 08:25:26', 1),
	(3352, '125.164.233.101', 'darmawan123', NULL, '2023-06-07 08:27:41', 0),
	(3353, '125.164.233.101', 'darmawan123', NULL, '2023-06-07 08:27:50', 0),
	(3354, '125.164.233.101', 'darmawan123', NULL, '2023-06-07 08:27:50', 0),
	(3355, '125.164.233.101', 'darmawan123', NULL, '2023-06-07 08:27:51', 0),
	(3356, '125.164.233.101', 'darmawan123@staff.uns.ac.id', 41, '2023-06-07 08:28:05', 1),
	(3357, '125.164.233.101', 'ardianita06@gmail.com', 6, '2023-06-07 08:30:27', 1),
	(3358, '103.189.201.9', 'ardianita06@gmail.com', 6, '2023-06-07 09:57:32', 1),
	(3359, '125.166.8.68', 'trisna123@gmail.com', 46, '2023-06-07 10:43:26', 1),
	(3360, '114.5.245.69', 'rendratrikusuma@student.uns.ac.id', 3, '2023-06-07 10:44:24', 1),
	(3361, '114.5.245.69', 'rendratrikusuma@student.uns.ac.id', 3, '2023-06-07 10:44:26', 1),
	(3362, '125.166.8.68', 'ivann@gmail.com', 97, '2023-06-07 10:46:39', 1),
	(3363, '125.166.8.68', 'suksesjaya123@gmail.com', 99, '2023-06-07 10:50:48', 1),
	(3364, '125.166.8.68', 'fajri2002', NULL, '2023-06-07 11:09:38', 0),
	(3365, '125.166.8.68', 'muhammadhanifarafi@student.uns.ac.id', 23, '2023-06-07 11:09:46', 1),
	(3366, '125.166.8.68', 'ardianita06@gmail.com', 6, '2023-06-07 11:11:01', 1),
	(3367, '125.166.8.68', 'ardianita06@gmail.com', 6, '2023-06-07 11:19:55', 1),
	(3368, '125.166.8.68', 'suksesjaya123@gmail.com', 99, '2023-06-07 11:33:56', 1),
	(3369, '125.166.8.68', 'ilham123@gmail.com', 58, '2023-06-07 11:33:58', 1),
	(3370, '125.166.8.68', 'pilihjurusan@gmail.com', 110, '2023-06-07 11:34:16', 1),
	(3371, '125.166.8.68', 'ardianita06@gmail.com', 6, '2023-06-07 11:35:05', 1),
	(3372, '125.166.8.68', 'ilham123@gmail.com', 58, '2023-06-07 11:35:54', 1),
	(3373, '125.166.8.68', 'trisna123@gmail.com', 46, '2023-06-07 11:36:37', 1),
	(3374, '125.166.8.68', 'pilihjurusan@gmail.com', 110, '2023-06-07 11:55:19', 1),
	(3375, '140.213.59.69', 'ardianita06@gmail.com', 6, '2023-06-07 12:28:53', 1),
	(3376, '103.184.180.97', 'ardianita06@gmail.com', 6, '2023-06-07 12:49:21', 1),
	(3377, '140.213.59.69', 'ardianita06@gmail.com', 6, '2023-06-07 12:59:55', 1),
	(3378, '140.213.59.69', 'ardianita06@gmail.com', 6, '2023-06-07 13:00:19', 1),
	(3379, '125.166.8.68', 'ardianita06@gmail.com', 6, '2023-06-07 13:39:59', 1),
	(3380, '140.213.59.69', 'ardianita06@gmail.com', 6, '2023-06-07 13:49:38', 1),
	(3381, '125.166.8.68', 'ardianita06@gmail.com', 6, '2023-06-07 13:59:03', 1),
	(3382, '125.166.8.68', 'oktariniarossaa14@student.uns.ac.id', 33, '2023-06-07 14:02:53', 1),
	(3383, '125.166.8.68', 'pilihjurusan@gmail.com', 110, '2023-06-07 14:10:51', 1),
	(3384, '125.166.8.68', 'trisna123', NULL, '2023-06-07 14:11:41', 0),
	(3385, '125.166.8.68', 'trisna123@gmail.com', 46, '2023-06-07 14:12:04', 1),
	(3386, '125.166.8.68', 'trisna123@gmail.com', 46, '2023-06-07 14:23:44', 1),
	(3387, '125.166.8.68', 'ilham123@gmail.com', 58, '2023-06-07 14:30:23', 1),
	(3388, '125.166.8.68', 'trisna123@gmail.com', 46, '2023-06-07 14:35:30', 1),
	(3389, '103.184.180.97', 'ridhorifai88@student.uns.ac.id', 59, '2023-06-07 14:41:23', 1),
	(3390, '103.184.180.97', 'ardianita06@gmail.com', 6, '2023-06-07 14:56:37', 1),
	(3391, '112.215.173.234', 'ardianita06@gmail.com', 6, '2023-06-07 15:02:00', 1),
	(3392, '103.184.180.97', 'ardianita06@gmail.com', 6, '2023-06-07 15:53:35', 1),
	(3393, '103.184.180.97', 'ardianita06@gmail.com', 6, '2023-06-07 16:12:27', 1),
	(3394, '112.78.133.141', 'ardianita06@gmail.com', 6, '2023-06-07 16:40:48', 1),
	(3395, '103.184.180.97', 'ardianita06@gmail.com', 6, '2023-06-07 16:54:09', 1),
	(3396, '112.78.133.141', 'ahmatnurwakit@staff.uns.ac.id', 44, '2023-06-07 19:06:42', 1),
	(3397, '118.99.83.89', 'wibiatisekark@student.uns.ac.id', 34, '2023-06-07 19:40:21', 1),
	(3398, '118.99.83.89', 'ahmatnurwakit@staff.uns.ac.id', 44, '2023-06-07 20:07:19', 1),
	(3399, '125.164.232.163', 'ardianita06@gmail.com', 6, '2023-06-07 20:11:23', 1),
	(3400, '125.164.232.163', 'ahmadizulfikar123@gmail.com', 96, '2023-06-07 20:15:54', 1),
	(3401, '118.99.83.89', 'ardianita06@gmail.com', 6, '2023-06-07 20:23:00', 1),
	(3402, '125.164.232.163', 'ardianita06@gmail.com', 6, '2023-06-07 20:36:57', 1),
	(3403, '112.78.133.141', 'ahmatnurwakit', NULL, '2023-06-07 20:55:07', 0),
	(3404, '112.78.133.141', 'ahmatnurwakit@staff.uns.ac.id', 44, '2023-06-07 20:55:16', 1),
	(3405, '112.215.153.28', 'ardianita06@gmail.com', 6, '2023-06-07 21:10:04', 1),
	(3406, '125.164.232.163', 'ahmadizulfikar123@gmail.com', 96, '2023-06-07 21:45:52', 1),
	(3407, '125.164.232.163', 'ardianita06@gmail.com', 6, '2023-06-07 21:49:24', 1),
	(3408, '112.78.133.141', 'wibiatisekark@student.uns.ac.id', 34, '2023-06-07 21:50:14', 1),
	(3409, '118.99.83.89', 'ardianita06@gmail.com', 6, '2023-06-07 21:51:56', 1),
	(3410, '125.164.232.163', 'ahmadizulfikar123@gmail.com', 96, '2023-06-07 21:55:16', 1),
	(3411, '125.164.232.163', 'ardianita06@gmail.com', 6, '2023-06-07 22:13:33', 1),
	(3412, '112.215.153.28', 'ardianita06@gmail.com', 6, '2023-06-07 22:32:51', 1),
	(3413, '118.99.83.89', 'ardianita06@gmail.com', 6, '2023-06-07 23:03:39', 1),
	(3414, '112.78.133.141', 'ahmatnurwakit', NULL, '2023-06-07 23:37:24', 0),
	(3415, '112.78.133.141', 'ahmatnurwakit@staff.uns.ac.id', 44, '2023-06-07 23:37:37', 1),
	(3416, '112.78.133.141', 'trisna123@gmail.com', 46, '2023-06-07 23:38:24', 1),
	(3417, '112.215.153.28', 'ardianita06@gmail.com', 6, '2023-06-07 23:54:56', 1),
	(3418, '112.78.133.141', 'ardianita06@gmail.com', 6, '2023-06-08 00:46:04', 1),
	(3419, '103.189.201.9', 'ardianita06@gmail.com', 6, '2023-06-08 05:02:46', 1),
	(3420, '103.189.201.9', 'ardianita06@gmail.com', 6, '2023-06-08 05:02:47', 1),
	(3421, '114.5.108.144', 'ardianita06@gmail.com', 6, '2023-06-08 05:22:18', 1),
	(3422, '125.166.8.68', 'ardianita06@gmail.com', 6, '2023-06-08 08:42:43', 1),
	(3423, '125.166.8.68', 'ardianita06@gmail.com', 6, '2023-06-08 08:42:45', 1),
	(3424, '125.166.8.68', 'ardianita06@gmail.com', 6, '2023-06-08 08:42:46', 1),
	(3425, '125.166.8.68', 'ardianita06@gmail.com', 6, '2023-06-08 09:15:24', 1),
	(3426, '125.166.8.68', 'ahmadizulfikar123@gmail.com', 96, '2023-06-08 09:20:37', 1),
	(3427, '103.132.230.70', 'ardianita06@gmail.com', 6, '2023-06-08 09:43:19', 1),
	(3428, '125.164.232.163', 'ahmadizulfikar123@gmail.com', 96, '2023-06-08 12:57:11', 1),
	(3429, '125.164.232.163', 'ardianita06@gmail.com', 6, '2023-06-08 13:13:49', 1),
	(3430, '125.164.232.163', 'zulfikar', NULL, '2023-06-08 14:02:24', 0),
	(3431, '125.164.232.163', 'ahmadizulfikar123@gmail.com', 96, '2023-06-08 14:02:37', 1),
	(3432, '112.78.133.141', 'ardianita06@gmail.com', 6, '2023-06-08 14:05:00', 1),
	(3433, '112.215.237.199', 'ardianita06@gmail.com', 6, '2023-06-08 14:15:37', 1),
	(3434, '112.215.237.199', 'Linda', NULL, '2023-06-08 14:56:53', 0),
	(3435, '112.215.237.199', 'lindarahmawati011001@gmail.com', 7, '2023-06-08 14:57:37', 1),
	(3436, '112.215.237.199', 'lindarahmawati011001@gmail.com', 7, '2023-06-08 16:24:10', 1),
	(3437, '103.184.180.97', 'ardianita06@gmail.com', 6, '2023-06-08 18:18:45', 1),
	(3438, '112.78.133.141', 'ahmatnurwakit@staff.uns.ac.id', 44, '2023-06-08 19:48:24', 1),
	(3439, '103.184.180.97', 'ardianita06@gmail.com', 6, '2023-06-08 21:11:14', 1),
	(3440, '140.213.57.218', 'ardianita06@gmail.com', 6, '2023-06-08 21:50:22', 1),
	(3441, '140.213.57.218', 'muhammadhanifarafi@gmail.com3', 29, '2023-06-08 21:59:46', 1),
	(3442, '125.164.232.163', 'ahmadizulfikar123@gmail.com', 96, '2023-06-08 22:05:05', 1),
	(3443, '140.213.57.218', 'ardianita06@gmail.com', 6, '2023-06-08 22:07:20', 1),
	(3444, '140.213.57.218', 'muhammadhanifarafi@gmail.com3', 29, '2023-06-08 22:17:39', 1),
	(3445, '140.213.57.218', 'ardianita06@gmail.com', 6, '2023-06-08 22:47:05', 1),
	(3446, '140.213.57.218', 'ardianita06@gmail.com', 6, '2023-06-08 23:02:25', 1),
	(3447, '140.213.57.218', 'lindarahmawati011001@gmail.com', 7, '2023-06-08 23:02:44', 1),
	(3448, '112.215.244.137', 'ardianita06@gmail.com', 6, '2023-06-09 07:36:18', 1),
	(3449, '112.215.244.137', 'ardianita06@gmail.com', 6, '2023-06-09 09:38:53', 1),
	(3450, '103.132.230.70', 'ardianita06@gmail.com', 6, '2023-06-09 09:38:58', 1),
	(3451, '112.215.244.137', 'lindarahmawati011001@gmail.com', 7, '2023-06-09 09:47:31', 1),
	(3452, '112.78.133.141', 'ardianita06@gmail.com', 6, '2023-06-09 09:51:39', 1),
	(3453, '112.78.133.141', 'ahmatnurwakit@staff.uns.ac.id', 44, '2023-06-09 10:28:29', 1),
	(3454, '112.78.133.141', 'ahmatnurwakit@staff.uns.ac.id', 44, '2023-06-09 11:32:43', 1),
	(3455, '112.78.133.141', 'wibiatisekark@student.uns.ac.id', 34, '2023-06-09 11:34:33', 1),
	(3456, '112.78.133.141', 'wibiatisekark@student.uns.ac.id', 34, '2023-06-09 12:07:18', 1),
	(3457, '125.166.8.68', 'ardianita06@gmail.com', 6, '2023-06-09 12:47:32', 1),
	(3458, '125.166.8.68', 'ardianita06@gmail.com', 6, '2023-06-09 14:29:40', 1),
	(3459, '125.166.8.68', 'ahmatnurwakit@staff.uns.ac.id', 44, '2023-06-09 14:43:16', 1),
	(3460, '125.166.8.68', 'ardianita06@gmail.com', 6, '2023-06-09 14:47:28', 1),
	(3461, '125.166.8.68', 'ahmatnurwakit@staff.uns.ac.id', 44, '2023-06-09 14:48:06', 1),
	(3462, '125.166.8.68', 'muhammadhanifarafi@gmail.com3', 29, '2023-06-09 14:52:51', 1),
	(3463, '112.78.133.141', 'ardianita06@gmail.com', 6, '2023-06-09 18:43:13', 1),
	(3464, '112.78.133.141', 'ahmatnurwakit@staff.uns.ac.id', 44, '2023-06-10 02:59:56', 1),
	(3465, '112.78.133.141', 'ardianita06@gmail.com', 6, '2023-06-10 03:56:15', 1),
	(3466, '118.99.83.89', 'wibiatisekark@student.uns.ac.id', 34, '2023-06-10 03:57:18', 1),
	(3467, '112.78.133.141', 'wibiatisekark@student.uns.ac.id', 34, '2023-06-10 04:59:03', 1),
	(3468, '112.215.244.211', 'ardianita06@gmail.com', 6, '2023-06-10 10:02:38', 1),
	(3469, '116.206.40.117', 'ardianita06@gmail.com', 6, '2023-06-10 10:14:07', 1),
	(3470, '112.215.244.7', 'ardianita06@gmail.com', 6, '2023-06-10 10:59:59', 1),
	(3471, '125.164.233.163', 'ridhorifai88@student.uns.ac.id', 59, '2023-06-10 11:26:34', 1),
	(3472, '125.164.233.163', 'darmawan123@staff.uns.ac.id', 41, '2023-06-10 11:35:52', 1),
	(3473, '125.164.233.163', 'ardianita06@gmail.com', 6, '2023-06-10 11:36:44', 1),
	(3474, '112.215.172.203', 'ardianita06@gmail.com', 6, '2023-06-10 16:18:17', 1),
	(3475, '112.215.173.221', 'ardianita06@gmail.com', 6, '2023-06-10 21:06:45', 1),
	(3476, '118.99.83.92', 'ahmatnurwakit@staff.uns.ac.id', 44, '2023-06-10 23:25:17', 1),
	(3477, '114.4.221.169', 'rendratrikusuma@student.uns.ac.id', 3, '2023-06-10 23:51:06', 1),
	(3478, '114.4.221.169', 'trisna123@gmail.com', 46, '2023-06-10 23:52:59', 1),
	(3479, '114.4.221.169', 'darmawan123@staff.uns.ac.id', 41, '2023-06-11 00:15:41', 1),
	(3480, '114.4.221.169', 'ardianita06@gmail.com', 6, '2023-06-11 07:43:43', 1),
	(3481, '182.2.50.98', 'ardianita06@gmail.com', 6, '2023-06-11 08:22:47', 1),
	(3482, '182.2.50.98', 'ardianitafzyh@gmail.com', 28, '2023-06-11 08:24:46', 1),
	(3483, '182.2.50.98', 'oktariniarossaa14@student.uns.ac.id', 33, '2023-06-11 08:25:27', 1),
	(3484, '182.2.50.98', 'muhammadhanifarafi@student.uns.ac.id', 23, '2023-06-11 08:26:05', 1),
	(3485, '182.2.50.98', 'ivann@gmail.com', 97, '2023-06-11 08:26:38', 1),
	(3486, '182.2.50.98', 'trisna123@gmail.com', 46, '2023-06-11 08:35:00', 1),
	(3487, '182.2.50.98', 'ardianita06@gmail.com', 6, '2023-06-11 08:43:08', 1),
	(3488, '114.4.221.169', 'ardianita06@gmail.com', 6, '2023-06-11 09:05:18', 1),
	(3489, '112.215.237.43', 'lindarahmawati011001@gmail.com', 7, '2023-06-11 09:09:08', 1),
	(3490, '182.2.50.98', 'trisna123@gmail.com', 46, '2023-06-11 09:32:23', 1),
	(3491, '182.2.50.98', 'ivann@gmail.com', 97, '2023-06-11 09:37:03', 1),
	(3492, '112.215.237.43', 'lindarahmawati011001@gmail.com', 7, '2023-06-11 10:10:41', 1),
	(3493, '182.2.50.98', 'ardianita06@gmail.com', 6, '2023-06-11 10:21:43', 1),
	(3494, '112.215.237.43', 'muhammadhanifarafi@gmail.com3', 29, '2023-06-11 10:29:48', 1),
	(3495, '118.99.83.92', 'ardianita06@gmail.com', 6, '2023-06-11 10:29:58', 1),
	(3496, '112.215.237.43', 'ardianita06@gmail.com', 6, '2023-06-11 10:42:12', 1),
	(3497, '103.184.180.97', 'ardianita06@gmail.com', 6, '2023-06-11 11:36:01', 1),
	(3498, '118.99.83.92', 'ahmatnurwakit@staff.uns.ac.id', 44, '2023-06-11 11:39:39', 1),
	(3499, '182.2.50.98', 'ivann@gmail.com', 97, '2023-06-11 11:56:58', 1),
	(3500, '182.2.50.98', 'ivann@gmail.com', 97, '2023-06-11 11:56:58', 1),
	(3501, '182.2.50.98', 'ardianita06@gmail.com', 6, '2023-06-11 11:57:54', 1),
	(3502, '114.125.126.204', 'ardianita06@gmail.com', 6, '2023-06-11 12:03:00', 1),
	(3503, '182.2.50.98', 'trisna123@gmail.com', 46, '2023-06-11 12:14:39', 1),
	(3504, '182.2.50.98', 'ivann@gmail.com', 97, '2023-06-11 12:57:34', 1),
	(3505, '182.2.50.98', 'ardianita06@gmail.com', 6, '2023-06-11 13:07:52', 1),
	(3506, '103.162.221.68', 'oktariniarossaa14@student.uns.ac.id', 33, '2023-06-11 13:10:25', 1),
	(3507, '103.162.221.68', 'trisna123@gmail.com', 46, '2023-06-11 13:17:19', 1),
	(3508, '103.162.221.68', 'oktariniarossaa14@student.uns.ac.id', 33, '2023-06-11 13:30:22', 1),
	(3509, '182.2.50.98', 'nitt', NULL, '2023-06-11 13:50:41', 0),
	(3510, '182.2.50.98', 'ardianita06@gmail.com', 6, '2023-06-11 13:50:52', 1),
	(3511, '112.215.237.43', 'ardianita06@gmail.com', 6, '2023-06-11 14:21:24', 1),
	(3512, '125.164.232.163', 'zulfikar', NULL, '2023-06-11 14:28:38', 0),
	(3513, '125.164.232.163', 'zulfikar', NULL, '2023-06-11 14:28:47', 0),
	(3514, '125.164.232.163', 'ahmadizulfikar123@gmail.com', 96, '2023-06-11 14:28:58', 1),
	(3515, '125.164.235.171', 'ardianita06@gmail.com', 6, '2023-06-11 14:41:46', 1),
	(3516, '125.164.235.171', 'ardianita06@gmail.com', 6, '2023-06-11 14:41:46', 1),
	(3517, '125.164.235.171', 'ardianita06@gmail.com', 6, '2023-06-11 14:41:47', 1),
	(3518, '125.164.235.171', 'ardianita06@gmail.com', 6, '2023-06-11 14:41:48', 1),
	(3519, '103.162.221.68', 'oktariniarossaa14@student.uns.ac.id', 33, '2023-06-11 14:53:15', 1),
	(3520, '103.184.180.97', 'ardianita06@gmail.com', 6, '2023-06-11 15:01:18', 1),
	(3521, '103.162.221.68', 'trisna123@gmail.com', 46, '2023-06-11 15:02:02', 1),
	(3522, '103.162.221.68', 'pilihjurusan@gmail.com', 110, '2023-06-11 15:03:05', 1),
	(3523, '103.162.221.68', 'trisna123@gmail.com', 46, '2023-06-11 15:03:31', 1),
	(3524, '125.164.235.171', 'ardianita06@gmail.com', 6, '2023-06-11 15:14:02', 1),
	(3525, '125.164.235.171', 'darmawan123@staff.uns.ac.id', 41, '2023-06-11 15:19:35', 1),
	(3526, '125.164.235.171', 'ardianita06@gmail.com', 6, '2023-06-11 15:20:11', 1),
	(3527, '103.184.180.97', 'ridhorifai88@student.uns.ac.id', 59, '2023-06-11 15:22:30', 1),
	(3528, '103.162.221.68', 'ilham123@gmail.com', 58, '2023-06-11 15:24:05', 1),
	(3529, '103.162.221.68', 'muhammadhanifarafi@student.uns.ac.id', 23, '2023-06-11 15:25:13', 1),
	(3530, '125.164.232.163', 'ahmadizulfikar123@gmail.com', 96, '2023-06-11 15:26:18', 1),
	(3531, '103.162.221.68', 'trisna123@gmail.com', 46, '2023-06-11 15:26:39', 1),
	(3532, '103.162.221.68', 'pilihjurusan@gmail.com', 110, '2023-06-11 15:27:57', 1),
	(3533, '103.162.221.68', 'trisna123@gmail.com', 46, '2023-06-11 15:28:41', 1),
	(3534, '103.184.180.97', 'ridhorifai88@student.uns.ac.id', 59, '2023-06-11 17:23:09', 1),
	(3535, '140.213.44.35', 'ardianita06@gmail.com', 6, '2023-06-11 17:29:17', 1),
	(3536, '103.162.221.68', 'okta14', NULL, '2023-06-11 18:00:46', 0),
	(3537, '103.162.221.68', 'okta14', NULL, '2023-06-11 18:00:57', 0),
	(3538, '103.162.221.68', 'oktariniarossaa14@student.uns.ac.id', 33, '2023-06-11 18:01:13', 1),
	(3539, '103.162.221.68', 'trinsa123', NULL, '2023-06-11 18:05:12', 0),
	(3540, '103.162.221.68', 'trisna123@gmail.com', 46, '2023-06-11 18:05:25', 1),
	(3541, '103.162.221.68', 'pilihjurusan@gmail.com', 110, '2023-06-11 18:41:39', 1),
	(3542, '103.184.180.97', 'ardianita06@gmail.com', 6, '2023-06-11 18:48:48', 1),
	(3543, '103.162.221.68', 'trisna123@gmail.com', 46, '2023-06-11 18:52:29', 1),
	(3544, '103.184.180.97', 'ardianita06@gmail.com', 6, '2023-06-11 19:26:05', 1),
	(3545, '140.213.44.35', 'ardianita06@gmail.com', 6, '2023-06-11 19:47:26', 1),
	(3546, '103.162.220.6', 'ardianita06@gmail.com', 6, '2023-06-11 21:21:17', 1),
	(3547, '140.213.44.35', 'ardianita06@gmail.com', 6, '2023-06-11 22:16:25', 1),
	(3548, '118.99.83.95', 'ahmatnurwakit@staff.uns.ac.id', 44, '2023-06-11 22:33:55', 1),
	(3549, '182.2.51.198', 'ardianita06@gmail.com', 6, '2023-06-12 05:39:33', 1),
	(3550, '118.99.83.95', 'wibiatisekark@student.uns.ac.id', 34, '2023-06-12 05:45:07', 1),
	(3551, '140.213.56.110', 'ardianita06@gmail.com', 6, '2023-06-12 07:39:03', 1),
	(3552, '116.206.40.70', 'ardianita06@gmail.com', 6, '2023-06-12 08:10:48', 1),
	(3553, '182.253.217.153', 'ahmatnurwakit@staff.uns.ac.id', 44, '2023-06-12 09:04:13', 1),
	(3554, '182.253.217.153', 'wibiatisekark@student.uns.ac.id', NULL, '2023-06-12 09:14:06', 0),
	(3555, '182.253.217.153', 'wibiatisekark@student.uns.ac.id', 34, '2023-06-12 09:14:15', 1),
	(3556, '118.99.83.95', 'ardianita06@gmail.com', 6, '2023-06-12 09:24:39', 1),
	(3557, '103.162.221.68', 'trisna123@gmail.com', 46, '2023-06-12 09:24:51', 1),
	(3558, '103.162.221.68', 'pilihjurusan@gmail.com', 110, '2023-06-12 09:28:04', 1),
	(3559, '103.162.221.68', 'ardianita06@gmail.com', 6, '2023-06-12 09:36:19', 1),
	(3560, '182.253.217.153', 'wibiatisekark@student.uns.ac.id', 34, '2023-06-12 09:36:28', 1),
	(3561, '125.164.233.163', 'ridhorifai88@student.uns.ac.id', 59, '2023-06-12 09:42:20', 1),
	(3562, '120.188.82.34', 'ardianita06@gmail.com', 6, '2023-06-12 09:49:24', 1),
	(3563, '125.164.233.141', 'ahmatnurwakit@staff.uns.ac.id', 44, '2023-06-12 11:20:35', 1),
	(3564, '182.1.104.195', 'ahmadizulfikar123@gmail.com', 96, '2023-06-12 11:58:20', 1),
	(3565, '116.206.40.31', 'ahmadizulfikar123@gmail.com', 96, '2023-06-12 12:03:12', 1),
	(3566, '125.164.233.141', 'ahmatnurwakit@staff.uns.ac.id', 44, '2023-06-12 12:12:54', 1),
	(3567, '125.164.233.141', 'wibiatisekark@student.uns.ac.id', 34, '2023-06-12 12:15:27', 1),
	(3568, '182.1.123.218', 'ahmadizulfikar123@gmail.com', 96, '2023-06-12 13:53:42', 1),
	(3569, '114.125.116.57', 'ardianita06@gmail.com', 6, '2023-06-12 14:25:44', 1),
	(3570, '112.215.237.8', 'ardianita06@gmail.com', 6, '2023-06-12 15:06:46', 1),
	(3571, '112.215.172.38', 'ardianita06@gmail.com', 6, '2023-06-12 15:42:21', 1),
	(3572, '112.215.241.90', 'ardianita06@gmail.com', 6, '2023-06-12 16:35:01', 1),
	(3573, '112.215.172.38', 'ardianita06@gmail.com', 6, '2023-06-12 16:45:46', 1),
	(3574, '125.164.232.163', 'ardianita06@gmail.com', 6, '2023-06-12 18:35:47', 1),
	(3575, '103.189.201.9', 'muhammadhanifarafi@student.uns.ac.id', 23, '2023-06-12 19:34:35', 1),
	(3576, '103.189.201.9', 'ahmadyunus123@gmail.com', 88, '2023-06-12 19:35:31', 1),
	(3577, '125.164.232.163', 'ardianita06@gmail.com', 6, '2023-06-12 19:55:28', 1),
	(3578, '114.4.219.148', 'ardianita06@gmail.com', 6, '2023-06-12 19:56:25', 1),
	(3579, '114.4.219.148', 'darmawan123@staff.uns.ac.id', 41, '2023-06-12 19:56:39', 1),
	(3580, '112.215.172.38', 'ardianita06@gmail.com', 6, '2023-06-12 19:59:30', 1),
	(3581, '114.4.219.148', 'ardianita06@gmail.com', 6, '2023-06-12 20:00:27', 1),
	(3582, '103.189.201.9', 'ardianita06@gmail.com', 6, '2023-06-12 20:33:51', 1),
	(3583, '103.189.201.9', 'ardianita06@gmail.com', 6, '2023-06-12 20:38:10', 1),
	(3584, '103.189.201.9', 'darmawan123', NULL, '2023-06-12 20:38:36', 0),
	(3585, '103.189.201.9', 'darmawan123@staff.uns.ac.id', 41, '2023-06-12 20:38:46', 1),
	(3586, '112.215.172.38', 'ardianita06@gmail.com', 6, '2023-06-12 21:09:13', 1),
	(3587, '112.215.172.38', 'muhammadhanifarafi@gmail.com3', 29, '2023-06-12 21:10:17', 1),
	(3588, '112.215.241.196', 'ardianita06@gmail.com', 6, '2023-06-12 21:12:05', 1),
	(3589, '114.4.219.148', 'ardianita06@gmail.com', 6, '2023-06-12 21:18:01', 1),
	(3590, '112.215.237.41', 'lindarahmawati011001@gmail.com', 7, '2023-06-12 21:22:08', 1),
	(3591, '112.215.237.41', 'lindarahmawati011001@gmail.com', 7, '2023-06-12 21:25:16', 1),
	(3592, '112.215.172.38', 'ardianita06@gmail.com', 6, '2023-06-12 21:31:56', 1),
	(3593, '112.215.237.41', 'ardianita06@gmail.com', 6, '2023-06-12 21:52:42', 1),
	(3594, '125.164.232.163', 'ardianita06@gmail.com', 6, '2023-06-12 22:23:29', 1),
	(3595, '182.2.41.38', 'ardianita06@gmail.com', 6, '2023-06-12 22:32:54', 1),
	(3596, '112.215.241.196', 'ardianita06@gmail.com', 6, '2023-06-12 22:33:46', 1),
	(3597, '114.4.219.148', 'ardianita06@gmail.com', 6, '2023-06-12 22:35:27', 1),
	(3598, '103.189.201.9', 'ardianita06@gmail.com', NULL, '2023-06-13 05:55:32', 0),
	(3599, '182.253.217.153', 'ahmatnurwakit@staff.uns.ac.id', 44, '2023-06-13 06:14:07', 1),
	(3600, '125.164.232.163', 'ardianita06@gmail.com', 6, '2023-06-13 06:22:09', 1),
	(3601, '112.215.240.26', 'ardianita06@gmail.com', 6, '2023-06-13 08:23:39', 1),
	(3602, '125.164.232.163', 'ardianita06@gmail.com', 6, '2023-06-13 08:24:22', 1),
	(3603, '112.215.240.26', 'lindarahmawati011001@gmail.com', 7, '2023-06-13 08:32:31', 1),
	(3604, '112.215.240.26', 'ardianita06@gmail.com', 6, '2023-06-13 08:34:36', 1),
	(3605, '125.164.232.163', 'ardianita06@gmail.com', 6, '2023-06-13 08:48:11', 1),
	(3606, '182.253.217.153', 'ardianita06@gmail.com', 6, '2023-06-13 09:04:32', 1),
	(3607, '118.99.83.95', 'ahmatnurwakit@staff.uns.ac.id', 44, '2023-06-13 09:22:31', 1),
	(3608, '118.99.83.95', 'wibiatisekark@student.uns.ac.id', 34, '2023-06-13 09:29:38', 1),
	(3609, '125.164.232.163', 'ardianita06@gmail.com', 6, '2023-06-13 11:17:28', 1),
	(3610, '103.184.180.97', 'ridhorifai88@student.uns.ac.id', 59, '2023-06-13 11:23:44', 1),
	(3611, '182.253.217.153', 'wibiatisekark@student.uns.ac.id', 34, '2023-06-13 11:35:26', 1),
	(3612, '182.253.217.153', 'wibiatisekark@student.uns.ac.id', 34, '2023-06-13 11:36:16', 1),
	(3613, '103.184.180.97', 'ardianita06@gmail.com', 6, '2023-06-13 11:39:44', 1),
	(3614, '112.215.240.149', 'ardianita06@gmail.com', 6, '2023-06-13 11:49:24', 1),
	(3615, '125.164.232.163', 'ardianita06@gmail.com', 6, '2023-06-13 15:16:34', 1),
	(3616, '112.215.240.4', 'ardianita06@gmail.com', 6, '2023-06-13 15:22:18', 1),
	(3617, '182.253.217.157', 'ardianita06@gmail.com', 6, '2023-06-13 15:29:21', 1),
	(3618, '182.253.217.157', 'ahmatnurwakit@staff.uns.ac.id', 44, '2023-06-13 15:46:27', 1),
	(3619, '125.164.232.163', 'ardianita06@gmail.com', 6, '2023-06-13 16:13:51', 1),
	(3620, '125.164.232.163', 'ardianita06@gmail.com', 6, '2023-06-13 16:53:04', 1),
	(3621, '103.189.201.9', 'ardianita06@gmail.com', 6, '2023-06-13 17:22:39', 1),
	(3622, '103.189.201.9', 'ahmadyunus123@gmail.com', 88, '2023-06-13 17:24:20', 1),
	(3623, '103.162.220.72', 'oktariniarossaa14@student.uns.ac.id', 33, '2023-06-13 18:09:55', 1),
	(3624, '103.184.180.97', 'ardianita06@gmail.com', 6, '2023-06-13 19:43:22', 1),
	(3625, '112.215.240.4', 'ardianita06@gmail.com', 6, '2023-06-14 00:55:35', 1),
	(3626, '140.213.59.148', 'ardianita06@gmail.com', 6, '2023-06-14 08:47:27', 1),
	(3627, '125.166.8.124', 'ahmatnurwakit@staff.uns.ac.id', 44, '2023-06-14 15:22:25', 1),
	(3628, '103.162.220.72', 'trisna123@gmail.com', 46, '2023-06-14 17:19:08', 1),
	(3629, '103.162.220.72', 'okta14', NULL, '2023-06-14 17:55:53', 0),
	(3630, '103.162.220.72', 'oktariniarossaa14@student.uns.ac.id', 33, '2023-06-14 17:56:02', 1),
	(3631, '103.162.220.72', 'trisna123@gmail.com', 46, '2023-06-14 18:03:12', 1),
	(3632, '103.162.220.72', 'piljur', NULL, '2023-06-14 18:41:57', 0),
	(3633, '103.162.220.72', 'pilihjurusan@gmail.com', 110, '2023-06-14 18:42:04', 1),
	(3634, '103.189.201.9', 'ardianita06@gmail.com', 6, '2023-06-14 18:42:29', 1),
	(3635, '103.189.201.9', 'ardianita06@gmail.com', 6, '2023-06-14 18:42:30', 1),
	(3636, '103.189.201.9', 'ardianita06@gmail.com', 6, '2023-06-14 18:42:31', 1),
	(3637, '103.189.201.9', 'ardianita06@gmail.com', 6, '2023-06-14 18:42:31', 1),
	(3638, '103.162.220.72', 'trisna123@gmail.com', 46, '2023-06-14 18:45:55', 1),
	(3639, '103.189.201.9', 'ardianita06@gmail.com', 6, '2023-06-14 18:47:18', 1),
	(3640, '103.189.201.9', 'ardianita06@gmail.com', 6, '2023-06-14 18:47:18', 1),
	(3641, '103.189.201.9', 'ardianita06@gmail.com', 6, '2023-06-14 18:47:19', 1),
	(3642, '103.189.201.9', 'ardianita06@gmail.com', 6, '2023-06-14 18:47:20', 1),
	(3643, '103.189.201.9', 'ardianita06@gmail.com', 6, '2023-06-14 18:47:21', 1),
	(3644, '103.189.201.9', 'ardianita06@gmail.com', 6, '2023-06-14 18:47:21', 1),
	(3645, '103.189.201.9', 'ardianita06@gmail.com', 6, '2023-06-14 18:47:23', 1),
	(3646, '103.189.201.9', 'ardianita06@gmail.com', 6, '2023-06-14 18:47:25', 1),
	(3647, '103.189.201.9', 'ardianita06@gmail.com', 6, '2023-06-14 18:47:26', 1),
	(3648, '103.189.201.9', 'ardianita06@gmail.com', 6, '2023-06-14 18:47:26', 1),
	(3649, '103.189.201.9', 'ardianita06@gmail.com', 6, '2023-06-14 18:47:27', 1),
	(3650, '103.189.201.9', 'ardianita06@gmail.com', 6, '2023-06-14 18:47:27', 1),
	(3651, '103.189.201.9', 'muhammadhanifarafi@student.uns.ac.id', 23, '2023-06-14 18:55:14', 1),
	(3652, '103.189.201.9', 'muhammadhanifarafi@student.uns.ac.id', 23, '2023-06-14 18:55:15', 1),
	(3653, '103.189.201.9', 'muhammadhanifarafi@student.uns.ac.id', 23, '2023-06-14 18:55:16', 1),
	(3654, '103.189.201.9', 'darmawan123@staff.uns.ac.id', 41, '2023-06-14 19:11:03', 1),
	(3655, '103.189.201.9', 'darmawan123@staff.uns.ac.id', 41, '2023-06-14 19:11:04', 1),
	(3656, '103.189.201.9', 'darmawan123@staff.uns.ac.id', 41, '2023-06-14 19:11:05', 1),
	(3657, '103.189.201.9', 'darmawan123@staff.uns.ac.id', 41, '2023-06-14 19:11:06', 1),
	(3658, '103.189.201.9', 'darmawan123@staff.uns.ac.id', 41, '2023-06-14 19:11:06', 1),
	(3659, '103.189.201.9', 'darmawan123@staff.uns.ac.id', 41, '2023-06-14 19:11:07', 1),
	(3660, '103.189.201.9', 'darmawan123@staff.uns.ac.id', 41, '2023-06-14 19:11:08', 1),
	(3661, '103.189.201.9', 'darmawan123@staff.uns.ac.id', 41, '2023-06-14 19:11:08', 1),
	(3662, '103.189.201.9', 'darmawan123@staff.uns.ac.id', 41, '2023-06-14 19:11:08', 1),
	(3663, '103.189.201.9', 'darmawan123@staff.uns.ac.id', 41, '2023-06-14 19:11:09', 1),
	(3664, '103.189.201.9', 'ardianita06@gmail.com', 6, '2023-06-14 19:28:40', 1),
	(3665, '103.189.201.9', 'darmawan123', NULL, '2023-06-14 19:29:00', 0),
	(3666, '103.189.201.9', 'darmawan123@staff.uns.ac.id', 41, '2023-06-14 19:29:10', 1),
	(3667, '36.77.42.2', 'ahmadizulfikar123@gmail.com', 96, '2023-06-14 19:47:46', 1),
	(3668, '125.164.232.163', 'ahmadizulfikar123@gmail.com', 96, '2023-06-14 19:55:26', 1),
	(3669, '125.164.232.163', 'ardianita06@gmail.com', 6, '2023-06-14 20:22:02', 1),
	(3670, '125.164.232.163', 'ahmadizulfikar123@gmail.com', 96, '2023-06-14 20:40:38', 1),
	(3671, '103.162.220.72', 'nitt', NULL, '2023-06-14 20:41:57', 0),
	(3672, '103.162.220.72', 'ardianita06@gmail.com', 6, '2023-06-14 20:42:05', 1),
	(3673, '125.164.232.163', 'ardianita06@gmail.com', 6, '2023-06-14 20:42:42', 1),
	(3674, '103.189.201.9', 'ardianita06@gmail.com', 6, '2023-06-14 20:49:29', 1),
	(3675, '103.189.201.9', 'muhammadhanifarafi@student.uns.ac.id', 23, '2023-06-14 20:50:23', 1),
	(3676, '103.189.201.9', 'darmawan123', NULL, '2023-06-14 20:50:47', 0),
	(3677, '103.189.201.9', 'darmawan123', NULL, '2023-06-14 20:50:49', 0),
	(3678, '103.189.201.9', 'darmawan123@staff.uns.ac.id', 41, '2023-06-14 20:50:57', 1),
	(3679, '103.189.201.9', 'darmawan123@staff.uns.ac.id', 41, '2023-06-14 20:50:58', 1),
	(3680, '103.189.201.9', 'darmawan123', NULL, '2023-06-14 20:53:26', 0),
	(3681, '103.189.201.9', 'darmawan123@staff.uns.ac.id', 41, '2023-06-14 20:53:46', 1),
	(3682, '103.189.201.9', 'darmawan123@staff.uns.ac.id', 41, '2023-06-14 20:53:56', 1),
	(3683, '103.189.201.9', 'darmawan123@staff.uns.ac.id', 41, '2023-06-14 20:54:06', 1),
	(3684, '103.189.201.9', 'darmawan123@staff.uns.ac.id', 41, '2023-06-14 20:54:07', 1),
	(3685, '103.189.201.9', 'darmawan123@staff.uns.ac.id', 41, '2023-06-14 20:54:08', 1),
	(3686, '103.189.201.9', 'darmawan123@staff.uns.ac.id', 41, '2023-06-14 20:54:08', 1),
	(3687, '103.189.201.9', 'darmawan123@staff.uns.ac.id', 41, '2023-06-14 20:54:09', 1),
	(3688, '103.189.201.9', 'darmawan123', NULL, '2023-06-14 21:08:02', 0),
	(3689, '103.189.201.9', 'darmawan123@staff.uns.ac.id', 41, '2023-06-14 21:08:08', 1),
	(3690, '103.162.220.72', 'oktariniarossaa14@student.uns.ac.id', 33, '2023-06-14 21:34:33', 1),
	(3691, '103.162.220.72', 'trisna123@gmail.com', 46, '2023-06-14 21:35:26', 1),
	(3692, '125.164.232.163', 'ahmadizulfikar123@gmail.com', 96, '2023-06-14 21:43:15', 1),
	(3693, '103.162.220.72', 'trisna123', NULL, '2023-06-14 22:16:59', 0),
	(3694, '103.162.220.72', 'trisna123@gmail.com', 46, '2023-06-14 22:17:11', 1),
	(3695, '125.164.232.163', 'ardianita06@gmail.com', 6, '2023-06-15 00:53:45', 1),
	(3696, '203.78.117.111', 'ardianita06@gmail.com', 6, '2023-06-15 06:02:44', 1),
	(3697, '103.189.201.9', 'darmawan123@staff.uns.ac.id', 41, '2023-06-15 06:35:01', 1),
	(3698, '203.78.117.111', 'ardianita06@gmail.com', 6, '2023-06-15 07:17:21', 1),
	(3699, '203.78.117.111', 'ardianita06@gmail.com', 6, '2023-06-15 07:17:23', 1),
	(3700, '103.189.201.9', 'darmawan123@staff.uns.ac.id', 41, '2023-06-15 08:48:16', 1),
	(3701, '103.189.201.9', 'darmawan123', NULL, '2023-06-15 10:39:50', 0),
	(3702, '103.189.201.9', 'darmawan123@staff.uns.ac.id', 41, '2023-06-15 10:39:57', 1),
	(3703, '103.132.230.70', 'ardianita06@gmail.com', 6, '2023-06-15 12:00:50', 1),
	(3704, '125.164.235.153', 'ardianita06@gmail.com', 6, '2023-06-15 12:12:54', 1),
	(3705, '125.164.235.130', 'okta14', NULL, '2023-06-15 12:20:26', 0),
	(3706, '125.164.235.130', 'oktariniarossaa14@student.uns.ac.id', 33, '2023-06-15 12:20:37', 1),
	(3707, '112.215.172.26', 'trisna123@gmail.com', 46, '2023-06-15 12:29:13', 1),
	(3708, '114.5.104.21', 'ardianita06@gmail.com', 6, '2023-06-15 12:32:02', 1),
	(3709, '112.215.172.26', 'trisna123@gmail.com', 46, '2023-06-15 12:39:22', 1),
	(3710, '114.5.104.21', 'ardianita06@gmail.com', 6, '2023-06-15 12:58:25', 1),
	(3711, '203.78.117.181', 'ardianita06@gmail.com', 6, '2023-06-15 13:10:08', 1),
	(3712, '112.215.172.26', 'ardianita06@gmail.com', 6, '2023-06-15 13:42:33', 1),
	(3713, '114.4.219.148', 'ardianita06@gmail.com', 6, '2023-06-15 13:55:28', 1),
	(3714, '114.4.219.148', 'ardianita06@gmail.com', 6, '2023-06-15 13:55:30', 1),
	(3715, '140.213.42.58', 'ardianita06@gmail.com', 6, '2023-06-15 13:56:08', 1),
	(3716, '114.4.219.148', 'ardianita06@gmail.com', 6, '2023-06-15 14:15:26', 1),
	(3717, '203.78.117.181', 'ardianita06@gmail.com', 6, '2023-06-15 14:24:55', 1),
	(3718, '114.4.219.148', 'ardianita06@gmail.com', 6, '2023-06-15 21:53:04', 1),
	(3719, '114.4.219.148', 'ridhorifai88@student.uns.ac.id', 59, '2023-06-15 21:58:24', 1),
	(3720, '114.4.219.148', 'rendratrikusuma@student.uns.ac.id', 3, '2023-06-15 22:00:08', 1),
	(3721, '114.4.219.148', 'ardianita06@gmail.com', 6, '2023-06-15 22:23:22', 1),
	(3722, '114.4.219.148', 'ardianita06@gmail.com', 6, '2023-06-16 05:24:34', 1),
	(3723, '114.4.219.148', 'rendratrikusuma@student.uns.ac.id', 3, '2023-06-16 05:39:24', 1),
	(3724, '114.4.219.148', 'rendratrikusuma@student.uns.ac.id', 3, '2023-06-16 07:44:43', 1),
	(3725, '114.4.219.148', 'rendratrikusuma@student.uns.ac.id', 3, '2023-06-16 07:44:43', 1),
	(3726, '203.78.117.126', 'ardianita06@gmail.com', 6, '2023-06-16 08:54:49', 1),
	(3727, '125.164.232.163', 'ardianita06@gmail.com', 6, '2023-06-16 09:14:20', 1),
	(3728, '125.164.232.163', 'ardianita06@gmail.com', 6, '2023-06-16 09:27:50', 1),
	(3729, '182.253.217.157', 'ahmatnurwakit@staff.uns.ac.id', 44, '2023-06-16 09:29:14', 1),
	(3730, '114.5.241.202', 'ardianita06@gmail.com', 6, '2023-06-16 09:41:04', 1),
	(3731, '125.164.232.163', 'zulfikar', NULL, '2023-06-16 09:55:07', 0),
	(3732, '125.164.232.163', 'ahmadizulfikar123@gmail.com', 96, '2023-06-16 09:55:21', 1),
	(3733, '125.164.232.163', 'ardianita06@gmail.com', NULL, '2023-06-16 09:57:25', 0),
	(3734, '125.164.232.163', 'ardianita06@gmail.com', 6, '2023-06-16 09:57:36', 1),
	(3735, '125.164.232.163', 'ardianita06@gmail.com', 6, '2023-06-16 09:59:22', 1),
	(3736, '125.164.232.163', 'ardianita06@gmail.com', 6, '2023-06-16 10:03:03', 1),
	(3737, '114.5.241.202', 'ardianita06@gmail.com', 6, '2023-06-16 10:12:53', 1),
	(3738, '114.5.241.202', 'muhammadhanifarafi@student.uns.ac.id', 23, '2023-06-16 10:13:34', 1),
	(3739, '114.5.241.202', 'ardianita06@gmail.com', 6, '2023-06-16 10:16:02', 1),
	(3740, '114.5.241.202', 'ardianita06@gmail.com', 6, '2023-06-16 11:47:17', 1),
	(3741, '114.5.241.202', 'ardianita06@gmail.com', 6, '2023-06-16 11:47:18', 1),
	(3742, '125.166.9.232', 'rendratrikusuma@student.uns.ac.id', 3, '2023-06-16 12:40:41', 1),
	(3743, '125.166.9.232', 'ardianita06@gmail.com', 6, '2023-06-16 12:43:48', 1),
	(3744, '114.5.241.202', 'ardianita06@gmail.com', 6, '2023-06-16 13:23:25', 1),
	(3745, '114.5.241.202', 'ardianita06@gmail.com', 6, '2023-06-16 13:23:26', 1),
	(3746, '112.215.243.61', 'ardianita06@gmail.com', 6, '2023-06-16 13:50:18', 1),
	(3747, '112.215.243.61', 'ahmadizulfikar123@gmail.com', 96, '2023-06-16 13:51:37', 1),
	(3748, '112.215.243.61', 'ardianita06@gmail.com', 6, '2023-06-16 13:56:01', 1),
	(3749, '112.215.243.61', 'ardianita06@gmail.com', 6, '2023-06-16 13:59:05', 1),
	(3750, '112.215.243.61', 'ardianita06@gmail.com', 6, '2023-06-16 14:03:33', 1),
	(3751, '112.215.243.248', 'ardianita06@gmail.com', 6, '2023-06-16 14:51:01', 1),
	(3752, '112.215.243.248', 'ahmadizulfikar123@gmail.com', 96, '2023-06-16 14:51:51', 1),
	(3753, '112.215.243.248', 'ardianita06@gmail.com', 6, '2023-06-16 14:52:17', 1),
	(3754, '112.215.243.248', 'zulfikar', NULL, '2023-06-16 14:56:31', 0),
	(3755, '112.215.243.248', 'ahmadizulfikar123@gmail.com', 96, '2023-06-16 14:56:40', 1),
	(3756, '112.215.243.248', 'ardianita06@gmail.com', 6, '2023-06-16 15:07:14', 1),
	(3757, '103.149.121.22', 'fajri2002', NULL, '2023-06-16 19:01:57', 0),
	(3758, '103.149.121.22', 'fajri2002', NULL, '2023-06-16 19:02:13', 0),
	(3759, '103.149.121.22', 'fajri2002', NULL, '2023-06-16 19:02:24', 0),
	(3760, '103.149.121.22', 'muhammadhanifarafi@student.uns.ac.id', 23, '2023-06-16 19:02:34', 1),
	(3761, '103.149.121.22', 'okta14', NULL, '2023-06-16 19:13:22', 0),
	(3762, '103.149.121.22', 'oktariniarossaa14@student.uns.ac.id', 33, '2023-06-16 19:13:37', 1),
	(3763, '103.149.121.22', 'ilham123@gmail.com', 58, '2023-06-16 19:19:39', 1),
	(3764, '103.149.121.22', 'ivann@gmail.com', 97, '2023-06-16 19:38:04', 1),
	(3765, '120.188.84.238', 'ardianita06@gmail.com', 6, '2023-06-16 21:57:25', 1),
	(3766, '120.188.84.238', 'ardianita06@gmail.com', 6, '2023-06-16 21:57:27', 1),
	(3767, '103.162.220.72', 'ardianita06@gmail.com', 6, '2023-06-16 22:44:49', 1),
	(3768, '103.162.220.72', 'nita123', NULL, '2023-06-16 22:45:19', 0),
	(3769, '103.162.220.72', 'nitta123', NULL, '2023-06-16 22:45:31', 0),
	(3770, '103.162.220.72', 'ardianita06@gmail.com', 6, '2023-06-16 22:45:44', 1),
	(3771, '103.162.220.72', 'nita123', NULL, '2023-06-16 22:46:49', 0),
	(3772, '103.162.220.72', 'nita123', NULL, '2023-06-16 22:47:00', 0),
	(3773, '103.162.220.72', 'linn45', NULL, '2023-06-16 22:47:23', 0),
	(3774, '103.162.220.72', 'lin45', NULL, '2023-06-16 22:47:35', 0),
	(3775, '103.162.220.72', 'ardianita06@gmail.com', 6, '2023-06-16 22:47:43', 1),
	(3776, '103.162.220.72', 'tantrisetiani@student.uns.ac.id', 109, '2023-06-16 22:49:00', 1),
	(3777, '103.162.220.72', 'ridho', NULL, '2023-06-16 23:01:38', 0),
	(3778, '103.162.220.72', 'ridho', NULL, '2023-06-16 23:01:47', 0),
	(3779, '103.162.220.72', 'ridho123', NULL, '2023-06-16 23:01:55', 0),
	(3780, '103.162.220.72', 'ridho123', NULL, '2023-06-16 23:02:37', 0),
	(3781, '103.162.220.72', 'ridho123', NULL, '2023-06-16 23:02:52', 0),
	(3782, '103.162.220.72', 'pandudwisaputra@student.uns.ac.id', 113, '2023-06-16 23:03:23', 1),
	(3783, '103.162.220.72', 'trisna123@gmail.com', 46, '2023-06-16 23:20:37', 1),
	(3784, '103.162.220.72', 'pilihjurusan@gmail.com', 110, '2023-06-16 23:29:20', 1),
	(3785, '103.162.220.72', 'ivann@gmail.com', 97, '2023-06-16 23:39:53', 1),
	(3786, '103.162.220.72', 'trisna123@gmail.com', 46, '2023-06-16 23:40:53', 1),
	(3787, '112.215.173.64', 'ardianita06@gmail.com', 6, '2023-06-17 08:22:20', 1),
	(3788, '112.215.173.64', 'muhammadhanifarafi@gmail.com3', 29, '2023-06-17 08:31:33', 1),
	(3789, '112.215.173.64', 'ardianita06@gmail.com', 6, '2023-06-17 08:33:39', 1),
	(3790, '112.215.173.64', 'muhammadhanifarafi@gmail.com3', 29, '2023-06-17 08:43:34', 1),
	(3791, '112.215.173.64', 'ardianita06@gmail.com', 6, '2023-06-17 08:45:35', 1),
	(3792, '112.215.173.64', 'lindarahmawati011001@gmail.com', 7, '2023-06-17 09:50:51', 1),
	(3793, '112.215.173.64', 'ardianita06@gmail.com', 6, '2023-06-17 10:02:34', 1),
	(3794, '112.215.173.64', 'Linda', NULL, '2023-06-17 10:03:40', 0),
	(3795, '112.215.173.64', 'lindarahmawati011001@gmail.com', 7, '2023-06-17 10:03:47', 1),
	(3796, '112.215.173.64', 'lindarahmawati011001@gmail.com', 7, '2023-06-17 11:20:21', 1),
	(3797, '112.215.173.64', 'ardianita06@gmail.com', 6, '2023-06-17 11:40:35', 1),
	(3798, '112.215.173.64', 'lindarahmawati011001@gmail.com', 7, '2023-06-17 11:41:59', 1),
	(3799, '112.215.173.64', 'ardianita06@gmail.com', 6, '2023-06-17 11:46:48', 1),
	(3800, '112.215.173.64', 'lindarahmawati011001@gmail.com', 7, '2023-06-17 11:47:25', 1),
	(3801, '112.215.173.64', 'ardianita06@gmail.com', 6, '2023-06-17 11:48:45', 1),
	(3802, '103.189.201.9', 'ardianita06@gmail.com', 6, '2023-06-17 13:24:40', 1),
	(3803, '103.189.201.9', 'ardianita06@gmail.com', 6, '2023-06-17 13:24:41', 1),
	(3804, '112.215.154.222', 'lindarahmawati011001@gmail.com', 7, '2023-06-17 15:06:25', 1),
	(3805, '112.215.154.222', 'muhammadhanifarafi@gmail.com3', 29, '2023-06-17 15:29:49', 1),
	(3806, '125.166.9.103', 'ardianita06@gmail.com', 6, '2023-06-17 15:43:43', 1),
	(3807, '112.215.154.222', 'ardianita06@gmail.com', 6, '2023-06-17 15:45:54', 1),
	(3808, '112.215.154.222', 'muhammadhanifarafi@gmail.com3', 29, '2023-06-17 15:49:02', 1),
	(3809, '112.215.154.222', 'lindarahmawati011001@gmail.com', 7, '2023-06-17 15:50:23', 1),
	(3810, '112.215.154.222', 'muhammadhanifarafi@gmail.com3', 29, '2023-06-17 15:52:16', 1),
	(3811, '112.215.154.222', 'ardianita06@gmail.com', 6, '2023-06-17 16:31:43', 1),
	(3812, '103.189.201.9', 'ardianita06@gmail.com', 6, '2023-06-17 16:39:06', 1),
	(3813, '103.189.201.9', 'ardianita06@gmail.com', 6, '2023-06-17 16:39:07', 1),
	(3814, '112.215.154.52', 'ardianita06@gmail.com', 6, '2023-06-17 19:37:36', 1),
	(3815, '112.215.154.52', 'lindarahmawati011001@gmail.com', 7, '2023-06-17 20:07:20', 1),
	(3816, '112.215.154.52', 'ardianita06@gmail.com', 6, '2023-06-17 20:08:16', 1),
	(3817, '103.162.220.72', 'fajri2002', NULL, '2023-06-17 21:02:36', 0),
	(3818, '103.162.220.72', 'muhammadhanifarafi@student.uns.ac.id', 23, '2023-06-17 21:02:44', 1),
	(3819, '103.162.220.72', 'ilham123@gmail.com', 58, '2023-06-17 21:05:23', 1),
	(3820, '103.162.220.72', 'ivann@gmail.com', 97, '2023-06-17 21:07:54', 1),
	(3821, '103.162.220.72', 'tantrisetiani@student.uns.ac.id', 109, '2023-06-17 21:09:56', 1),
	(3822, '103.162.220.72', 'pandudwisaputra@student.uns.ac.id', 113, '2023-06-17 21:12:16', 1),
	(3823, '103.162.220.72', 'trisna123@gmail.com', 46, '2023-06-17 21:14:40', 1),
	(3824, '103.162.220.72', 'pilihjurusan@gmail.com', 110, '2023-06-17 21:16:13', 1),
	(3825, '103.162.220.72', 'suksesjaya123@gmail.com', 99, '2023-06-17 21:18:20', 1),
	(3826, '103.162.220.72', 'darmawan123@staff.uns.ac.id', 41, '2023-06-17 21:19:46', 1),
	(3827, '103.162.220.72', 'disparpora@gmail.com', 108, '2023-06-17 21:21:58', 1),
	(3828, '103.162.220.72', 'suksesjaya123@gmail.com', 99, '2023-06-17 21:23:15', 1),
	(3829, '103.162.220.72', 'trisna123@gmail.com', 46, '2023-06-17 21:23:53', 1),
	(3830, '103.162.220.72', 'pilihjurusan@gmail.com', 110, '2023-06-17 21:37:16', 1),
	(3831, '103.162.220.72', 'suksesjaya123@gmail.com', 99, '2023-06-17 22:01:04', 1),
	(3832, '103.162.220.72', 'darmawan123@staff.uns.ac.id', 41, '2023-06-17 22:13:02', 1),
	(3833, '103.162.220.72', 'darmawan123@staff.uns.ac.id', 41, '2023-06-17 22:24:15', 1),
	(3834, '103.162.220.72', 'disparpora@gmail.com', 108, '2023-06-17 22:24:28', 1),
	(3835, '103.162.220.72', 'ivann@gmail.com', 97, '2023-06-17 22:32:18', 1),
	(3836, '103.162.220.72', 'oktariniarossaa14@student.uns.ac.id', 33, '2023-06-17 22:37:30', 1),
	(3837, '103.162.220.72', 'trisna123@gmail.com', 46, '2023-06-17 22:42:18', 1),
	(3838, '103.162.220.72', 'pilihjurusan@gmail.com', 110, '2023-06-17 22:44:02', 1),
	(3839, '103.162.220.72', 'ivann@gmail.com', 97, '2023-06-17 22:47:02', 1),
	(3840, '103.162.220.72', 'trisna123@gmail.com', 46, '2023-06-17 22:48:35', 1),
	(3841, '103.162.220.72', 'pilihjurusan@gmail.com', 110, '2023-06-17 23:24:40', 1),
	(3842, '103.162.220.72', 'pilihjurusan@gmail.com', 110, '2023-06-17 23:54:51', 1),
	(3843, '103.162.220.72', 'trisna123@gmail.com', 46, '2023-06-17 23:56:04', 1),
	(3844, '103.189.201.9', 'ardianita06@gmail.com', 6, '2023-06-17 23:57:17', 1),
	(3845, '103.162.220.72', 'oktariniarossaa14@student.uns.ac.id', 33, '2023-06-18 00:08:46', 1),
	(3846, '114.5.109.123', 'ardianita06@gmail.com', 6, '2023-06-18 00:30:28', 1),
	(3847, '114.5.109.123', 'ardianita06@gmail.com', 6, '2023-06-18 00:30:29', 1),
	(3848, '103.162.220.72', 'okta14', NULL, '2023-06-18 00:42:14', 0),
	(3849, '103.162.220.72', 'oktariniarossaa14@student.uns.ac.id', 33, '2023-06-18 00:42:21', 1),
	(3850, '103.162.220.72', 'ivann@gmail.com', 97, '2023-06-18 01:23:09', 1),
	(3851, '140.213.48.19', 'Linda', NULL, '2023-06-18 06:25:10', 0),
	(3852, '140.213.48.19', 'lindarahmawati011001@gmail.com', 7, '2023-06-18 06:25:35', 1),
	(3853, '140.213.48.19', 'ardianita06@gmail.com', 6, '2023-06-18 06:30:03', 1),
	(3854, '140.213.48.19', 'lindarahmawati011001@gmail.com', 7, '2023-06-18 06:30:42', 1),
	(3855, '140.213.48.19', 'ardianita06@gmail.com', 6, '2023-06-18 06:40:27', 1),
	(3856, '140.213.48.19', 'ardianita06@gmail.com', 6, '2023-06-18 07:23:08', 1),
	(3857, '114.5.109.123', 'ardianita06@gmail.com', 6, '2023-06-18 07:29:14', 1),
	(3858, '140.213.48.19', 'muhammadhanifarafi@gmail.com3', 29, '2023-06-18 07:41:04', 1),
	(3859, '114.5.109.123', 'ardianita06@gmail.com', 6, '2023-06-18 08:56:31', 1),
	(3860, '114.5.109.123', 'ardianita06@gmail.com', 6, '2023-06-18 08:58:19', 1),
	(3861, '114.5.109.123', 'rendratrikusuma@student.uns.ac.id', 3, '2023-06-18 09:09:49', 1),
	(3862, '114.5.109.123', 'ardianita06@gmail.com', 6, '2023-06-18 09:10:45', 1),
	(3863, '140.213.48.19', 'muhammadhanifarafi@gmail.com3', 29, '2023-06-18 09:14:31', 1),
	(3864, '140.213.48.19', 'lindarahmawati011001@gmail.com', 7, '2023-06-18 09:16:29', 1),
	(3865, '140.213.48.19', 'lindarahmawati011001@gmail.com', 7, '2023-06-18 09:19:58', 1),
	(3866, '140.213.48.19', 'muhammadhanifarafi@gmail.com3', 29, '2023-06-18 09:22:50', 1),
	(3867, '140.213.48.19', 'lindarahmawati011001@gmail.com', 7, '2023-06-18 09:23:14', 1),
	(3868, '140.213.48.19', 'ardianita06@gmail.com', 6, '2023-06-18 10:42:41', 1),
	(3869, '140.213.48.19', 'ardianita06@gmail.com', 6, '2023-06-18 11:57:51', 1),
	(3870, '125.166.8.53', 'ridhorifai88@student.uns.ac.id', 59, '2023-06-18 13:16:17', 1),
	(3871, '125.166.8.53', 'ardianita06@gmail.com', 6, '2023-06-18 13:18:10', 1),
	(3872, '114.5.109.123', 'ardianita06@gmail.com', 6, '2023-06-18 14:16:10', 1),
	(3873, '140.213.48.19', 'lindarahmawati011001@gmail.com', 7, '2023-06-18 14:22:28', 1),
	(3874, '140.213.48.19', 'muhammadhanifarafi@gmail.com3', 29, '2023-06-18 14:28:37', 1),
	(3875, '140.213.48.19', 'lindarahmawati011001@gmail.com', 7, '2023-06-18 14:32:40', 1),
	(3876, '140.213.48.19', 'lindarahmawati011001@gmail.com', 7, '2023-06-18 14:35:57', 1),
	(3877, '103.162.220.71', 'oktariniarossaa14@student.uns.ac.id', 33, '2023-06-18 14:37:56', 1),
	(3878, '103.162.220.71', 'trisna123@gmail.com', 46, '2023-06-18 14:38:51', 1),
	(3879, '103.162.220.71', 'pilihjurusan@gmail.com', 110, '2023-06-18 14:39:03', 1),
	(3880, '118.99.83.94', 'ahmatnurwakit@staff.uns.ac.id', 44, '2023-06-18 14:41:23', 1),
	(3881, '103.162.220.71', 'ivann@gmail.com', 97, '2023-06-18 14:44:02', 1),
	(3882, '103.162.220.71', 'trisna123@gmail.com', 46, '2023-06-18 14:44:43', 1),
	(3883, '125.166.8.53', 'darmawan123@staff.uns.ac.id', 41, '2023-06-18 15:00:40', 1),
	(3884, '125.166.8.53', 'ardianita06@gmail.com', 6, '2023-06-18 15:14:37', 1),
	(3885, '125.166.8.53', 'darmawan123@staff.uns.ac.id', 41, '2023-06-18 15:21:13', 1),
	(3886, '125.166.8.53', 'ardianita06@gmail.com', 6, '2023-06-18 15:23:00', 1),
	(3887, '125.166.8.53', 'darmawan123@staff.uns.ac.id', 41, '2023-06-18 15:29:18', 1),
	(3888, '140.213.48.19', 'ardianita06@gmail.com', 6, '2023-06-18 15:43:47', 1),
	(3889, '103.162.220.71', 'ivann@gmail.com', 97, '2023-06-18 15:57:28', 1),
	(3890, '103.162.220.71', 'muhammadhanifarafi@student.uns.ac.id', 23, '2023-06-18 15:57:50', 1),
	(3891, '140.213.48.19', 'ardianita06@gmail.com', 6, '2023-06-18 16:44:49', 1),
	(3892, '140.213.48.19', 'lindarahmawati011001@gmail.com', 7, '2023-06-18 16:45:10', 1),
	(3893, '125.164.232.163', 'ardianita06@gmail.com', 6, '2023-06-18 16:59:46', 1),
	(3894, '140.213.48.19', 'ardianita06@gmail.com', 6, '2023-06-18 17:15:37', 1),
	(3895, '140.213.48.19', 'ardianita06@gmail.com', 6, '2023-06-18 17:20:41', 1),
	(3896, '140.213.48.19', 'ardianita06@gmail.com', 6, '2023-06-18 17:21:33', 1),
	(3897, '140.213.48.19', 'ardianita06@gmail.com', 6, '2023-06-18 18:01:22', 1),
	(3898, '140.213.48.19', 'lindarahmawati011001@gmail.com', 7, '2023-06-18 18:17:15', 1),
	(3899, '140.213.48.19', 'muhammadhanifarafi@gmail.com3', 29, '2023-06-18 18:17:35', 1),
	(3900, '103.162.220.73', 'muhammadhanifarafi@student.uns.ac.id', 23, '2023-06-18 19:34:58', 1),
	(3901, '103.162.220.73', 'ilham123@gmail.com', 58, '2023-06-18 19:39:13', 1),
	(3902, '103.162.220.73', 'ivann@gmail.com', 97, '2023-06-18 19:42:09', 1),
	(3903, '103.162.220.73', 'tantrisetiani@student.uns.ac.id', 109, '2023-06-18 19:44:27', 1),
	(3904, '103.162.220.73', 'pandu', NULL, '2023-06-18 19:50:35', 0),
	(3905, '103.162.220.73', 'pandudwisaputra@student.uns.ac.id', 113, '2023-06-18 19:50:52', 1),
	(3906, '140.213.48.19', 'ardianita06@gmail.com', 6, '2023-06-18 20:10:55', 1),
	(3907, '103.162.220.73', 'trisna123@gmail.com', 46, '2023-06-18 20:12:01', 1),
	(3908, '103.162.220.73', 'trisna123@gmail.com', 46, '2023-06-18 20:19:53', 1),
	(3909, '103.162.220.73', 'trisna123@gmail.com', 46, '2023-06-18 20:29:52', 1),
	(3910, '140.213.48.19', 'ardianita06@gmail.com', 6, '2023-06-18 20:31:11', 1),
	(3911, '140.213.48.19', 'lindarahmawati011001@gmail.com', 7, '2023-06-18 20:31:36', 1),
	(3912, '103.162.220.73', 'suksesjaya123@gmail.com', 99, '2023-06-18 20:33:21', 1),
	(3913, '140.213.48.19', 'ardianita06@gmail.com', 6, '2023-06-18 20:35:16', 1),
	(3914, '140.213.48.19', 'lindarahmawati011001@gmail.com', 7, '2023-06-18 20:36:52', 1),
	(3915, '140.213.48.19', 'ardianita06@gmail.com', 6, '2023-06-18 20:39:20', 1),
	(3916, '140.213.48.19', 'lindarahmawati011001@gmail.com', 7, '2023-06-18 20:40:24', 1),
	(3917, '103.162.220.73', 'pilihjurusan@gmail.com', 110, '2023-06-18 20:41:16', 1),
	(3918, '103.162.220.73', 'suksesjaya123@gmail.com', 99, '2023-06-18 20:51:35', 1),
	(3919, '103.162.220.73', 'darmawan123@staff.uns.ac.id', 41, '2023-06-18 20:53:23', 1),
	(3920, '103.162.220.73', 'disparpora@gmail.com', 108, '2023-06-18 20:58:11', 1),
	(3921, '103.162.220.73', 'trisna123@gmail.com', 46, '2023-06-18 21:06:47', 1),
	(3922, '103.162.220.73', 'ardianita06@gmail.com', 6, '2023-06-18 21:07:39', 1),
	(3923, '140.213.48.19', 'ardianita06@gmail.com', 6, '2023-06-18 21:11:20', 1),
	(3924, '140.213.48.19', 'muhammadhanifarafi@gmail.com3', 29, '2023-06-18 21:13:59', 1),
	(3925, '140.213.48.19', 'lindarahmawati011001@gmail.com', 7, '2023-06-18 21:59:48', 1),
	(3926, '140.213.48.19', 'ardianita06@gmail.com', 6, '2023-06-18 22:04:26', 1),
	(3927, '140.213.48.19', 'lindarahmawati011001@gmail.com', 7, '2023-06-18 22:05:29', 1),
	(3928, '114.5.109.123', 'ardianita06@gmail.com', 6, '2023-06-18 22:58:21', 1),
	(3929, '182.253.217.157', 'ardianita06@gmail.com', 6, '2023-06-19 05:12:49', 1),
	(3930, '182.253.217.157', 'ahmatnurwakit@staff.uns.ac.id', 44, '2023-06-19 05:16:33', 1),
	(3931, '182.253.217.157', 'wibiatisekark@student.uns.ac.id', 34, '2023-06-19 05:16:48', 1),
	(3932, '118.99.83.94', 'ahmatnurwakit@staff.uns.ac.id', 44, '2023-06-19 05:53:57', 1),
	(3933, '103.189.201.182', 'ardianita06@gmail.com', 6, '2023-06-19 06:07:00', 1),
	(3934, '114.5.109.123', 'ardianita06@gmail.com', 6, '2023-06-19 06:16:16', 1),
	(3935, '112.215.153.125', 'muhammadhanifarafi@gmail.com3', 29, '2023-06-19 06:37:26', 1),
	(3936, '125.166.9.232', 'ardianita06@gmail.com', NULL, '2023-06-19 08:02:15', 0),
	(3937, '125.166.9.232', 'ardianita06@gmail.com', NULL, '2023-06-19 08:02:25', 0),
	(3938, '125.166.9.232', 'ardianita06@gmail.com', 6, '2023-06-19 08:02:54', 1),
	(3939, '114.5.109.123', 'ardianita06@gmail.com', 6, '2023-06-19 11:54:45', 1),
	(3940, '114.5.109.123', 'ardianita06@gmail.com', 6, '2023-06-19 11:54:46', 1),
	(3941, '140.213.58.223', 'muhammadhanifarafi@gmail.com3', 29, '2023-06-19 12:01:43', 1),
	(3942, '140.213.58.223', 'muhammadhanifarafi@gmail.com3', 29, '2023-06-19 12:16:18', 1),
	(3943, '140.213.58.223', 'muhammadhanifarafi@gmail.com3', 29, '2023-06-19 12:17:02', 1),
	(3944, '140.213.58.223', 'lindarahmawati011001@gmail.com', 7, '2023-06-19 12:49:36', 1),
	(3945, '140.213.58.223', 'muhammadhanifarafi@gmail.com3', 29, '2023-06-19 13:09:17', 1),
	(3946, '140.213.58.223', 'ardianita06@gmail.com', 6, '2023-06-19 13:17:17', 1),
	(3947, '140.213.57.212', 'ardianita06@gmail.com', 6, '2023-06-19 13:33:08', 1),
	(3948, '125.164.234.111', 'ardianita06@gmail.com', 6, '2023-06-19 15:14:48', 1),
	(3949, '125.164.234.111', 'muhammadhanifarafi@student.uns.ac.id', 23, '2023-06-19 15:55:06', 1),
	(3950, '125.164.234.111', 'ardianita06@gmail.com', 6, '2023-06-19 15:59:08', 1),
	(3951, '140.213.58.182', 'muhammadhanifarafi@gmail.com3', 29, '2023-06-19 16:53:48', 1),
	(3952, '140.213.58.182', 'ardianita06@gmail.com', 6, '2023-06-19 19:23:23', 1),
	(3953, '140.213.58.182', 'lindarahmawati011001@gmail.com', 7, '2023-06-19 19:44:24', 1),
	(3954, '125.164.232.206', 'ardianita06@gmail.com', 6, '2023-06-19 20:18:03', 1),
	(3955, '125.164.232.206', 'ardianita06@gmail.com', 6, '2023-06-19 20:18:04', 1),
	(3956, '125.164.232.206', 'ardianita06@gmail.com', 6, '2023-06-19 20:18:08', 1),
	(3957, '125.164.232.206', 'ardianita06@gmail.com', 6, '2023-06-19 20:18:09', 1),
	(3958, '125.164.232.206', 'ardianita06@gmail.com', 6, '2023-06-19 20:18:09', 1),
	(3959, '125.164.232.206', 'ardianita06@gmail.com', 6, '2023-06-19 20:18:09', 1),
	(3960, '125.164.232.206', 'ardianita06@gmail.com', 6, '2023-06-19 20:18:10', 1),
	(3961, '125.164.232.206', 'ardianita06@gmail.com', 6, '2023-06-19 20:18:12', 1),
	(3962, '140.213.58.182', 'ardianita06@gmail.com', 6, '2023-06-19 20:41:49', 1),
	(3963, '140.213.58.182', 'lindarahmawati011001@gmail.com', 7, '2023-06-19 21:25:55', 1),
	(3964, '114.5.109.123', 'ardianita06@gmail.com', 6, '2023-06-19 22:36:42', 1),
	(3965, '140.213.58.182', 'ardianita06@gmail.com', 6, '2023-06-19 23:13:19', 1),
	(3966, '140.213.58.182', 'muhammadhanifarafi@gmail.com3', 29, '2023-06-19 23:34:05', 1),
	(3967, '140.213.58.182', 'ardianita06@gmail.com', 6, '2023-06-19 23:54:06', 1),
	(3968, '140.213.40.153', 'muhammadhanifarafi@gmail.com3', 29, '2023-06-20 06:08:55', 1),
	(3969, '103.189.201.9', 'ardianita06@gmail.com', 6, '2023-06-20 06:44:05', 1),
	(3970, '103.189.201.9', 'ardianita06@gmail.com', 6, '2023-06-20 06:44:06', 1),
	(3971, '140.213.40.153', 'ardianita06@gmail.com', 6, '2023-06-20 07:19:17', 1),
	(3972, '140.213.40.153', 'ardianita06@gmail.com', 6, '2023-06-20 08:43:56', 1),
	(3973, '140.213.40.153', 'lindarahmawati011001@gmail.com', 7, '2023-06-20 08:50:12', 1),
	(3974, '140.213.40.153', 'muhammadhanifarafi@gmail.com3', 29, '2023-06-20 09:11:24', 1),
	(3975, '103.189.201.9', 'ardianita06@gmail.com', NULL, '2023-06-20 09:32:37', 0),
	(3976, '103.189.201.9', 'ardianita06@gmail.com', 6, '2023-06-20 09:32:42', 1),
	(3977, '103.189.201.9', 'ardianita06@gmail.com', 6, '2023-06-20 09:32:44', 1),
	(3978, '103.189.201.9', 'ardianita06@gmail.com', 6, '2023-06-20 09:37:54', 1),
	(3979, '103.189.201.9', 'syauqi2002', NULL, '2023-06-20 09:41:22', 0),
	(3980, '103.189.201.9', 'syauqi2002', NULL, '2023-06-20 09:41:37', 0),
	(3981, '103.189.201.9', 'ardianita06@gmail.com', 6, '2023-06-20 09:41:54', 1),
	(3982, '103.189.201.9', 'pandudwisaputra@student.uns.ac.id', NULL, '2023-06-20 09:43:26', 0),
	(3983, '103.189.201.9', 'ardianita06@gmail.com', 6, '2023-06-20 09:43:37', 1),
	(3984, '103.189.201.9', 'ilham123', NULL, '2023-06-20 09:44:04', 0),
	(3985, '103.189.201.9', 'ilham123@gmail.com', 58, '2023-06-20 09:44:15', 1),
	(3986, '103.189.201.9', 'ardianita06@gmail.com', 6, '2023-06-20 09:44:26', 1),
	(3987, '103.189.201.9', 'ilham123@gmail.com', 58, '2023-06-20 09:45:22', 1),
	(3988, '103.189.201.9', 'ardianita06@gmail.com', 6, '2023-06-20 09:46:09', 1),
	(3989, '140.213.40.153', 'muhammadhanifarafi@gmail.com3', 29, '2023-06-20 11:02:11', 1),
	(3990, '140.213.40.153', 'muhammadhanifarafi@gmail.com3', 29, '2023-06-20 11:15:55', 1),
	(3991, '140.213.40.153', 'ardianita06@gmail.com', 6, '2023-06-20 11:28:21', 1),
	(3992, '140.213.40.153', 'lindarahmawati011001@gmail.com', 7, '2023-06-20 11:30:45', 1),
	(3993, '140.213.40.153', 'ardianita06@gmail.com', 6, '2023-06-20 11:32:37', 1),
	(3994, '140.213.40.153', 'ardianita06@gmail.com', 6, '2023-06-20 12:55:53', 1),
	(3995, '103.162.220.73', 'trisna123@gmail.com', 46, '2023-06-20 13:32:19', 1),
	(3996, '103.162.220.73', 'ardianita06@gmail.com', 6, '2023-06-20 13:34:47', 1),
	(3997, '125.166.8.9', 'ardianita06@gmail.com', 6, '2023-06-20 14:08:51', 1),
	(3998, '103.162.220.73', 'ardianita06@gmail.com', 6, '2023-06-20 14:22:18', 1),
	(3999, '125.166.9.232', 'darmawan123@staff.uns.ac.id', 41, '2023-06-20 14:22:19', 1),
	(4000, '125.166.9.232', 'ardianita06@gmail.com', NULL, '2023-06-20 14:23:27', 0),
	(4001, '125.166.9.232', 'ardianita06@gmail.com', 6, '2023-06-20 14:23:42', 1),
	(4002, '125.166.9.232', 'darmawan123@staff.uns.ac.id', 41, '2023-06-20 14:27:31', 1),
	(4003, '125.166.9.232', 'ardianita06@gmail.com', 6, '2023-06-20 14:58:46', 1),
	(4004, '140.213.40.153', 'ardianita06@gmail.com', 6, '2023-06-20 15:00:19', 1),
	(4005, '125.166.8.9', 'ahmadizulfikar123@gmail.com', 96, '2023-06-20 15:13:36', 1),
	(4006, '125.166.8.9', 'ardianita06@gmail.com', 6, '2023-06-20 15:17:16', 1),
	(4007, '125.166.8.9', 'zulfikar', NULL, '2023-06-20 16:00:42', 0),
	(4008, '125.166.8.9', 'ahmadizulfikar123@gmail.com', 96, '2023-06-20 16:01:00', 1),
	(4009, '125.166.9.232', 'darmawan123@staff.uns.ac.id', 41, '2023-06-20 16:01:37', 1),
	(4010, '125.166.9.232', 'ardianita06@gmail.com', 6, '2023-06-20 16:09:43', 1),
	(4011, '125.166.8.9', 'ardianita06@gmail.com', 6, '2023-06-20 16:12:48', 1),
	(4012, '114.5.109.123', 'ardianita06@gmail.com', 6, '2023-06-20 16:21:43', 1),
	(4013, '125.166.8.9', 'ardianita06@gmail.com', 6, '2023-06-20 16:36:01', 1),
	(4014, '125.166.8.9', 'ardianita06@gmail.com', 6, '2023-06-20 17:09:52', 1),
	(4015, '125.166.8.9', 'ardianita06@gmail.com', 6, '2023-06-20 17:09:53', 1),
	(4016, '125.166.8.9', 'ardianita06@gmail.com', 6, '2023-06-20 18:12:49', 1),
	(4017, '125.166.8.9', 'ahmadizulfikar123@gmail.com', 96, '2023-06-20 18:14:46', 1),
	(4018, '125.166.8.9', 'ardianita06@gmail.com', 6, '2023-06-20 18:15:48', 1),
	(4019, '103.162.220.73', 'ardianita06@gmail.com', 6, '2023-06-20 19:16:48', 1),
	(4020, '103.162.220.73', 'trisna123@gmail.com', 46, '2023-06-20 19:17:34', 1),
	(4021, '114.5.109.123', 'ardianita06@gmail.com', 6, '2023-06-20 20:28:05', 1),
	(4022, '125.164.233.253', 'ardianita06@gmail.com', 6, '2023-06-20 20:38:09', 1),
	(4023, '125.164.233.253', 'ahmadizulfikar123@gmail.com', 96, '2023-06-20 21:32:13', 1),
	(4024, '140.213.40.153', 'ardianita06@gmail.com', 6, '2023-06-20 22:23:43', 1),
	(4025, '140.213.40.153', 'muhammadhanifarafi@gmail.com3', 29, '2023-06-20 22:32:32', 1),
	(4026, '140.213.40.153', 'lindarahmawati011001@gmail.com', 7, '2023-06-20 22:37:37', 1),
	(4027, '140.213.40.153', 'ardianita06@gmail.com', 6, '2023-06-20 22:46:19', 1),
	(4028, '125.164.232.139', 'ardianita06@gmail.com', 6, '2023-06-20 22:47:36', 1),
	(4029, '125.164.232.139', 'trisna123', NULL, '2023-06-20 22:48:46', 0),
	(4030, '125.164.232.139', 'trisna123@gmail.com', 46, '2023-06-20 22:48:54', 1),
	(4031, '125.164.232.139', 'muhammadhanifarafi@gmail.com3', 29, '2023-06-20 22:49:44', 1),
	(4032, '125.164.232.139', 'ardianitafzyh@gmail.com', 28, '2023-06-20 22:57:30', 1),
	(4033, '140.213.40.153', 'muhammadhanifarafi@gmail.com3', 29, '2023-06-20 22:57:53', 1),
	(4034, '140.213.40.153', 'ardianita06@gmail.com', 6, '2023-06-20 23:00:44', 1),
	(4035, '125.164.232.139', 'ardianita06@gmail.com', 6, '2023-06-20 23:05:55', 1),
	(4036, '140.213.40.153', 'lindarahmawati011001@gmail.com', 7, '2023-06-20 23:13:19', 1),
	(4037, '125.164.233.253', 'ahmadizulfikar123@gmail.com', 96, '2023-06-21 01:28:32', 1),
	(4038, '125.164.233.253', 'ardianita06@gmail.com', 6, '2023-06-21 02:26:17', 1),
	(4039, '125.164.233.253', 'zulfikar', NULL, '2023-06-21 02:40:55', 0),
	(4040, '125.164.233.253', 'ahmadizulfikar123@gmail.com', 96, '2023-06-21 02:41:08', 1),
	(4041, '125.164.233.253', 'ardianita06@gmail.com', 6, '2023-06-21 02:43:11', 1),
	(4042, '125.164.233.141', 'ardianita06@gmail.com', 6, '2023-06-21 06:09:04', 1),
	(4043, '125.166.9.232', 'suksesjaya123@gmail.com', 99, '2023-06-21 07:50:32', 1),
	(4044, '125.166.9.232', 'ardianita06@gmail.com', 6, '2023-06-21 07:50:41', 1),
	(4045, '125.166.9.232', 'ivann@gmail.com', 97, '2023-06-21 07:51:00', 1),
	(4046, '125.166.9.232', 'trisna123@gmail.com', 46, '2023-06-21 07:51:22', 1),
	(4047, '125.166.9.232', 'suksesjaya123@gmail.com', 99, '2023-06-21 08:56:19', 1),
	(4048, '125.166.9.232', 'ardianita06@gmail.com', 6, '2023-06-21 08:59:55', 1),
	(4049, '125.166.9.232', 'oktariniarossaa14@student.uns.ac.id', 33, '2023-06-21 09:05:56', 1),
	(4050, '103.184.180.97', 'ardianita06@gmail.com', 6, '2023-06-21 11:06:13', 1),
	(4051, '125.164.233.253', 'ardianita06@gmail.com', 6, '2023-06-21 13:21:45', 1),
	(4052, '125.164.233.253', 'ardianita06@gmail.com', 6, '2023-06-21 13:21:46', 1),
	(4053, '140.213.48.94', 'ardianita06@gmail.com', 6, '2023-06-21 13:30:30', 1),
	(4054, '140.213.48.94', 'muhammadhanifarafi@gmail.com3', 29, '2023-06-21 13:43:35', 1),
	(4055, '140.213.48.94', 'lindarahmawati011001@gmail.com', 7, '2023-06-21 13:52:20', 1),
	(4056, '125.166.9.103', 'ardianita06@gmail.com', 6, '2023-06-21 13:53:59', 1),
	(4057, '125.166.9.103', 'ardianita06@gmail.com', 6, '2023-06-21 13:54:01', 1),
	(4058, '125.166.9.191', 'ardianita06@gmail.com', 6, '2023-06-21 14:01:14', 1),
	(4059, '125.166.9.191', 'ardianita06@gmail.com', 6, '2023-06-21 15:05:29', 1),
	(4060, '103.184.180.97', 'ardianita06@gmail.com', 6, '2023-06-21 16:55:17', 1),
	(4061, '103.184.180.97', 'ardianita06@gmail.com', 6, '2023-06-21 17:29:32', 1),
	(4062, '140.213.44.5', 'ardianita06@gmail.com', 6, '2023-06-21 17:36:14', 1),
	(4063, '140.213.44.5', 'nitt', NULL, '2023-06-21 17:39:21', 0),
	(4064, '140.213.44.5', 'ardianita06@gmail.com', 6, '2023-06-21 18:05:55', 1),
	(4065, '140.213.44.5', 'ardianita06@gmail.com', 6, '2023-06-21 19:00:15', 1),
	(4066, '103.184.180.97', 'ardianita06@gmail.com', 6, '2023-06-21 19:15:13', 1),
	(4067, '125.166.9.103', 'ardianita06@gmail.com', 6, '2023-06-21 20:06:11', 1),
	(4068, '140.213.44.5', 'ardianita06@gmail.com', 6, '2023-06-21 20:08:31', 1),
	(4069, '140.213.44.5', 'lindarahmawati011001@gmail.com', 7, '2023-06-21 20:20:52', 1),
	(4070, '140.213.44.5', 'ardianita06@gmail.com', 6, '2023-06-21 20:24:26', 1),
	(4071, '140.213.44.5', 'lindarahmawati011001@gmail.com', 7, '2023-06-21 20:27:12', 1),
	(4072, '140.213.44.5', 'ardianita06@gmail.com', 6, '2023-06-21 20:35:45', 1),
	(4073, '103.162.220.73', 'okta14', NULL, '2023-06-21 20:37:33', 0),
	(4074, '103.162.220.73', 'oktariniarossaa14@student.uns.ac.id', 33, '2023-06-21 20:37:40', 1),
	(4075, '103.184.180.97', 'ardianita06@gmail.com', 6, '2023-06-21 20:37:57', 1),
	(4076, '140.213.44.5', 'lindarahmawati011001@gmail.com', 7, '2023-06-21 20:38:05', 1),
	(4077, '103.184.180.97', 'ardianita06@gmail.com', NULL, '2023-06-21 20:58:50', 0),
	(4078, '103.184.180.97', 'ardianita06@gmail.com', 6, '2023-06-21 20:59:13', 1),
	(4079, '103.162.220.73', 'trisna123@gmail.com', 46, '2023-06-21 21:05:56', 1),
	(4080, '140.213.44.5', 'lindarahmawati011001@gmail.com', 7, '2023-06-21 21:22:38', 1),
	(4081, '140.213.44.5', 'muhammadhanifarafi@gmail.com3', 29, '2023-06-21 21:24:40', 1),
	(4082, '103.189.201.9', 'ardianita06@gmail.com', 6, '2023-06-21 21:26:18', 1),
	(4083, '103.189.201.9', 'ardianita06@gmail.com', 6, '2023-06-21 21:26:19', 1),
	(4084, '140.213.44.5', 'lindarahmawati011001@gmail.com', 7, '2023-06-21 21:28:21', 1),
	(4085, '103.162.220.73', 'trisna123@gmail.com', 46, '2023-06-21 22:26:36', 1),
	(4086, '103.162.220.73', 'pilihjurusan@gmail.com', 110, '2023-06-21 22:29:54', 1),
	(4087, '103.162.220.73', 'ardianita06@gmail.com', 6, '2023-06-21 22:31:11', 1),
	(4088, '140.213.44.5', 'lindarahmawati011001@gmail.com', 7, '2023-06-21 22:33:26', 1),
	(4089, '140.213.44.5', 'nitt', NULL, '2023-06-21 22:37:50', 0),
	(4090, '114.5.103.192', 'ardianita06@gmail.com', 6, '2023-06-21 22:37:55', 1),
	(4091, '140.213.44.5', 'ardianita06@gmail.com', 6, '2023-06-21 22:37:59', 1),
	(4092, '140.213.44.5', 'muhammadhanifarafi@gmail.com3', 29, '2023-06-21 22:47:20', 1),
	(4093, '140.213.44.5', 'ardianita06@gmail.com', 6, '2023-06-21 22:51:28', 1),
	(4094, '140.213.44.5', 'lindarahmawati011001@gmail.com', 7, '2023-06-21 22:54:01', 1),
	(4095, '140.213.44.5', 'ardianita06@gmail.com', 6, '2023-06-21 22:59:33', 1),
	(4096, '140.213.44.5', 'muhammadhanifarafi@gmail.com3', 29, '2023-06-21 23:11:14', 1),
	(4097, '140.213.44.5', 'lindarahmawati011001@gmail.com', 7, '2023-06-21 23:14:47', 1),
	(4098, '140.213.44.5', 'ardianita06@gmail.com', 6, '2023-06-21 23:19:36', 1),
	(4099, '140.213.44.5', 'muhammadhanifarafi@gmail.com3', 29, '2023-06-21 23:23:38', 1),
	(4100, '182.253.217.157', 'ahmatnurwakit@staff.uns.ac.id', 44, '2023-06-22 02:07:05', 1),
	(4101, '112.215.242.156', 'ardianita06@gmail.com', 6, '2023-06-22 05:57:29', 1),
	(4102, '112.215.242.156', 'lindarahmawati011001@gmail.com', 7, '2023-06-22 06:00:37', 1),
	(4103, '112.215.242.156', 'ardianita06@gmail.com', 6, '2023-06-22 06:11:45', 1),
	(4104, '114.5.103.192', 'ardianita06@gmail.com', 6, '2023-06-22 06:51:18', 1),
	(4105, '114.5.103.192', 'ardianita06@gmail.com', 6, '2023-06-22 07:36:59', 1),
	(4106, '114.5.103.192', 'ardianita06@gmail.com', 6, '2023-06-22 07:37:00', 1),
	(4107, '103.132.230.70', 'ardianita06@gmail.com', 6, '2023-06-22 09:20:58', 1),
	(4108, '103.184.180.97', 'ardianita06@gmail.com', 6, '2023-06-22 14:03:20', 1),
	(4109, '103.184.180.97', 'ardianita06@gmail.com', 6, '2023-06-22 14:07:59', 1),
	(4110, '112.215.242.17', 'ardianita06@gmail.com', 6, '2023-06-22 14:41:24', 1),
	(4111, '112.215.242.17', 'ardianita06@gmail.com', 6, '2023-06-22 14:59:50', 1),
	(4112, '103.184.180.97', 'ardianita06@gmail.com', 6, '2023-06-22 15:03:30', 1),
	(4113, '112.215.242.17', 'ardianita06@gmail.com', 6, '2023-06-22 15:12:24', 1),
	(4114, '103.184.180.97', 'ardianita06@gmail.com', 6, '2023-06-22 15:40:34', 1),
	(4115, '103.189.201.9', 'ardianita06@gmail.com', 6, '2023-06-22 16:08:55', 1),
	(4116, '103.189.201.9', 'ardianita06@gmail.com', 6, '2023-06-22 16:08:59', 1),
	(4117, '103.189.201.9', 'ardianita06@gmail.com', 6, '2023-06-22 16:09:03', 1),
	(4118, '103.189.201.9', 'ardianita06@gmail.com', 6, '2023-06-22 16:09:04', 1),
	(4119, '103.184.180.97', 'ardianita06@gmail.com', 6, '2023-06-22 17:31:40', 1),
	(4120, '103.184.180.97', 'zulfikar', NULL, '2023-06-22 17:32:51', 0),
	(4121, '103.184.180.97', 'ahmadizulfikar123@gmail.com', 96, '2023-06-22 17:33:01', 1),
	(4122, '103.184.180.97', 'ardianita06@gmail.com', 6, '2023-06-22 17:51:16', 1),
	(4123, '103.184.180.97', 'ardianita06@gmail.com', 6, '2023-06-22 17:51:17', 1),
	(4124, '103.162.220.73', 'ardianita06@gmail.com', 6, '2023-06-22 18:17:16', 1),
	(4125, '103.162.220.73', 'ahmadizulfikar123@gmail.com', 96, '2023-06-22 18:18:31', 1),
	(4126, '103.189.201.9', 'ardianita06@gmail.com', 6, '2023-06-22 18:45:17', 1),
	(4127, '103.162.220.73', 'trisna123@gmail.com', 46, '2023-06-22 18:54:01', 1),
	(4128, '103.162.220.73', 'pilihjurusan@gmail.com', 110, '2023-06-22 18:56:44', 1),
	(4129, '182.253.217.157', 'ahmatnurwakit@staff.uns.ac.id', 44, '2023-06-22 19:46:54', 1),
	(4130, '103.162.220.73', 'ahmadizulfikar123@gmail.com', 96, '2023-06-22 19:48:04', 1),
	(4131, '103.162.220.73', 'trisna123@gmail.com', 46, '2023-06-22 19:48:26', 1),
	(4132, '103.162.220.73', 'pilihjurusan@gmail.com', 110, '2023-06-22 19:55:38', 1),
	(4133, '103.132.230.70', 'ardianita06@gmail.com', 6, '2023-06-22 20:03:45', 1),
	(4134, '103.132.230.70', 'rendratrikusuma@student.uns.ac.id', 3, '2023-06-22 20:04:32', 1),
	(4135, '118.99.83.94', 'ahmatnurwakit@staff.uns.ac.id', 44, '2023-06-22 20:29:05', 1),
	(4136, '103.162.220.73', 'trisna123@gmail.com', 46, '2023-06-22 20:44:00', 1),
	(4137, '112.215.242.17', 'lindarahmawati011001@gmail.com', 7, '2023-06-22 20:52:23', 1),
	(4138, '112.215.242.17', 'ardianita06@gmail.com', 6, '2023-06-22 21:05:37', 1),
	(4139, '103.162.220.73', 'pilihjurusan@gmail.com', 110, '2023-06-22 21:15:46', 1),
	(4140, '182.253.217.157', 'ahmatnurwakit@staff.uns.ac.id', 44, '2023-06-22 22:00:57', 1),
	(4141, '112.215.173.141', 'ardianita06@gmail.com', 6, '2023-06-22 22:10:34', 1),
	(4142, '182.253.217.157', 'ardianita06@gmail.com', 6, '2023-06-22 22:25:27', 1),
	(4143, '112.215.173.141', 'lindarahmawati011001@gmail.com', 7, '2023-06-22 22:33:27', 1),
	(4144, '112.215.173.141', 'muhammadhanifarafi@gmail.com3', 29, '2023-06-22 22:36:44', 1),
	(4145, '112.215.173.141', 'lindarahmawati011001@gmail.com', 7, '2023-06-22 22:37:13', 1),
	(4146, '112.215.173.141', 'ardianita06@gmail.com', 6, '2023-06-22 22:43:30', 1),
	(4147, '182.253.217.157', 'wibiatisekark@student.uns.ac.id', 34, '2023-06-22 22:43:48', 1),
	(4148, '182.253.217.157', 'ahmatnurwakit@staff.uns.ac.id', 44, '2023-06-22 22:48:13', 1),
	(4149, '182.253.217.157', 'ahmatnurwakit@staff.uns.ac.id', 44, '2023-06-22 22:48:13', 1),
	(4150, '182.253.217.157', 'ahmatnurwakit@staff.uns.ac.id', 44, '2023-06-22 22:48:14', 1),
	(4151, '114.5.103.192', 'ardianita06@gmail.com', 6, '2023-06-22 22:50:43', 1),
	(4152, '112.215.173.141', 'muhammadhanifarafi@gmail.com3', 29, '2023-06-22 22:52:48', 1),
	(4153, '112.215.173.141', 'lindarahmawati011001@gmail.com', 7, '2023-06-22 22:54:02', 1),
	(4154, '112.215.173.141', 'muhammadhanifarafi@gmail.com3', 29, '2023-06-22 22:58:04', 1),
	(4155, '112.215.173.141', 'lindarahmawati011001@gmail.com', 7, '2023-06-22 22:59:43', 1),
	(4156, '112.215.173.141', 'ardianita06@gmail.com', 6, '2023-06-22 23:00:58', 1),
	(4157, '112.215.173.141', 'lindarahmawati011001@gmail.com', 7, '2023-06-22 23:01:55', 1),
	(4158, '112.215.173.141', 'ardianita06@gmail.com', 6, '2023-06-22 23:04:06', 1),
	(4159, '182.253.217.157', 'ardianita06@gmail.com', 6, '2023-06-22 23:13:39', 1),
	(4160, '112.215.173.141', 'muhammadhanifarafi@gmail.com3', 29, '2023-06-22 23:14:00', 1),
	(4161, '182.253.217.157', 'tantrisetiani@student.uns.ac.id', 109, '2023-06-22 23:15:25', 1),
	(4162, '112.215.173.141', 'lindarahmawati011001@gmail.com', 7, '2023-06-22 23:16:10', 1),
	(4163, '118.99.83.94', 'ahmatnurwakit@staff.uns.ac.id', 44, '2023-06-22 23:16:14', 1),
	(4164, '112.215.173.141', 'ardianita06@gmail.com', 6, '2023-06-22 23:18:22', 1),
	(4165, '112.215.173.141', 'lindarahmawati011001@gmail.com', 7, '2023-06-22 23:21:44', 1),
	(4166, '112.215.173.141', 'ardianita06@gmail.com', 6, '2023-06-22 23:27:02', 1),
	(4167, '125.166.9.191', 'ahmadizulfikar123@gmail.com', 96, '2023-06-23 07:02:07', 1),
	(4168, '125.166.9.232', 'ahmadizulfikar123@gmail.com', 96, '2023-06-23 09:20:52', 1),
	(4169, '114.5.103.192', 'ardianita06@gmail.com', 6, '2023-06-23 10:16:22', 1),
	(4170, '125.166.9.232', 'ahmadizulfikar123@gmail.com', 96, '2023-06-23 10:19:06', 1),
	(4171, '125.166.9.232', 'trisna123@gmail.com', 46, '2023-06-23 10:21:34', 1),
	(4172, '125.166.9.232', 'pilihjurusan@gmail.com', 110, '2023-06-23 10:30:03', 1),
	(4173, '125.166.9.232', 'trisna123@gmail.com', 46, '2023-06-23 10:32:37', 1),
	(4174, '125.166.9.232', 'okta14', NULL, '2023-06-23 10:37:05', 0),
	(4175, '125.166.9.232', 'oktariniarossaa14@student.uns.ac.id', 33, '2023-06-23 10:37:22', 1),
	(4176, '125.166.9.232', 'ardianita06@gmail.com', 6, '2023-06-23 10:41:12', 1),
	(4177, '125.166.9.232', 'ahmadizulfikar123@student.uns.ac.id', NULL, '2023-06-23 10:55:12', 0),
	(4178, '125.166.9.232', 'ardianita06@gmail.com', 6, '2023-06-23 10:55:31', 1),
	(4179, '125.166.9.232', 'ahmatnurwakit@staff.uns.ac.id', 44, '2023-06-23 12:28:52', 1),
	(4180, '125.166.9.232', 'wibiatisekark@student.uns.ac.id', 34, '2023-06-23 12:30:42', 1),
	(4181, '125.166.9.232', 'tantrisetiani@student.uns.ac.id', 109, '2023-06-23 12:34:59', 1),
	(4182, '125.166.9.232', 'ardianita06@gmail.com', 6, '2023-06-23 13:08:22', 1),
	(4183, '112.215.243.193', 'ardianita06@gmail.com', 6, '2023-06-23 13:29:00', 1),
	(4184, '125.166.9.232', 'ardianita06@gmail.com', 6, '2023-06-23 14:17:01', 1),
	(4185, '125.166.9.232', 'ahmatnurwakit@staff.uns.ac.id', 44, '2023-06-23 15:01:46', 1),
	(4186, '125.166.9.232', 'wibiatisekark@student.uns.ac.id', 34, '2023-06-23 15:04:30', 1),
	(4187, '112.215.154.92', 'ardianita06@gmail.com', 6, '2023-06-23 21:48:54', 1),
	(4188, '182.2.72.228', 'ardianita06@gmail.com', 6, '2023-06-23 22:07:39', 1),
	(4189, '182.2.72.228', 'koordinatorkmm@gmail.com', 116, '2023-06-23 22:41:17', 1),
	(4190, '182.253.217.157', 'ahmatnurwakit@staff.uns.ac.id', 44, '2023-06-23 22:50:18', 1),
	(4191, '118.99.83.94', 'ardianita06@gmail.com', 6, '2023-06-23 23:09:39', 1),
	(4192, '182.253.217.157', 'ahmatnurwakit@staff.uns.ac.id', 44, '2023-06-23 23:23:56', 1),
	(4193, '182.253.217.157', 'wibiatisekark@student.uns.ac.id', 34, '2023-06-23 23:37:27', 1),
	(4194, '182.2.72.240', 'koordinatorkmm@gmail.com', 116, '2023-06-24 05:26:36', 1),
	(4195, '114.5.103.192', 'ardianita06@gmail.com', 6, '2023-06-24 15:17:31', 1),
	(4196, '103.189.201.9', 'ahmadyunus123@gmail.com', 88, '2023-06-24 15:29:00', 1),
	(4197, '103.189.201.9', 'ahmadyunus123@gmail.com', 88, '2023-06-24 15:29:08', 1),
	(4198, '203.78.117.239', 'muhammadhanifarafi@gmail.com3', 29, '2023-06-24 15:29:18', 1),
	(4199, '103.189.201.9', 'ahmadyunus123@gmail.com', 88, '2023-06-24 15:29:22', 1),
	(4200, '103.189.201.9', 'ahmadyunus123@gmail.com', 88, '2023-06-24 15:29:30', 1),
	(4201, '103.189.201.9', 'ahmadyunus123@gmail.com', 88, '2023-06-24 15:29:35', 1),
	(4202, '103.189.201.9', 'ahmadyunus123@gmail.com', 88, '2023-06-24 15:29:39', 1),
	(4203, '103.189.201.9', 'ahmadyunus123@gmail.com', 88, '2023-06-24 15:29:42', 1),
	(4204, '103.189.201.9', 'ahmadyunus123@gmail.com', 88, '2023-06-24 15:29:46', 1),
	(4205, '103.189.201.9', 'ahmadyunus123@gmail.com', 88, '2023-06-24 15:29:48', 1),
	(4206, '103.189.201.9', 'ahmadyunus123@gmail.com', 88, '2023-06-24 15:29:50', 1),
	(4207, '203.78.117.239', 'ardianita06@gmail.com', 6, '2023-06-24 15:45:30', 1),
	(4208, '103.189.201.9', 'trisna123@gmail.com', 46, '2023-06-24 15:57:03', 1),
	(4209, '103.189.201.9', 'trisna123@gmail.com', 46, '2023-06-24 15:57:08', 1),
	(4210, '103.189.201.9', 'trisna123@gmail.com', 46, '2023-06-24 15:57:11', 1),
	(4211, '103.189.201.9', 'trisna123@gmail.com', 46, '2023-06-24 15:57:16', 1),
	(4212, '103.189.201.9', 'trisna123@gmail.com', 46, '2023-06-24 15:57:17', 1),
	(4213, '103.189.201.9', 'ardianita06@gmail.com', 6, '2023-06-24 16:01:38', 1),
	(4214, '103.189.201.9', 'ardianita06@gmail.com', 6, '2023-06-24 16:01:49', 1),
	(4215, '103.189.201.9', 'ardianita06@gmail.com', 6, '2023-06-24 16:01:54', 1),
	(4216, '103.189.201.9', 'ardianita06@gmail.com', 6, '2023-06-24 16:03:13', 1),
	(4217, '103.189.201.9', 'ardianita06@gmail.com', 6, '2023-06-24 16:03:15', 1),
	(4218, '103.189.201.9', 'muhammadhanifarafi@student.uns.ac.id', 23, '2023-06-24 16:03:38', 1),
	(4219, '114.5.103.192', 'ardianita06@gmail.com', 6, '2023-06-24 18:23:43', 1),
	(4220, '120.188.79.87', 'ardianita06@gmail.com', 6, '2023-06-24 22:32:03', 1),
	(4221, '120.188.79.87', 'ardianita06@gmail.com', 6, '2023-06-24 22:32:09', 1),
	(4222, '140.213.219.234', 'ardianita06@gmail.com', 6, '2023-06-24 23:41:00', 1),
	(4223, '125.164.235.18', 'ardianita06@gmail.com', 6, '2023-06-25 06:48:34', 1),
	(4224, '125.164.235.18', 'ardianita06@gmail.com', 6, '2023-06-25 06:48:55', 1),
	(4225, '120.188.79.87', 'ardianita06@gmail.com', 6, '2023-06-25 07:37:33', 1),
	(4226, '182.2.72.240', 'koordinatorkmm@gmail.com', 116, '2023-06-25 08:25:39', 1),
	(4227, '182.2.72.240', 'ardianita06@gmail.com', 6, '2023-06-25 08:34:19', 1),
	(4228, '182.2.72.240', 'ahmatnurwakit@staff.uns.ac.id', 44, '2023-06-25 08:35:05', 1),
	(4229, '182.2.72.240', 'koordinatorkmm@gmail.com', 116, '2023-06-25 08:52:25', 1),
	(4230, '182.2.72.240', 'koordinatorkmm@gmail.com', 116, '2023-06-25 09:53:19', 1),
	(4231, '140.213.58.181', 'ardianita06@gmail.com', 6, '2023-06-25 10:36:15', 1),
	(4232, '182.2.72.240', 'trisna123@gmail.com', 46, '2023-06-25 11:11:40', 1),
	(4233, '120.188.79.87', 'ardianita06@gmail.com', 6, '2023-06-25 11:59:32', 1),
	(4234, '120.188.79.87', 'ardianita06@gmail.com', 6, '2023-06-25 11:59:40', 1),
	(4235, '103.31.240.4', 'ahmatnurwakit@staff.uns.ac.id', 44, '2023-06-25 12:37:42', 1),
	(4236, '120.188.79.87', 'ardianita06@gmail.com', 6, '2023-06-25 12:39:54', 1),
	(4237, '120.188.79.87', 'ardianita06@gmail.com', 6, '2023-06-25 12:39:58', 1),
	(4238, '182.2.72.211', 'koordinatorkmm@gmail.com', 116, '2023-06-25 15:11:58', 1),
	(4239, '103.162.220.73', 'nitt', NULL, '2023-06-25 19:47:09', 0),
	(4240, '103.162.220.73', 'ardianita06@gmail.com', 6, '2023-06-25 19:47:26', 1),
	(4241, '103.162.220.73', 'koor-mbkm', NULL, '2023-06-25 20:39:33', 0),
	(4242, '103.162.220.73', 'koormbkm@gmail.com', 117, '2023-06-25 20:42:05', 1),
	(4243, '103.162.220.73', 'koordinatorkmm@gmail.com', 116, '2023-06-25 20:46:03', 1),
	(4244, '112.215.241.100', 'ardianita06@gmail.com', 6, '2023-06-25 21:46:44', 1),
	(4245, '112.215.241.100', 'lindarahmawati011001@gmail.com', 7, '2023-06-25 21:51:38', 1),
	(4246, '103.162.220.73', 'ardianita06@gmail.com', 6, '2023-06-25 22:06:43', 1),
	(4247, '112.215.241.100', 'ardianita06@gmail.com', 6, '2023-06-25 22:11:52', 1),
	(4248, '112.215.241.100', 'muhammadhanifarafi@gmail.com3', 29, '2023-06-25 22:17:40', 1),
	(4249, '112.215.241.100', 'ardianita06@gmail.com', 6, '2023-06-25 22:19:20', 1),
	(4250, '112.215.241.100', 'muhammadhanifarafi@gmail.com3', 29, '2023-06-25 22:23:26', 1),
	(4251, '112.215.241.100', 'ardianita06@gmail.com', 6, '2023-06-25 22:26:32', 1),
	(4252, '112.215.241.100', 'lindarahmawati011001@gmail.com', 7, '2023-06-25 22:27:55', 1),
	(4253, '112.215.241.100', 'trisna123', NULL, '2023-06-25 22:34:24', 0),
	(4254, '112.215.241.100', 'trisna123', NULL, '2023-06-25 22:34:47', 0),
	(4255, '112.215.241.100', 'yusuf123', NULL, '2023-06-25 22:35:06', 0),
	(4256, '120.188.79.87', 'ardianita06@gmail.com', 6, '2023-06-26 00:11:58', 1),
	(4257, '120.188.79.87', 'ardianita06@gmail.com', 6, '2023-06-26 00:12:07', 1),
	(4258, '125.166.9.232', 'ardianita06@gmail.com', 6, '2023-06-26 08:10:19', 1),
	(4259, '125.166.9.232', 'ardianita06@gmail.com', 6, '2023-06-26 08:23:03', 1),
	(4260, '125.166.9.232', 'lindarahmawati011001@gmail.com', 7, '2023-06-26 08:28:28', 1),
	(4261, '125.166.9.232', 'ardianita06@gmail.com', 6, '2023-06-26 08:37:09', 1),
	(4262, '125.166.9.232', 'muhammadhanifarafi@gmail.com3', 29, '2023-06-26 08:43:48', 1),
	(4263, '125.166.9.232', 'ardianita06@gmail.com', 6, '2023-06-26 08:48:47', 1),
	(4264, '125.166.9.232', 'wibiatisekark@student.uns.ac.id', NULL, '2023-06-26 12:48:45', 0),
	(4265, '125.166.9.232', 'wibiatisekark@student.uns.ac.id', 34, '2023-06-26 12:49:06', 1),
	(4266, '182.2.79.158', 'ardianita06@gmail.com', 6, '2023-06-26 13:27:48', 1),
	(4267, '182.2.79.158', 'koordinatorkmm@gmail.com', 116, '2023-06-26 13:52:28', 1),
	(4268, '182.2.79.158', 'suksesjaya123@gmail.com', 99, '2023-06-26 14:26:29', 1),
	(4269, '103.23.224.172', 'ardianita06@gmail.com', 6, '2023-06-26 14:51:00', 1),
	(4270, '120.188.85.31', 'ardianita06@gmail.com', 6, '2023-06-26 15:04:49', 1),
	(4271, '120.188.85.31', 'ardianita06@gmail.com', 6, '2023-06-26 15:05:00', 1),
	(4272, '103.162.220.73', 'ardianita06@gmail.com', 6, '2023-06-26 15:34:35', 1),
	(4273, '114.10.18.213', 'ardianita06@gmail.com', 6, '2023-06-26 16:33:19', 1),
	(4274, '182.2.79.158', 'ardianita06@gmail.com', 6, '2023-06-26 16:50:01', 1),
	(4275, '103.162.220.73', 'ardianita06@gmail.com', 6, '2023-06-26 17:06:06', 1),
	(4276, '114.10.18.213', 'ardianita06@gmail.com', 6, '2023-06-26 17:24:44', 1),
	(4277, '114.10.18.213', 'ardianita06@gmail.com', 6, '2023-06-26 17:24:57', 1),
	(4278, '114.10.18.213', 'ardianita06@gmail.com', 6, '2023-06-26 17:25:01', 1),
	(4279, '114.10.18.213', 'ardianita06@gmail.com', 6, '2023-06-26 17:25:02', 1),
	(4280, '114.10.18.213', 'ardianita06@gmail.com', 6, '2023-06-26 17:25:04', 1),
	(4281, '114.10.18.213', 'ardianita06@gmail.com', 6, '2023-06-26 17:25:04', 1),
	(4282, '114.10.18.213', 'ardianita06@gmail.com', 6, '2023-06-26 17:25:06', 1),
	(4283, '114.10.18.213', 'ardianita06@gmail.com', 6, '2023-06-26 17:25:09', 1),
	(4284, '114.10.18.213', 'ardianita06@gmail.com', 6, '2023-06-26 17:25:09', 1),
	(4285, '114.10.18.213', 'ardianita06@gmail.com', 6, '2023-06-26 17:25:12', 1),
	(4286, '114.10.18.213', 'ardianita06@gmail.com', 6, '2023-06-26 17:25:12', 1),
	(4287, '114.10.18.213', 'ardianita06@gmail.com', 6, '2023-06-26 17:25:15', 1),
	(4288, '114.10.18.213', 'ardianita06@gmail.com', 6, '2023-06-26 17:25:15', 1),
	(4289, '114.10.18.213', 'ardianita06@gmail.com', 6, '2023-06-26 17:25:16', 1),
	(4290, '114.10.18.213', 'ardianita06@gmail.com', 6, '2023-06-26 17:25:16', 1),
	(4291, '114.10.18.213', 'ardianita06@gmail.com', 6, '2023-06-26 17:25:16', 1),
	(4292, '114.10.18.213', 'ardianita06@gmail.com', 6, '2023-06-26 17:25:20', 1),
	(4293, '114.10.18.213', 'ardianita06@gmail.com', 6, '2023-06-26 17:25:20', 1),
	(4294, '114.10.18.213', 'ardianita06@gmail.com', 6, '2023-06-26 17:25:20', 1),
	(4295, '114.10.18.213', 'ardianita06@gmail.com', 6, '2023-06-26 17:25:23', 1),
	(4296, '114.10.18.213', 'ardianita06@gmail.com', 6, '2023-06-26 17:25:23', 1),
	(4297, '114.10.18.213', 'ardianita06@gmail.com', 6, '2023-06-26 17:25:23', 1),
	(4298, '114.10.18.213', 'ardianita06@gmail.com', 6, '2023-06-26 17:25:23', 1),
	(4299, '114.10.18.213', 'ardianita06@gmail.com', 6, '2023-06-26 17:25:23', 1),
	(4300, '114.10.18.213', 'ardianita06@gmail.com', 6, '2023-06-26 17:25:24', 1),
	(4301, '114.10.18.213', 'ardianita06@gmail.com', 6, '2023-06-26 17:25:24', 1),
	(4302, '114.10.18.213', 'ardianita06@gmail.com', 6, '2023-06-26 17:25:24', 1),
	(4303, '114.10.18.213', 'ardianita06@gmail.com', 6, '2023-06-26 17:25:24', 1),
	(4304, '103.184.180.97', 'ardianita06@gmail.com', 6, '2023-06-26 18:26:43', 1),
	(4305, '103.184.180.97', 'ardianita06@gmail.com', 6, '2023-06-26 19:06:40', 1),
	(4306, '182.2.79.158', 'ardianita06@gmail.com', 6, '2023-06-26 19:30:29', 1),
	(4307, '182.2.79.158', 'ardianita06@gmail.com', 6, '2023-06-26 20:07:53', 1),
	(4308, '140.213.57.5', 'ardianita06@gmail.com', 6, '2023-06-26 22:26:37', 1),
	(4309, '112.215.172.57', 'ardianita06@gmail.com', 6, '2023-06-27 07:45:13', 1),
	(4310, '182.2.79.158', 'koordinator-kmm', NULL, '2023-06-27 07:55:37', 0),
	(4311, '182.2.79.158', 'koordinatorkmm@gmail.com', 116, '2023-06-27 07:56:09', 1),
	(4312, '182.2.79.158', 'koordinatorkmm@gmail.com', 116, '2023-06-27 08:17:17', 1),
	(4313, '182.2.79.158', 'koordinatorkmm@gmail.com', 116, '2023-06-27 08:43:21', 1),
	(4314, '182.2.79.158', 'ardianita06@gmail.com', 6, '2023-06-27 08:43:39', 1),
	(4315, '182.2.79.158', 'ahmatnurwakit@staff.uns.ac.id', 44, '2023-06-27 08:44:33', 1),
	(4316, '182.2.79.158', 'suksesjaya123@gmail.com', 99, '2023-06-27 08:57:14', 1),
	(4317, '112.215.172.57', 'lindarahmawati011001@gmail.com', 7, '2023-06-27 09:28:11', 1),
	(4318, '182.2.79.158', 'koordinatorkmm@gmail.com', 116, '2023-06-27 09:34:17', 1),
	(4319, '182.2.79.158', 'muhammadhanifarafi@gmail.com3', 29, '2023-06-27 09:50:59', 1),
	(4320, '182.2.79.158', 'koordinatorkmm@gmail.com', 116, '2023-06-27 10:38:22', 1),
	(4321, '103.132.230.69', 'ardianita06@gmail.com', 6, '2023-06-27 10:54:44', 1),
	(4322, '182.2.79.158', 'ivann@gmail.com', 97, '2023-06-27 11:19:42', 1),
	(4323, '103.23.224.172', 'ardianita06@gmail.com', 6, '2023-06-27 11:20:07', 1),
	(4324, '103.23.224.172', 'ahmadyunus123', NULL, '2023-06-27 11:21:14', 0),
	(4325, '103.23.224.172', 'ahmadyunus123@gmail.com', 88, '2023-06-27 11:21:21', 1),
	(4326, '182.2.79.158', 'ardianita06@gmail.com', 6, '2023-06-27 11:26:03', 1),
	(4327, '182.2.79.158', 'fajri2002', NULL, '2023-06-27 11:26:57', 0),
	(4328, '182.2.79.158', 'fajri2002', NULL, '2023-06-27 11:27:12', 0),
	(4329, '182.2.79.158', 'muhammadhanifarafi@student.uns.ac.id', 23, '2023-06-27 11:27:22', 1),
	(4330, '182.2.79.158', 'trisna123@gmail.com', 46, '2023-06-27 11:28:42', 1),
	(4331, '182.2.79.158', 'ardianita06@gmail.com', 6, '2023-06-27 11:38:08', 1),
	(4332, '112.215.172.57', 'muhammadhanifarafi@gmail.com3', 29, '2023-06-27 11:56:38', 1),
	(4333, '112.215.172.57', 'nitt', NULL, '2023-06-27 12:01:57', 0),
	(4334, '112.215.172.57', 'ardianita06@gmail.com', 6, '2023-06-27 12:02:17', 1),
	(4335, '120.188.85.31', 'ardianita06@gmail.com', 6, '2023-06-27 12:14:20', 1),
	(4336, '120.188.85.31', 'ardianita06@gmail.com', 6, '2023-06-27 12:46:26', 1),
	(4337, '182.2.79.158', 'koordinatorkmm@gmail.com', 116, '2023-06-27 12:54:45', 1),
	(4338, '182.2.79.158', 'trisna123@gmail.com', 46, '2023-06-27 13:08:20', 1),
	(4339, '103.132.230.69', 'ardianita06@gmail.com', 6, '2023-06-27 13:37:34', 1),
	(4340, '103.132.230.69', 'ardianita06@gmail.com', 6, '2023-06-27 13:37:36', 1),
	(4341, '103.132.230.69', 'ardianita06@gmail.com', 6, '2023-06-27 13:37:51', 1),
	(4342, '120.188.85.31', 'ardianita06@gmail.com', 6, '2023-06-27 17:47:27', 1),
	(4343, '182.2.79.158', 'koordinatorkmm@gmail.com', 116, '2023-06-27 19:55:57', 1),
	(4344, '182.2.79.158', 'ivann@gmail.com', 97, '2023-06-27 20:00:56', 1),
	(4345, '182.2.79.158', 'trisna123@gmail.com', 46, '2023-06-27 20:03:14', 1),
	(4346, '182.2.79.158', 'ivann@gmail.com', 97, '2023-06-27 20:04:39', 1),
	(4347, '120.188.85.31', 'ardianita06@gmail.com', 6, '2023-06-27 20:14:57', 1),
	(4348, '112.215.172.231', 'ardianita06@gmail.com', 6, '2023-06-27 21:05:03', 1),
	(4349, '112.215.172.231', 'yeiko123', NULL, '2023-06-27 21:05:46', 0),
	(4350, '112.215.172.231', 'muhammadhanifarafi@gmail.com3', 29, '2023-06-27 21:06:01', 1),
	(4351, '112.215.172.231', 'muhammadhanifarafi@gmail.com3', 29, '2023-06-27 21:53:37', 1),
	(4352, '120.188.85.31', 'ardianita06@gmail.com', 6, '2023-06-27 22:02:33', 1),
	(4353, '112.215.172.231', 'muhammadhanifarafi@gmail.com3', 29, '2023-06-27 22:43:24', 1),
	(4354, '120.188.85.31', 'ardianita06@gmail.com', 6, '2023-06-27 23:49:39', 1),
	(4355, '120.188.85.31', 'ardianita06@gmail.com', 6, '2023-06-28 06:39:53', 1),
	(4356, '140.213.48.9', 'yeiko123', NULL, '2023-06-28 08:15:22', 0),
	(4357, '140.213.48.9', 'muhammadhanifarafi@gmail.com3', 29, '2023-06-28 08:15:45', 1),
	(4358, '120.188.85.31', 'ardianita06@gmail.com', 6, '2023-06-28 08:18:28', 1),
	(4359, '120.188.85.31', 'ardianita06@gmail.com', 6, '2023-06-28 09:09:08', 1),
	(4360, '120.188.85.31', 'ardianita06@gmail.com', 6, '2023-06-28 09:09:20', 1),
	(4361, '140.213.48.9', 'muhammadhanifarafi@gmail.com3', 29, '2023-06-28 09:28:53', 1),
	(4362, '182.2.84.243', 'ardianita06@gmail.com', 6, '2023-06-28 11:43:34', 1),
	(4363, '120.188.85.31', 'ardianita06@gmail.com', 6, '2023-06-28 12:34:37', 1),
	(4364, '120.188.85.31', 'ardianita06@gmail.com', 6, '2023-06-28 12:34:42', 1),
	(4365, '182.2.84.243', 'ardianita06@gmail.com', 6, '2023-06-28 13:20:34', 1),
	(4366, '140.213.48.9', 'ardianita06@gmail.com', 6, '2023-06-28 13:37:11', 1),
	(4367, '120.188.85.31', 'ardianita06@gmail.com', 6, '2023-06-28 17:16:37', 1),
	(4368, '120.188.85.31', 'ardianita06@gmail.com', 6, '2023-06-28 17:21:08', 1),
	(4369, '114.10.19.192', 'ahmadyunus123@gmail.com', 88, '2023-06-28 19:55:07', 1),
	(4370, '140.213.48.49', 'muhammadhanifarafi@gmail.com3', 29, '2023-06-28 21:07:35', 1),
	(4371, '120.188.85.31', 'ardianita06@gmail.com', 6, '2023-06-29 07:59:46', 1),
	(4372, '103.162.220.73', 'koordinatorkmm@gmail.com', 116, '2023-06-29 08:21:55', 1),
	(4373, '103.162.220.73', 'koordinatorkmm@gmail.com', 116, '2023-06-29 08:22:07', 1),
	(4374, '103.162.220.73', 'koordinatorkmm@gmail.com', 116, '2023-06-29 08:22:14', 1),
	(4375, '103.162.220.73', 'koordinatorkmm@gmail.com', 116, '2023-06-29 08:23:24', 1),
	(4376, '203.78.117.217', 'ardianita06@gmail.com', 6, '2023-06-29 11:21:32', 1),
	(4377, '203.78.117.217', 'muhammadhanifarafi@gmail.com3', 29, '2023-06-29 11:52:10', 1),
	(4378, '120.188.85.31', 'ardianita06@gmail.com', 6, '2023-06-29 13:49:44', 1),
	(4379, '203.78.117.183', 'muhammadhanifarafi@gmail.com3', 29, '2023-06-29 13:51:24', 1),
	(4380, '203.78.117.183', 'trisna123@gmail.com', 46, '2023-06-29 14:13:41', 1),
	(4381, '203.78.117.183', 'trisna123@gmail.com', 46, '2023-06-29 14:20:45', 1),
	(4382, '182.2.84.243', 'ardianita06@gmail.com', 6, '2023-06-29 14:37:49', 1),
	(4383, '182.2.84.243', 'muhammadhanifarafi@gmail.com3', 29, '2023-06-29 14:51:42', 1),
	(4384, '182.2.84.243', 'ardianita06@gmail.com', 6, '2023-06-29 15:09:13', 1),
	(4385, '203.78.117.183', 'muhammadhanifarafi@gmail.com3', 29, '2023-06-29 15:33:11', 1),
	(4386, '203.78.117.183', 'trisna123@gmail.com', 46, '2023-06-29 15:35:39', 1),
	(4387, '203.78.117.183', 'lindarahmawati011001@gmail.com', 7, '2023-06-29 15:46:32', 1),
	(4388, '120.188.85.31', 'ardianita06@gmail.com', 6, '2023-06-29 19:30:39', 1),
	(4389, '182.2.84.243', 'ardianita06@gmail.com', 6, '2023-06-29 19:46:57', 1),
	(4390, '103.162.220.73', 'koordinatorkmm@gmail.com', 116, '2023-06-29 21:08:05', 1),
	(4391, '103.162.220.73', 'koormbkm@gmail.com', 117, '2023-06-29 21:18:03', 1),
	(4392, '103.162.220.73', 'nitt', NULL, '2023-06-29 21:18:42', 0),
	(4393, '103.162.220.73', 'ardianita06@gmail.com', 6, '2023-06-29 21:18:50', 1),
	(4394, '203.78.117.107', 'trisna123@gmail.com', 46, '2023-06-29 21:40:58', 1),
	(4395, '103.162.220.73', 'oktariniarossaa14@student.uns.ac.id', 33, '2023-06-29 21:43:04', 1),
	(4396, '120.188.85.31', 'ardianita06@gmail.com', 6, '2023-06-29 22:11:13', 1),
	(4397, '203.78.117.107', 'trisna123@gmail.com', 46, '2023-06-29 22:12:45', 1),
	(4398, '103.162.220.73', 'pilihjurusan@gmail.com', 110, '2023-06-29 22:31:22', 1),
	(4399, '103.162.220.73', 'pandudwisaputra@student.uns.ac.id', 113, '2023-06-29 22:32:02', 1),
	(4400, '203.78.117.107', 'ardianita06@gmail.com', 6, '2023-06-29 22:59:34', 1),
	(4401, '103.162.220.73', 'koormbkm@gmail.com', 117, '2023-06-29 23:09:48', 1),
	(4402, '103.162.220.73', 'okta14', NULL, '2023-06-29 23:33:52', 0),
	(4403, '103.162.220.73', 'oktariniarossaa14@student.uns.ac.id', 33, '2023-06-29 23:34:00', 1),
	(4404, '120.188.85.31', 'ardianita06@gmail.com', 6, '2023-06-29 23:35:03', 1),
	(4405, '203.78.117.107', 'ardianita06@gmail.com', 6, '2023-06-29 23:48:00', 1),
	(4406, '140.213.42.11', 'muhammadhanifarafi@gmail.com3', 29, '2023-06-30 00:51:46', 1),
	(4407, '140.213.42.11', 'ardianita06@gmail.com', 6, '2023-06-30 01:08:33', 1),
	(4408, '182.2.84.243', 'ivann@gmail.com', 97, '2023-06-30 07:06:47', 1),
	(4409, '140.213.44.182', 'Linda', NULL, '2023-06-30 07:56:40', 0),
	(4410, '140.213.44.182', 'lindarahmawati011001@gmail.com', 7, '2023-06-30 07:56:52', 1),
	(4411, '182.2.84.243', 'ivann@gmail.com', 97, '2023-06-30 07:58:59', 1),
	(4412, '140.213.44.182', 'ardianita06@gmail.com', 6, '2023-06-30 08:01:45', 1),
	(4413, '140.213.44.182', 'trisna123@gmail.com', 46, '2023-06-30 08:03:32', 1),
	(4414, '140.213.44.182', 'ardianita06@gmail.com', 6, '2023-06-30 09:52:55', 1),
	(4415, '120.188.85.31', 'ardianita06@gmail.com', 6, '2023-06-30 10:30:45', 1),
	(4416, '120.188.85.31', 'ardianita06@gmail.com', 6, '2023-06-30 10:30:46', 1),
	(4417, '140.213.44.182', 'ardianita06@gmail.com', 6, '2023-06-30 11:31:07', 1),
	(4418, '112.78.133.154', 'ahmatnurwakit@staff.uns.ac.id', 44, '2023-06-30 13:28:49', 1),
	(4419, '112.78.133.154', 'ardianita06@gmail.com', 6, '2023-06-30 13:32:59', 1),
	(4420, '103.162.220.69', 'koormbkm@gmail.com', 117, '2023-06-30 13:58:02', 1),
	(4421, '36.68.10.211', 'ardianita06@gmail.com', NULL, '2023-06-30 14:56:57', 0),
	(4422, '36.68.10.211', 'ardianita06@gmail.com', 6, '2023-06-30 14:57:11', 1),
	(4423, '112.78.133.154', 'ardianita06@gmail.com', 6, '2023-06-30 15:05:11', 1),
	(4424, '112.78.133.154', 'ardianita06@gmail.com', 6, '2023-06-30 15:09:21', 1),
	(4425, '112.78.133.154', 'wibiatisekark@student.uns.ac.id', 34, '2023-06-30 15:09:31', 1),
	(4426, '112.78.133.154', 'ahmatnurwakit@staff.uns.ac.id', 44, '2023-06-30 15:10:46', 1),
	(4427, '36.68.220.26', 'ardianita06@gmail.com', 6, '2023-06-30 16:24:13', 1),
	(4428, '36.68.220.26', 'rendratrikusuma@student.uns.ac.id', 3, '2023-06-30 16:38:41', 1),
	(4429, '36.68.220.26', 'ardianita06@gmail.com', 6, '2023-06-30 16:41:35', 1),
	(4430, '112.78.133.154', 'ahmatnurwakit@staff.uns.ac.id', 44, '2023-06-30 17:03:52', 1),
	(4431, '112.215.237.1', 'trisna123@gmail.com', 46, '2023-06-30 17:30:23', 1),
	(4432, '112.215.237.1', 'ardianita06@gmail.com', 6, '2023-06-30 18:05:02', 1),
	(4433, '112.215.237.1', 'trisna123@gmail.com', 46, '2023-06-30 18:13:23', 1),
	(4434, '112.215.237.1', 'ardianita06@gmail.com', 6, '2023-06-30 18:14:09', 1),
	(4435, '103.162.220.69', 'koormbkm@gmail.com', 117, '2023-06-30 18:41:21', 1),
	(4436, '103.162.220.69', 'koormbkm@gmail.com', 117, '2023-06-30 19:29:25', 1),
	(4437, '112.215.237.1', 'ardianita06@gmail.com', 6, '2023-06-30 19:40:50', 1),
	(4438, '103.162.220.69', 'oktariniarossaa14@student.uns.ac.id', 33, '2023-06-30 19:58:06', 1),
	(4439, '103.162.220.69', 'koormbkm@gmail.com', 117, '2023-06-30 20:00:43', 1),
	(4440, '125.166.141.224', 'ardianita06@gmail.com', 6, '2023-06-30 20:37:01', 1),
	(4441, '118.99.83.92', 'ahmatnurwakit@staff.uns.ac.id', 44, '2023-06-30 20:56:21', 1),
	(4442, '103.162.220.69', 'koordinatorkmm@gmail.com', 116, '2023-06-30 20:59:54', 1),
	(4443, '103.162.220.69', 'koormbkm@gmail.com', 117, '2023-06-30 21:00:57', 1),
	(4444, '103.162.220.69', 'koormbkm@gmail.com', 117, '2023-06-30 21:42:35', 1),
	(4445, '103.162.220.69', 'koormbkm@gmail.com', 117, '2023-06-30 22:50:02', 1),
	(4446, '118.99.83.92', 'ahmatnurwakit@staff.uns.ac.id', 44, '2023-06-30 22:55:12', 1),
	(4447, '120.188.85.31', 'ardianita06@gmail.com', 6, '2023-07-01 10:31:18', 1),
	(4448, '120.188.85.31', 'ardianita06@gmail.com', 6, '2023-07-01 10:31:18', 1),
	(4449, '120.188.85.31', 'ardianita06@gmail.com', 6, '2023-07-01 11:25:34', 1),
	(4450, '203.78.117.212', 'trisna123@gmail.com', 46, '2023-07-01 17:28:49', 1),
	(4451, '203.78.117.212', 'ardianita06@gmail.com', 6, '2023-07-01 17:32:42', 1),
	(4452, '203.78.117.212', 'trisna123@gmail.com', 46, '2023-07-01 17:33:32', 1),
	(4453, '203.78.117.212', 'muhammadhanifarafi@gmail.com3', 29, '2023-07-01 17:34:00', 1),
	(4454, '103.162.220.69', 'koormbkm@gmail.com', 117, '2023-07-01 17:52:15', 1),
	(4455, '103.184.180.97', 'ardianita06@gmail.com', 6, '2023-07-01 19:03:55', 1),
	(4456, '103.184.180.97', 'ardianita06@gmail.com', 6, '2023-07-01 19:05:38', 1),
	(4457, '103.184.180.97', 'ridhorifai88@student.uns.ac.id', 59, '2023-07-01 19:09:23', 1),
	(4458, '125.163.33.74', 'ardianita06@gmail.com', 6, '2023-07-01 19:51:03', 1),
	(4459, '118.99.83.92', 'ardianita06@gmail.com', 6, '2023-07-01 20:36:09', 1),
	(4460, '125.163.33.74', 'darmawan123@staff.uns.ac.id', 41, '2023-07-01 21:04:29', 1),
	(4461, '103.184.180.97', 'ardianita06@gmail.com', 6, '2023-07-01 21:04:52', 1),
	(4462, '103.162.220.69', 'koormbkm@gmail.com', 117, '2023-07-01 21:09:25', 1),
	(4463, '203.78.117.49', 'ardianita06@gmail.com', 6, '2023-07-01 21:43:58', 1),
	(4464, '103.184.180.97', 'ardianita06@gmail.com', 6, '2023-07-01 22:24:58', 1),
	(4465, '112.78.133.154', 'ahmatnurwakit@staff.uns.ac.id', 44, '2023-07-01 22:29:09', 1),
	(4466, '103.162.220.69', 'koormbkm@gmail.com', 117, '2023-07-01 22:32:45', 1),
	(4467, '103.162.220.69', 'okta14', NULL, '2023-07-01 22:33:16', 0),
	(4468, '103.162.220.69', 'oktariniarossaa14@student.uns.ac.id', 33, '2023-07-01 22:33:25', 1),
	(4469, '112.78.133.154', 'ahmatnurwakit@staff.uns.ac.id', 44, '2023-07-01 23:10:32', 1),
	(4470, '125.164.234.150', 'ardianita06@gmail.com', 6, '2023-07-02 06:45:25', 1),
	(4471, '125.163.33.74', 'ardianita06@gmail.com', 6, '2023-07-02 10:14:54', 1),
	(4472, '140.213.42.45', 'muhammadhanifarafi@gmail.com3', 29, '2023-07-02 10:22:19', 1),
	(4473, '140.213.42.45', 'ardianita06@gmail.com', 6, '2023-07-02 10:24:12', 1),
	(4474, '125.163.33.74', 'darmawan123@staff.uns.ac.id', 41, '2023-07-02 11:43:08', 1),
	(4475, '112.78.133.154', 'ahmatnurwakit@staff.uns.ac.id', 44, '2023-07-02 18:39:57', 1),
	(4476, '103.162.220.69', 'koormbkm@gmail.com', 117, '2023-07-02 19:18:32', 1),
	(4477, '103.162.220.69', 'oktariniarossaa14@student.uns.ac.id', 33, '2023-07-02 19:43:03', 1),
	(4478, '103.162.220.69', 'trisna123@gmail.com', 46, '2023-07-02 20:04:12', 1),
	(4479, '103.162.220.69', 'pilihjurusan@gmail.com', 110, '2023-07-02 20:05:24', 1),
	(4480, '103.162.220.69', 'koormbkm@gmail.com', 117, '2023-07-02 20:07:21', 1),
	(4481, '103.162.220.69', 'trisna123@gmail.com', 46, '2023-07-02 20:27:30', 1),
	(4482, '103.162.220.69', 'koormbkm@gmail.com', 117, '2023-07-02 21:28:11', 1),
	(4483, '103.162.220.69', 'pandudwisaputra@student.uns.ac.id', 113, '2023-07-02 21:41:54', 1),
	(4484, '112.78.133.154', 'ahmatnurwakit@staff.uns.ac.id', 44, '2023-07-02 23:05:55', 1),
	(4485, '118.99.83.92', 'wibiatisekark@student.uns.ac.id', 34, '2023-07-03 02:10:27', 1),
	(4486, '125.164.232.15', 'ahmatnurwakit@staff.uns.ac.id', 44, '2023-07-03 12:47:26', 1),
	(4487, '125.164.232.15', 'ahmatnurwakit@staff.uns.ac.id', 44, '2023-07-03 13:27:34', 1),
	(4488, '182.2.85.117', 'ivann@gmail.com', 97, '2023-07-03 13:37:10', 1),
	(4489, '182.2.85.117', 'fajri2002', NULL, '2023-07-03 13:38:27', 0),
	(4490, '182.2.85.117', 'muhammadhanifarafi@student.uns.ac.id', 23, '2023-07-03 13:38:37', 1),
	(4491, '112.78.133.154', 'ahmatnurwakit@staff.uns.ac.id', 44, '2023-07-03 21:07:03', 1),
	(4492, '114.5.221.44', 'rendratrikusuma@student.uns.ac.id', NULL, '2023-07-03 22:32:29', 0),
	(4493, '103.189.201.63', 'ardianita06@gmail.com', 6, '2023-07-03 22:41:46', 1),
	(4494, '112.78.133.154', 'ahmatnurwakit@staff.uns.ac.id', 44, '2023-07-03 23:01:52', 1),
	(4495, '112.78.133.154', 'ahmatnurwakit@staff.uns.ac.id', 44, '2023-07-03 23:02:20', 1),
	(4496, '114.5.221.44', 'ardianita06@gmail.com', 6, '2023-07-03 23:18:52', 1),
	(4497, '114.5.221.44', 'rendratrikusuma@student.uns.ac.id', 3, '2023-07-03 23:47:54', 1),
	(4498, '114.5.221.44', 'darmawan123@staff.uns.ac.id', 41, '2023-07-03 23:49:28', 1),
	(4499, '114.5.221.44', 'ardianita06@gmail.com', 6, '2023-07-03 23:55:33', 1),
	(4500, '125.166.9.4', 'ardianita06@gmail.com', 6, '2023-07-04 00:14:30', 1),
	(4501, '114.5.221.44', 'rendratrikusuma@student.uns.ac.id', 3, '2023-07-04 00:33:08', 1),
	(4502, '114.5.221.44', 'muhammadhanifarafi@student.uns.ac.id', 23, '2023-07-04 00:33:52', 1),
	(4503, '114.5.221.44', 'muhammadhanifarafi@student.uns.ac.id', 23, '2023-07-04 01:03:15', 1),
	(4504, '114.5.221.44', 'darmawan123@staff.uns.ac.id', 41, '2023-07-04 01:12:07', 1),
	(4505, '114.5.221.44', 'muhammadhanifarafi@student.uns.ac.id', 23, '2023-07-04 01:12:57', 1),
	(4506, '114.5.221.44', 'rendratrikusuma@student.uns.ac.id', 3, '2023-07-04 01:14:27', 1),
	(4507, '114.5.221.44', 'darmawan123@staff.uns.ac.id', 41, '2023-07-04 01:17:13', 1),
	(4508, '112.78.133.154', 'wibiatisekark@student.uns.ac.id', 34, '2023-07-04 08:08:25', 1),
	(4509, '112.78.133.154', 'ahmatnurwakit@staff.uns.ac.id', 44, '2023-07-04 08:10:00', 1),
	(4510, '114.5.221.44', 'ardianita06@gmail.com', 6, '2023-07-04 09:25:49', 1),
	(4511, '114.5.221.44', 'ardianita06@gmail.com', 6, '2023-07-04 09:25:51', 1),
	(4512, '118.99.83.92', 'wibiatisekark@student.uns.ac.id', 34, '2023-07-04 14:36:47', 1),
	(4513, '118.99.83.92', 'ahmatnurwakit@staff.uns.ac.id', 44, '2023-07-04 14:38:04', 1),
	(4514, '140.213.58.88', 'trisna123', NULL, '2023-07-04 16:22:49', 0),
	(4515, '140.213.58.88', 'trisna123@gmail.com', 46, '2023-07-04 16:28:10', 1),
	(4516, '103.162.220.69', 'oktariniarossaa14@student.uns.ac.id', 33, '2023-07-04 23:05:28', 1),
	(4517, '140.213.57.210', 'ardianita06@gmail.com', 6, '2023-07-05 08:12:46', 1),
	(4518, '103.162.220.69', 'koormbkm@gmail.com', 117, '2023-07-05 09:34:19', 1),
	(4519, '103.162.220.69', 'koormbkm@gmail.com', 117, '2023-07-05 09:59:23', 1),
	(4520, '103.132.230.69', 'ardianita06@gmail.com', 6, '2023-07-05 11:01:06', 1),
	(4521, '140.213.57.210', 'ardianita06@gmail.com', 6, '2023-07-05 11:02:03', 1),
	(4522, '103.132.230.69', 'ardianita06@gmail.com', 6, '2023-07-05 12:04:17', 1),
	(4523, '103.174.113.7', 'koormbkm@gmail.com', 117, '2023-07-05 14:57:22', 1),
	(4524, '112.215.244.115', 'ardianita06@gmail.com', 6, '2023-07-05 17:41:36', 1),
	(4525, '120.188.87.20', 'ardianita06@gmail.com', 6, '2023-07-05 18:10:32', 1),
	(4526, '120.188.87.20', 'darmawan123@staff.uns.ac.id', 41, '2023-07-05 18:15:03', 1),
	(4527, '120.188.87.20', 'darmawan123@staff.uns.ac.id', 41, '2023-07-05 18:15:49', 1),
	(4528, '120.188.87.20', 'ardianita06@gmail.com', 6, '2023-07-05 18:17:27', 1),
	(4529, '120.188.87.20', 'darmawan123@staff.uns.ac.id', 41, '2023-07-05 18:18:42', 1),
	(4530, '120.188.87.20', 'ardianita06@gmail.com', 6, '2023-07-05 18:20:28', 1),
	(4531, '120.188.87.20', 'darmawan123@staff.uns.ac.id', 41, '2023-07-05 18:45:04', 1),
	(4532, '120.188.87.20', 'ardianita06@gmail.com', 6, '2023-07-05 18:47:20', 1),
	(4533, '120.188.87.20', 'rendratrikusuma@student.uns.ac.id', 3, '2023-07-05 18:53:39', 1),
	(4534, '120.188.87.20', 'rendratrikusuma@student.uns.ac.id', 3, '2023-07-05 20:25:06', 1),
	(4535, '120.188.87.20', 'ardianita06@gmail.com', 6, '2023-07-05 20:28:21', 1),
	(4536, '120.188.87.20', 'darmawan123@staff.uns.ac.id', 41, '2023-07-05 21:02:21', 1),
	(4537, '103.162.220.74', 'koormbkm@gmail.com', 117, '2023-07-06 00:17:03', 1),
	(4538, '103.162.220.74', 'pandudwisaputra@student.uns.ac.id', 113, '2023-07-06 00:26:27', 1),
	(4539, '103.162.220.74', 'trisna123@gmail.com', 46, '2023-07-06 00:28:22', 1),
	(4540, '103.162.220.74', 'pilihjurusan@gmail.com', 110, '2023-07-06 00:28:52', 1),
	(4541, '120.188.87.20', 'rendratrikusuma@student.uns.ac.id', 3, '2023-07-06 07:00:13', 1),
	(4542, '120.188.87.20', 'ardianita06@gmail.com', 6, '2023-07-06 07:01:49', 1),
	(4543, '120.188.87.20', 'rendratrikusuma@student.uns.ac.id', 3, '2023-07-06 08:24:52', 1),
	(4544, '120.188.87.20', 'ardianita06@gmail.com', 6, '2023-07-06 08:27:14', 1),
	(4545, '120.188.87.20', 'darmawan123@staff.uns.ac.id', 41, '2023-07-06 08:29:30', 1),
	(4546, '120.188.87.20', 'rendratrikusuma@student.uns.ac.id', 3, '2023-07-06 08:48:10', 1),
	(4547, '120.188.87.20', 'darmawan123@staff.uns.ac.id', 41, '2023-07-06 08:51:20', 1),
	(4548, '120.188.87.20', 'ardianita06@gmail.com', 6, '2023-07-06 08:52:19', 1),
	(4549, '125.166.8.136', 'ardianita06@gmail.com', 6, '2023-07-06 13:15:15', 1),
	(4550, '112.215.153.41', 'ardianita06@gmail.com', 6, '2023-07-06 13:37:57', 1),
	(4551, '125.166.8.136', 'ahmatnurwakit@staff.uns.ac.id', 44, '2023-07-06 14:23:36', 1),
	(4552, '112.215.153.145', 'ardianita06@gmail.com', 6, '2023-07-06 17:31:30', 1),
	(4553, '112.215.153.40', 'ardianita06@gmail.com', 6, '2023-07-06 20:27:04', 1),
	(4554, '203.78.117.52', 'ardianita06@gmail.com', 6, '2023-07-06 22:53:07', 1),
	(4555, '203.78.117.52', 'trisna123@gmail.com', 46, '2023-07-07 00:07:16', 1),
	(4556, '114.5.221.144', 'ardianita06@gmail.com', 6, '2023-07-07 02:01:21', 1),
	(4557, '114.5.221.144', 'ardianita06@gmail.com', 6, '2023-07-07 02:05:10', 1),
	(4558, '140.213.218.7', 'ardianita06@gmail.com', 6, '2023-07-07 09:48:25', 1),
	(4559, '103.132.230.69', 'ardianita06@gmail.com', 6, '2023-07-07 10:38:01', 1),
	(4560, '36.68.9.136', 'koordinatorkmm@gmail.com', 116, '2023-07-07 13:30:23', 1),
	(4561, '36.68.9.136', 'koordinator-mbkm', NULL, '2023-07-07 13:30:46', 0),
	(4562, '112.215.244.30', 'nitt', NULL, '2023-07-07 15:10:21', 0),
	(4563, '112.215.244.30', 'ardianita06@gmail.com', 6, '2023-07-07 15:19:24', 1),
	(4564, '114.5.221.144', 'ardianita06@gmail.com', 6, '2023-07-07 19:06:02', 1),
	(4565, '114.5.221.144', 'ardianita06@gmail.com', 6, '2023-07-07 19:06:03', 1),
	(4566, '112.215.244.30', 'ardianita06@gmail.com', 6, '2023-07-07 21:04:12', 1),
	(4567, '114.5.221.144', 'ardianita06@gmail.com', 6, '2023-07-07 21:20:32', 1),
	(4568, '114.5.221.144', 'ardianita06@gmail.com', 6, '2023-07-07 22:12:07', 1),
	(4569, '114.5.221.144', 'ardianita06@gmail.com', 6, '2023-07-08 08:03:16', 1),
	(4570, '112.215.173.69', 'ardianita06@gmail.com', 6, '2023-07-08 09:39:19', 1),
	(4571, '112.215.173.69', 'muhammadhanifarafi@gmail.com3', 29, '2023-07-08 10:17:21', 1),
	(4572, '114.5.221.144', 'ardianita06@gmail.com', 6, '2023-07-08 11:43:12', 1),
	(4573, '125.164.232.84', 'ardianita06@gmail.com', 6, '2023-07-08 11:50:32', 1),
	(4574, '125.164.232.84', 'darmawan123@staff.uns.ac.id', 41, '2023-07-08 11:52:09', 1),
	(4575, '125.164.232.84', 'ardianita06@gmail.com', 6, '2023-07-08 12:01:00', 1);

-- Dumping structure for table d3ti_psdku.auth_permissions
CREATE TABLE IF NOT EXISTS `auth_permissions` (
  `id` int unsigned NOT NULL AUTO_INCREMENT,
  `name` varchar(255) CHARACTER SET utf8mb3 COLLATE utf8mb3_general_ci NOT NULL,
  `description` varchar(255) CHARACTER SET utf8mb3 COLLATE utf8mb3_general_ci NOT NULL,
  PRIMARY KEY (`id`) USING BTREE
) ENGINE=InnoDB AUTO_INCREMENT=26 DEFAULT CHARSET=utf8mb3;

-- Dumping data for table d3ti_psdku.auth_permissions: ~8 rows (approximately)
INSERT INTO `auth_permissions` (`id`, `name`, `description`) VALUES
	(1, 'admin', 'administrator'),
	(2, 'mahasiswa', 'mahasiswa uns psdku'),
	(3, 'mitra', 'mitra'),
	(4, 'dosen', 'dosen'),
	(5, 'pimpinan', 'petinggi di uns'),
	(6, 'laboran', 'pengelola laboratorium uns psdku'),
	(7, 'koor-kmm', 'koordinator kmm'),
	(8, 'koor-mbkm', 'koordinator MBKM');

-- Dumping structure for table d3ti_psdku.auth_reset_attempts
CREATE TABLE IF NOT EXISTS `auth_reset_attempts` (
  `id` int unsigned NOT NULL AUTO_INCREMENT,
  `email` varchar(255) CHARACTER SET utf8mb3 COLLATE utf8mb3_general_ci NOT NULL,
  `ip_address` varchar(255) CHARACTER SET utf8mb3 COLLATE utf8mb3_general_ci NOT NULL,
  `user_agent` varchar(255) CHARACTER SET utf8mb3 COLLATE utf8mb3_general_ci NOT NULL,
  `token` varchar(255) CHARACTER SET utf8mb3 COLLATE utf8mb3_general_ci DEFAULT NULL,
  `created_at` datetime NOT NULL,
  PRIMARY KEY (`id`) USING BTREE
) ENGINE=InnoDB AUTO_INCREMENT=34 DEFAULT CHARSET=utf8mb3;

-- Dumping data for table d3ti_psdku.auth_reset_attempts: ~33 rows (approximately)
INSERT INTO `auth_reset_attempts` (`id`, `email`, `ip_address`, `user_agent`, `token`, `created_at`) VALUES
	(1, 'hanifarafi7@gmail.com', '103.189.201.9', 'Mozilla/5.0 (Windows NT 10.0; Win64; x64) AppleWebKit/537.36 (KHTML, like Gecko) Chrome/111.0.0.0 Safari/537.36', 'a99b84614789f3063d0b002a31553e9b', '2023-04-02 03:43:31'),
	(2, 'muhammadhanifarafi@gmail.com', '103.189.201.9', 'Mozilla/5.0 (Windows NT 10.0; Win64; x64) AppleWebKit/537.36 (KHTML, like Gecko) Chrome/111.0.0.0 Safari/537.36', 'fbec8631bba9cf8083d75bebc400135e', '2023-04-03 08:47:05'),
	(3, 'muhammadhanifarafi@gmail.com', '103.189.201.9', 'Mozilla/5.0 (Windows NT 10.0; Win64; x64) AppleWebKit/537.36 (KHTML, like Gecko) Chrome/111.0.0.0 Safari/537.36', 'fbec8631bba9cf8083d75bebc400135e', '2023-04-03 08:47:25'),
	(4, 'muhammadhanifarafi@gmail.com', '103.189.201.9', 'Mozilla/5.0 (Windows NT 10.0; Win64; x64) AppleWebKit/537.36 (KHTML, like Gecko) Chrome/111.0.0.0 Safari/537.36', 'fbec8631bba9cf8083d75bebc400135e', '2023-04-03 08:47:40'),
	(5, 'muhammadhanifarafi@gmail.com', '103.189.201.9', 'Mozilla/5.0 (Windows NT 10.0; Win64; x64) AppleWebKit/537.36 (KHTML, like Gecko) Chrome/111.0.0.0 Safari/537.36', 'fbec8631bba9cf8083d75bebc400135e', '2023-04-03 08:48:02'),
	(6, 'muhammadhanifarafi@gmail.com', '103.189.201.9', 'Mozilla/5.0 (Windows NT 10.0; Win64; x64) AppleWebKit/537.36 (KHTML, like Gecko) Chrome/111.0.0.0 Safari/537.36', 'e332810435139a072ecf2079e79fb4ac', '2023-04-03 09:17:00'),
	(7, 'muhammadhanifarafi@gmail.com', '103.189.201.9', 'Mozilla/5.0 (Windows NT 10.0; Win64; x64) AppleWebKit/537.36 (KHTML, like Gecko) Chrome/111.0.0.0 Safari/537.36', 'd8f1439113e3819e7bdcbbd6ed7fdee0', '2023-04-03 09:50:30'),
	(8, 'hanifarafi7@gmail.com', '103.189.201.9', 'Mozilla/5.0 (Windows NT 10.0; Win64; x64) AppleWebKit/537.36 (KHTML, like Gecko) Chrome/111.0.0.0 Safari/537.36', '5443e8edc4b9158158ba6e06b26cca0b', '2023-04-03 09:52:10'),
	(9, 'hanifarafi7@gmail.com', '103.189.201.9', 'Mozilla/5.0 (Windows NT 10.0; Win64; x64) AppleWebKit/537.36 (KHTML, like Gecko) Chrome/111.0.0.0 Safari/537.36', '728db6d2bffb7346d0208e1cde89d0bc', '2023-04-04 10:39:46'),
	(10, 'muhammadhanifarafi@student.uns.ac.id', '125.164.232.102', 'Mozilla/5.0 (Windows NT 10.0; Win64; x64) AppleWebKit/537.36 (KHTML, like Gecko) Chrome/112.0.0.0 Safari/537.36', 'ed6b912d6e1525fa5c56dea0e43d0f34', '2023-04-06 13:08:28'),
	(11, 'hanifarafi7@gmail.com', '103.189.201.9', 'Mozilla/5.0 (Windows NT 10.0; Win64; x64) AppleWebKit/537.36 (KHTML, like Gecko) Chrome/112.0.0.0 Safari/537.36', '29d1fb93221a1d01c3f4de6ec99993f7', '2023-04-11 14:06:45'),
	(12, 'muhammadhanifarafi@gmail.com', '103.189.201.9', 'Mozilla/5.0 (Windows NT 10.0; Win64; x64) AppleWebKit/537.36 (KHTML, like Gecko) Chrome/112.0.0.0 Safari/537.36', '75e390f4f33dee72b4b166b6c65de191', '2023-04-11 14:33:00'),
	(13, 'ardianitafzyh@gmail.com', '112.215.237.91', 'Mozilla/5.0 (Windows NT 10.0; Win64; x64) AppleWebKit/537.36 (KHTML, like Gecko) Chrome/112.0.0.0 Safari/537.36', '22e3021548b487ccf5387fac29dbbcc7', '2023-04-13 07:11:16'),
	(14, 'muhammadhanifarafi@gmail.com', '103.171.147.90', 'Mozilla/5.0 (Windows NT 10.0; Win64; x64) AppleWebKit/537.36 (KHTML, like Gecko) Chrome/112.0.0.0 Safari/537.36', '718839698987a93cb79f1dc8418ebeb5', '2023-04-13 11:14:00'),
	(15, 'wibiatisekark@student.uns.ac.id', '118.99.83.89', 'Mozilla/5.0 (Windows NT 10.0; Win64; x64) AppleWebKit/537.36 (KHTML, like Gecko) Chrome/112.0.0.0 Safari/537.36', 'f37e9086b784f9affbde75028a648cfd', '2023-04-26 14:01:09'),
	(16, 'wibiatisekark@student.uns.ac.id', '182.253.217.234', 'Mozilla/5.0 (Windows NT 10.0; Win64; x64) AppleWebKit/537.36 (KHTML, like Gecko) Chrome/112.0.0.0 Safari/537.36', 'f37e9086b784f9affbde75028a648cfd', '2023-04-26 14:01:41'),
	(17, 'lindarahmawati011001@gmail.com', '112.215.154.172', 'Mozilla/5.0 (Windows NT 10.0; Win64; x64) AppleWebKit/537.36 (KHTML, like Gecko) Chrome/112.0.0.0 Safari/537.36', ' 09915411c8a382b21c3bef34dbeae228', '2023-05-04 23:43:47'),
	(18, 'lindarahmawati011001@gmail.com', '112.215.154.172', 'Mozilla/5.0 (Windows NT 10.0; Win64; x64) AppleWebKit/537.36 (KHTML, like Gecko) Chrome/112.0.0.0 Safari/537.36', ' 09915411c8a382b21c3bef34dbeae228', '2023-05-04 23:44:12'),
	(19, 'lindarahmawati011001@gmail.com', '112.215.154.172', 'Mozilla/5.0 (Windows NT 10.0; Win64; x64) AppleWebKit/537.36 (KHTML, like Gecko) Chrome/112.0.0.0 Safari/537.36', ' 09915411c8a382b21c3bef34dbeae228', '2023-05-04 23:44:45'),
	(20, 'lindarahmawati011001@gmail.com', '112.215.154.172', 'Mozilla/5.0 (Windows NT 10.0; Win64; x64) AppleWebKit/537.36 (KHTML, like Gecko) Chrome/112.0.0.0 Safari/537.36', ' 09915411c8a382b21c3bef34dbeae228', '2023-05-04 23:44:58'),
	(21, 'lindarahmawati011001@gmail.com', '112.215.154.172', 'Mozilla/5.0 (Windows NT 10.0; Win64; x64) AppleWebKit/537.36 (KHTML, like Gecko) Chrome/112.0.0.0 Safari/537.36', '09915411c8a382b21c3bef34dbeae228', '2023-05-04 23:45:45'),
	(22, 'hanifarafi7@gmail.com', '103.189.201.9', 'Mozilla/5.0 (Windows NT 10.0; Win64; x64) AppleWebKit/537.36 (KHTML, like Gecko) Chrome/113.0.0.0 Safari/537.36 Edg/113.0.1774.42', '54f4030c37b045b46af34f34eeef7d21', '2023-05-15 17:50:52'),
	(23, 'wibiatisekark@student.uns.ac.id', '182.253.217.245', 'Mozilla/5.0 (Windows NT 10.0; Win64; x64) AppleWebKit/537.36 (KHTML, like Gecko) Chrome/113.0.0.0 Safari/537.36', '0b601326b4465cfb9a36d8feda89db1a', '2023-05-16 18:38:58'),
	(24, 'rendratrikusuma@student.uns.ac.id', '114.4.221.100', 'Mozilla/5.0 (Macintosh; Intel Mac OS X 10_15_7) AppleWebKit/537.36 (KHTML, like Gecko) Chrome/113.0.0.0 Safari/537.36', 'd59683cf6dc31c31e5fd6d3115514a68', '2023-05-17 23:20:49'),
	(25, 'rendratrikusuma@student.uns.ac.id', '114.4.221.100', 'Mozilla/5.0 (Macintosh; Intel Mac OS X 10_15_7) AppleWebKit/537.36 (KHTML, like Gecko) Chrome/113.0.0.0 Safari/537.36', 'd59683cf6dc31c31e5fd6d3115514a68', '2023-05-17 23:21:10'),
	(26, 'rendratrikusuma@student.uns.ac.id', '114.4.221.100', 'Mozilla/5.0 (Macintosh; Intel Mac OS X 10_15_7) AppleWebKit/537.36 (KHTML, like Gecko) Chrome/113.0.0.0 Safari/537.36', 'd59683cf6dc31c31e5fd6d3115514a68', '2023-05-17 23:21:38'),
	(27, 'viorellasv@student.uns.ac.id', '120.188.74.252', 'Mozilla/5.0 (Macintosh; Intel Mac OS X 10_15_7) AppleWebKit/537.36 (KHTML, like Gecko) Chrome/113.0.0.0 Safari/537.36', '47fba4ba6106f52429c7dab1a6e2a504', '2023-05-20 14:04:51'),
	(28, 'muhammadhanifarafi@gmail.com', '103.189.201.9', 'Mozilla/5.0 (Windows NT 10.0; Win64; x64) AppleWebKit/537.36 (KHTML, like Gecko) Chrome/113.0.0.0 Safari/537.36', 'a3196e8050ce666305766444b5083a6c', '2023-05-22 08:11:03'),
	(29, 'ridhorifai88@student.uns.ac.id', '202.67.41.224', 'Mozilla/5.0 (Linux; Android 11; Redmi Note 8 Pro) AppleWebKit/537.36 (KHTML, like Gecko) Chrome/90.0.4430.91 Mobile Safari/537.36', '93abf929dee6845ec29fa917de31d54e', '2023-05-26 14:32:26'),
	(30, 'ridhorifai88@student.uns.ac.id', '202.67.41.224', 'Mozilla/5.0 (Linux; Android 11; Redmi Note 8 Pro) AppleWebKit/537.36 (KHTML, like Gecko) Chrome/90.0.4430.91 Mobile Safari/537.36', '93abf929dee6845ec29fa917de31d54e', '2023-05-26 14:32:41'),
	(31, 'muhammadhanifarafi@gmail.com', '103.171.147.105', 'Mozilla/5.0 (Windows NT 10.0; Win64; x64) AppleWebKit/537.36 (KHTML, like Gecko) Chrome/114.0.0.0 Safari/537.36', '5af02e8a1cc1319271bffe4702bcd7d8', '2023-05-31 08:03:40'),
	(32, 'hanifarafi7@gmail.com', '114.5.242.117', 'Mozilla/5.0 (Windows NT 10.0; Win64; x64) AppleWebKit/537.36 (KHTML, like Gecko) Chrome/114.0.0.0 Safari/537.36', 'd252ca4cf8c0e0247dcd6065fce381f9', '2023-06-05 08:46:31'),
	(33, 'hanifarafi7@gmail.com', '103.189.201.9', 'Mozilla/5.0 (Windows NT 10.0; Win64; x64) AppleWebKit/537.36 (KHTML, like Gecko) Chrome/114.0.0.0 Safari/537.36', '6470b907974f8e24c8b9a327277067b6', '2023-06-16 07:14:23');

-- Dumping structure for table d3ti_psdku.auth_tokens
CREATE TABLE IF NOT EXISTS `auth_tokens` (
  `id` int unsigned NOT NULL AUTO_INCREMENT,
  `selector` varchar(255) CHARACTER SET utf8mb3 COLLATE utf8mb3_general_ci NOT NULL,
  `hashedValidator` varchar(255) CHARACTER SET utf8mb3 COLLATE utf8mb3_general_ci NOT NULL,
  `user_id` int unsigned NOT NULL,
  `expires` datetime NOT NULL,
  PRIMARY KEY (`id`) USING BTREE,
  KEY `auth_tokens_user_id_foreign` (`user_id`) USING BTREE,
  KEY `selector` (`selector`) USING BTREE,
  CONSTRAINT `auth_tokens_user_id_foreign` FOREIGN KEY (`user_id`) REFERENCES `users` (`id`) ON DELETE CASCADE ON UPDATE RESTRICT
) ENGINE=InnoDB DEFAULT CHARSET=utf8mb3;

-- Dumping data for table d3ti_psdku.auth_tokens: ~0 rows (approximately)

-- Dumping structure for table d3ti_psdku.auth_users_permissions
CREATE TABLE IF NOT EXISTS `auth_users_permissions` (
  `user_id` int unsigned NOT NULL DEFAULT '0',
  `permission_id` int unsigned NOT NULL DEFAULT '0',
  KEY `auth_users_permissions_permission_id_foreign` (`permission_id`) USING BTREE,
  KEY `user_id_permission_id` (`user_id`,`permission_id`) USING BTREE,
  CONSTRAINT `auth_users_permissions_permission_id_foreign` FOREIGN KEY (`permission_id`) REFERENCES `auth_permissions` (`id`) ON DELETE CASCADE ON UPDATE RESTRICT,
  CONSTRAINT `auth_users_permissions_user_id_foreign` FOREIGN KEY (`user_id`) REFERENCES `users` (`id`) ON DELETE CASCADE ON UPDATE RESTRICT
) ENGINE=InnoDB DEFAULT CHARSET=utf8mb3;

-- Dumping data for table d3ti_psdku.auth_users_permissions: ~40 rows (approximately)
INSERT INTO `auth_users_permissions` (`user_id`, `permission_id`) VALUES
	(3, 5),
	(6, 1),
	(14, 2),
	(18, 2),
	(19, 2),
	(22, 2),
	(23, 2),
	(28, 2),
	(29, 4),
	(31, 2),
	(33, 2),
	(34, 2),
	(35, 2),
	(39, 2),
	(40, 2),
	(41, 4),
	(44, 6),
	(46, 4),
	(47, 4),
	(48, 4),
	(58, 2),
	(59, 2),
	(74, 2),
	(75, 3),
	(88, 5),
	(89, 5),
	(92, 2),
	(93, 5),
	(96, 2),
	(97, 2),
	(98, 6),
	(99, 3),
	(100, 3),
	(101, 2),
	(108, 3),
	(109, 2),
	(110, 3),
	(113, 2),
	(115, 2),
	(116, 7),
	(117, 8);

-- Dumping structure for table d3ti_psdku.bot_chatbot
CREATE TABLE IF NOT EXISTS `bot_chatbot` (
  `id` int NOT NULL AUTO_INCREMENT,
  `nama` varchar(100) NOT NULL,
  `id_bot` varchar(255) NOT NULL,
  PRIMARY KEY (`id`)
) ENGINE=InnoDB AUTO_INCREMENT=2 DEFAULT CHARSET=utf8mb3 COLLATE=utf8mb3_general_ci;

-- Dumping data for table d3ti_psdku.bot_chatbot: ~0 rows (approximately)
INSERT INTO `bot_chatbot` (`id`, `nama`, `id_bot`) VALUES
	(1, 'Layanan D3TI PSDKU Bot', '6243567004:AAEf-I7Sn-MPTNPqGjxBZEMFeV4a9da7ObQ');

-- Dumping structure for table d3ti_psdku.bot_dokumen_kegiatan
CREATE TABLE IF NOT EXISTS `bot_dokumen_kegiatan` (
  `id_dokumen` int NOT NULL AUTO_INCREMENT,
  `nama_dokumen` varchar(255) NOT NULL,
  `link` varchar(255) NOT NULL,
  `id_kegiatan` varchar(100) NOT NULL,
  PRIMARY KEY (`id_dokumen`),
  KEY `bot_dokumen_kegiatan_FK` (`id_kegiatan`),
  CONSTRAINT `bot_dokumen_kegiatan_FK` FOREIGN KEY (`id_kegiatan`) REFERENCES `bot_kegiatan` (`id_kegiatan`)
) ENGINE=InnoDB AUTO_INCREMENT=18 DEFAULT CHARSET=utf8mb3 COLLATE=utf8mb3_general_ci;

-- Dumping data for table d3ti_psdku.bot_dokumen_kegiatan: ~4 rows (approximately)
INSERT INTO `bot_dokumen_kegiatan` (`id_dokumen`, `nama_dokumen`, `link`, `id_kegiatan`) VALUES
	(5, 'File sosialisasi', '3ce8a18d-72f9-46da-9278-eac5b68c9b1b_File_sosialisasi.pdf', '3ce8a18d-72f9-46da-9278-eac5b68c9b1b'),
	(7, 'File Rendraa', '3ce8a18d-72f9-46da-9278-eac5b68c9b1b_File_Rendraa.pdf', '3ce8a18d-72f9-46da-9278-eac5b68c9b1b'),
	(16, 'file1', '2d9ecc71-6093-4f92-9fcf-f895db0e584a_file1.pdf', '2d9ecc71-6093-4f92-9fcf-f895db0e584a'),
	(17, 'file2', '2d9ecc71-6093-4f92-9fcf-f895db0e584a_file2.xlsx', '2d9ecc71-6093-4f92-9fcf-f895db0e584a');

-- Dumping structure for table d3ti_psdku.bot_greeting_telegram_messages
CREATE TABLE IF NOT EXISTS `bot_greeting_telegram_messages` (
  `key` varchar(100) NOT NULL,
  `message` text NOT NULL,
  PRIMARY KEY (`key`)
) ENGINE=InnoDB DEFAULT CHARSET=utf8mb3 COLLATE=utf8mb3_general_ci;

-- Dumping data for table d3ti_psdku.bot_greeting_telegram_messages: ~2 rows (approximately)
INSERT INTO `bot_greeting_telegram_messages` (`key`, `message`) VALUES
	('error', 'Maaf %s permintaanmu tidak dapat saya pahami, bisa di ulangi lagi ya..'),
	('greeting', 'Halo %s kamu belum registrasi nih, silahkan registrasi lewat website terlebih dahulu ya...'),
	('thanks', 'Terima kasih %s ');

-- Dumping structure for table d3ti_psdku.bot_kegiatan
CREATE TABLE IF NOT EXISTS `bot_kegiatan` (
  `id_kegiatan` varchar(100) NOT NULL,
  `nama_kegiatan` varchar(255) NOT NULL,
  `deskripsi_kegiatan` text CHARACTER SET utf8mb3 COLLATE utf8mb3_general_ci,
  `pic` varchar(100) NOT NULL,
  `waktu_kegiatan` varchar(100) NOT NULL,
  PRIMARY KEY (`id_kegiatan`),
  KEY `bot_kegiatan_FK` (`pic`),
  CONSTRAINT `bot_kegiatan_FK` FOREIGN KEY (`pic`) REFERENCES `staf` (`id_staf`)
) ENGINE=InnoDB DEFAULT CHARSET=utf8mb3 COLLATE=utf8mb3_general_ci;

-- Dumping data for table d3ti_psdku.bot_kegiatan: ~2 rows (approximately)
INSERT INTO `bot_kegiatan` (`id_kegiatan`, `nama_kegiatan`, `deskripsi_kegiatan`, `pic`, `waktu_kegiatan`) VALUES
	('2d9ecc71-6093-4f92-9fcf-f895db0e584a', 'Sidang Tugas Akhir', 'Ini penjelasan kegiatan sidang', '06dc2517-ec02-437b-a355-bb36097e62ed', '1701999000000'),
	('3ce8a18d-72f9-46da-9278-eac5b68c9b1b', 'Sosialisasi TA (diedit 4)', 'Tugas Akhir dirancang untuk memungkinkan mahasiswa menerapkan pengetahuan, keterampilan, dan pemahaman yang telah mereka peroleh selama masa studi mereka dalam sebuah proyek yang terstruktur. Tujuan dari Tugas Akhir adalah untuk memungkinkan mahasiswa mendemonstrasikan kemampuan mereka dalam memecahkan masalah, melakukan penelitian, menerapkan metode ilmiah, dan menghasilkan kontribusi yang orisinal atau inovatif di bidang studi mereka.\r\n\r\nProyek Tugas Akhir dapat beragam tergantung pada disiplin ilmu dan program studi yang diambil oleh mahasiswa. Dalam bidang ilmu komputer, misalnya, Tugas Akhir dapat berupa pengembangan perangkat lunak, analisis algoritma, desain sistem, atau penelitian tentang topik spesifik. Di bidang teknik, Tugas Akhir dapat berupa perancangan, pembangunan, atau uji coba sistem atau produk teknik.', 'd656fd9f-a36e-4389-beb3-70d3f9c5d15f', '1683248400000');

-- Dumping structure for table d3ti_psdku.bot_notification_log
CREATE TABLE IF NOT EXISTS `bot_notification_log` (
  `id` int NOT NULL AUTO_INCREMENT,
  `recipient` varchar(100) NOT NULL,
  `from` varchar(100) DEFAULT NULL,
  `create_time` varchar(100) DEFAULT NULL,
  `schedule_time` varchar(100) CHARACTER SET utf8mb3 COLLATE utf8mb3_general_ci NOT NULL,
  `pass_time` varchar(100) DEFAULT NULL,
  `wa` tinyint(1) NOT NULL,
  `telegram` tinyint(1) DEFAULT NULL,
  `email` tinyint(1) DEFAULT NULL,
  `status_notification` tinyint(1) DEFAULT NULL,
  PRIMARY KEY (`id`)
) ENGINE=InnoDB AUTO_INCREMENT=621 DEFAULT CHARSET=utf8mb3 COLLATE=utf8mb3_general_ci;

-- Dumping data for table d3ti_psdku.bot_notification_log: ~453 rows (approximately)
INSERT INTO `bot_notification_log` (`id`, `recipient`, `from`, `create_time`, `schedule_time`, `pass_time`, `wa`, `telegram`, `email`, `status_notification`) VALUES
	(1, '60bbacdf-6533-474d-97d1-a61940141065', 'selfchatbotaccess-app', '1678630778117', '1678630800000', '1684658341064', 0, 1, 1, 1),
	(2, '60bbacdf-6533-474d-97d1-a61940141065', 'selfchatbotaccess-app', '1678631244368', '1678631400000', '1684659000861', 0, 1, 1, 1),
	(3, '60bbacdf-6533-474d-97d1-a61940141065', 'selfchatbotaccess-app', '1678631735631', '1678631760000', '1684667452285', 0, 1, 1, 1),
	(4, '60bbacdf-6533-474d-97d1-a61940141065', 'selfchatbotaccess-app', '1678631866282', '1678631880000', '1684659246314', 0, 1, 0, 1),
	(5, '60bbacdf-6533-474d-97d1-a61940141065', 'tracerstudyd3tipsdku001-2', '1678633343067', '1678633380000', '1684659362588', 0, 1, 1, 1),
	(6, '60bbacdf-6533-474d-97d1-a61940141065', 'tracerstudyd3tipsdku001-2', '1678634591411', '1678635000000', '1684659662568', 0, 1, 1, 1),
	(7, '60bbacdf-6533-474d-97d1-a61940141065', 'tracerstudyd3tipsdku001-2', '1684080509806', '1684080600000', '1684660442158', 0, 0, 1, 1),
	(8, '60bbacdf-6533-474d-97d1-a61940141065', 'tracerstudyd3tipsdku001-2', '1684166402994', '1684191060000', '1684660504712', 0, 1, 1, 1),
	(9, '60bbacdf-6533-474d-97d1-a61940141065', 'tracerstudyd3tipsdku001-2', '1684166465735', '1684191720000', '-', 0, 1, 1, 0),
	(10, '60bbacdf-6533-474d-97d1-a61940141065', 'tracerstudyd3tipsdku001-2', '1684167408008', '1684167420000', '1684167427248', 0, 1, 1, 1),
	(11, '60bbacdf-6533-474d-97d1-a61940141065', 'tracerstudyd3tipsdku001-2', '1684167583096', '1684192860000', '1684204193134', 0, 1, 1, 1),
	(12, '60bbacdf-6533-474d-97d1-a61940141065', 'tracerstudyd3tipsdku001-2', '1684167858831', '1684193100000', '1684167902794', 0, 1, 1, 1),
	(13, '60bbacdf-6533-474d-97d1-a61940141065', 'tracerstudyd3tipsdku001-2', '1684168018090', '1684193280000', '1684170238575', 0, 1, 1, 1),
	(14, '60bbacdf-6533-474d-97d1-a61940141065', 'tracerstudyd3tipsdku001-2', '1684204454434', '1684229700000', '1684207841752', 0, 1, 1, 1),
	(15, '60bbacdf-6533-474d-97d1-a61940141065', 'tracerstudyd3tipsdku001-2', '1684204814929', '1684230060000', '1684207845338', 0, 1, 1, 1),
	(16, '60bbacdf-6533-474d-97d1-a61940141065', 'tracerstudyd3tipsdku001-2', '1684205082035', '1684230300000', '1684207848463', 0, 1, 1, 1),
	(17, '60bbacdf-6533-474d-97d1-a61940141065', 'tracerstudyd3tipsdku001-2', '1684210118248', '1684210140000', '1684210143700', 0, 1, 1, 1),
	(18, '60bbacdf-6533-474d-97d1-a61940141065', 'tracerstudyd3tipsdku001-2', '1684226446093', '1684251660000', '1684226461307', 0, 1, 1, 1),
	(19, '60bbacdf-6533-474d-97d1-a61940141065', 'tracerstudyd3tipsdku001-2', '1684226840896', '1684252500000', '1684227301162', 0, 1, 1, 1),
	(20, '60bbacdf-6533-474d-97d1-a61940141065', 'tracerstudyd3tipsdku001-2', '1684227083140', '1684252380000', '1684227181144', 0, 1, 1, 1),
	(21, '60bbacdf-6533-474d-97d1-a61940141065', 'tracerstudyd3tipsdku001-2', '1684256387474', '1684256387474', '-', 0, 1, 1, 0),
	(22, '60bbacdf-6533-474d-97d1-a61940141065', 'tracerstudyd3tipsdku001-2', '1684256539217', '1684256539217', '1684256543871', 0, 1, 1, 1),
	(23, '60bbacdf-6533-474d-97d1-a61940141065', 'tracerstudyd3tipsdku001-2', '1684258189075', '1684258189075', '1684258190438', 0, 1, 1, 1),
	(24, '60bbacdf-6533-474d-97d1-a61940141065', 'selfchatbotaccess-app', '1684505609620', '1684505609620', '1684505612159', 0, 1, 1, 1),
	(25, '60bbacdf-6533-474d-97d1-a61940141065', 'selfchatbotaccess-app', '1684511043693', '1684536600000', '1684511401357', 0, 1, 1, 1),
	(26, '60bbacdf-6533-474d-97d1-a61940141065', 'selfchatbotaccess-app', '1684515202655', '1684577700000', '1684552501244', 0, 1, 1, 1),
	(27, '60bbacdf-6533-474d-97d1-a61940141065', 'selfchatbotaccess-app', '1684549524366', '1684549524366', '1684549528102', 0, 1, 0, 1),
	(28, '3f96e762-8243-4fe6-8edf-c6414fcee6b0', 'selfchatbotaccess-app', '1684549527431', '1684549527431', '1684549529554', 0, 1, 0, 1),
	(29, '60bbacdf-6533-474d-97d1-a61940141065', 'selfchatbotaccess-app', '1684564169075', '1684564169075', '1684564170396', 0, 1, 0, 1),
	(30, '60bbacdf-6533-474d-97d1-a61940141065', 'selfchatbotaccess-app', '1684580394391', '1684580394391', '1684580395880', 0, 1, 0, 1),
	(31, '3f96e762-8243-4fe6-8edf-c6414fcee6b0', 'selfchatbotaccess-app', '1684580395111', '1684580395111', '1684580398525', 0, 1, 0, 1),
	(32, 'b0e8f152-ebed-49dd-b978-a5363a0b4105', 'selfchatbotaccess-app', '1684580395872', '1684580395872', '1684580399789', 0, 1, 0, 1),
	(33, '60bbacdf-6533-474d-97d1-a61940141065', 'selfchatbotaccess-app', '1684583723621', '1684609020000', '1684583820925', 0, 1, 0, 1),
	(34, '60bbacdf-6533-474d-97d1-a61940141065', 'selfchatbotaccess-app', '1684591369716', '1684591369716', '1684591373154', 0, 1, 0, 1),
	(35, '60bbacdf-6533-474d-97d1-a61940141065', 'selfchatbotaccess-app', '1684591520642', '1684591520642', '1684591522661', 0, 1, 0, 1),
	(36, '60bbacdf-6533-474d-97d1-a61940141065', 'selfchatbotaccess-app', '1684591701059', '1684591701059', '1684591702618', 0, 1, 1, 1),
	(37, '1b73b533-50d7-4002-bcc9-9c9eb146dae6', 'selfchatbotaccess-app', '1684591757054', '1684591757054', '1684591759293', 0, 1, 0, 1),
	(38, 'b0e8f152-ebed-49dd-b978-a5363a0b4105', 'selfchatbotaccess-app', '1684592496156', '1684617480000', '1684592499711', 0, 1, 0, 1),
	(39, 'b0e8f152-ebed-49dd-b978-a5363a0b4105', 'selfchatbotaccess-app', '1684606852857', '1684673400000', '1684648200954', 0, 1, 0, 1),
	(40, '3f96e762-8243-4fe6-8edf-c6414fcee6b0', 'selfchatbotaccess-app', '1684607000867', '1684664400000', '1684639200905', 0, 1, 0, 1),
	(41, '3f96e762-8243-4fe6-8edf-c6414fcee6b0', 'selfchatbotaccess-app', '1684607078511', '1684656720000', '1684631520909', 0, 1, 0, 1),
	(42, '3f96e762-8243-4fe6-8edf-c6414fcee6b0', 'selfchatbotaccess-app', '1684607157360', '1684685700000', '1684667455081', 0, 1, 0, 1),
	(43, '3f96e762-8243-4fe6-8edf-c6414fcee6b0', 'selfchatbotaccess-app', '1684607285945', '1684607285945', '1684607287135', 0, 1, 0, 1),
	(44, 'b0e8f152-ebed-49dd-b978-a5363a0b4105', 'selfchatbotaccess-app', '1684607286416', '1684607286416', '1684607288508', 0, 1, 0, 1),
	(45, '3f96e762-8243-4fe6-8edf-c6414fcee6b0', 'selfchatbotaccess-app', '1684632219552', '1684632219552', '1684632221719', 0, 1, 0, 1),
	(46, '60bbacdf-6533-474d-97d1-a61940141065', 'tracerstudyd3tipsdku001-2', '1684656460697', '1684681740000', '1684656540706', 0, 1, 0, 1),
	(47, '60bbacdf-6533-474d-97d1-a61940141065', 'tracerstudyd3tipsdku001-2', '1684656481612', '1684681740000', '1684656572502', 0, 1, 0, 1),
	(48, '60bbacdf-6533-474d-97d1-a61940141065', 'tracerstudyd3tipsdku001-2', '1684656501154', '1684681740000', '1684656542538', 0, 1, 0, 1),
	(49, '60bbacdf-6533-474d-97d1-a61940141065', 'tracerstudyd3tipsdku001-2', '1684656637990', '1684656540000', '1684656644023', 0, 1, 0, 1),
	(50, '60bbacdf-6533-474d-97d1-a61940141065', 'tracerstudyd3tipsdku001-2', '1684656961008', '1684657080000', '1684657080823', 0, 1, 0, 1),
	(51, '60bbacdf-6533-474d-97d1-a61940141065', 'tracerstudyd3tipsdku001-2', '1684657091598', '1684657140000', '1684657142454', 0, 1, 0, 1),
	(52, '60bbacdf-6533-474d-97d1-a61940141065', 'tracerstudyd3tipsdku001-2', '1684657401713', '1684657500000', '1684657500829', 0, 1, 0, 1),
	(53, '60bbacdf-6533-474d-97d1-a61940141065', 'tracerstudyd3tipsdku001-2', '1684661150491', '1684661220000', '1684662204371', 0, 1, 1, 1),
	(54, '60bbacdf-6533-474d-97d1-a61940141065', 'tracerstudyd3tipsdku001-2', '1684661333878', '1684661400000', '1684662209699', 0, 1, 1, 1),
	(55, '60bbacdf-6533-474d-97d1-a61940141065', 'tracerstudyd3tipsdku001-2', '1684662236207', '1684662240000', '1684662242499', 0, 1, 0, 1),
	(56, '60bbacdf-6533-474d-97d1-a61940141065', 'selfchatbotaccess-app', '1684706183987', '1684706183987', '1684706185789', 0, 1, 0, 1),
	(57, '60bbacdf-6533-474d-97d1-a61940141065', 'tracerstudyd3tipsdku001-2', '1684706412335', '1684706412335', '1684706419575', 0, 1, 1, 1),
	(58, '60bbacdf-6533-474d-97d1-a61940141065', 'tracerstudyd3tipsdku001-2', '1684706481659', '1684620120000', '1684706485014', 0, 1, 0, 1),
	(59, '60bbacdf-6533-474d-97d1-a61940141065', 'selfchatbotaccess-app', '1684706834637', '1684706834637', '1684706835991', 0, 1, 0, 1),
	(60, '60bbacdf-6533-474d-97d1-a61940141065', 'selfchatbotaccess-app', '1684729472904', '1684754700000', '1684729500978', 0, 1, 0, 1),
	(61, '60bbacdf-6533-474d-97d1-a61940141065', 'selfchatbotaccess-app', '1684729478163', '1684754700000', '1684729504843', 0, 1, 0, 1),
	(62, '1b73b533-50d7-4002-bcc9-9c9eb146dae6', 'selfchatbotaccess-app', '1684730278504', '1684755480000', '1684730281339', 0, 1, 0, 1),
	(69, '1b73b533-50d7-4002-bcc9-9c9eb146dae6', 'simlabd3tipsdku001-1', '1684737869654', '1684763100000', '1684753592470', 0, 1, 1, 1),
	(70, '1b73b533-50d7-4002-bcc9-9c9eb146dae6', 'simlabd3tipsdku001-1', '1684738087178', '1684763100000', '1684753602972', 0, 1, 1, 1),
	(71, '1b73b533-50d7-4002-bcc9-9c9eb146dae6', 'simlabd3tipsdku001-1', '1684738099417', '1684763400000', '1684753609290', 0, 1, 1, 1),
	(72, '1b73b533-50d7-4002-bcc9-9c9eb146dae6', 'simlabd3tipsdku001-1', '1684738563985', '1684763760000', '1684753617668', 0, 1, 1, 1),
	(73, '1b73b533-50d7-4002-bcc9-9c9eb146dae6', 'simlabd3tipsdku001-1', '1684738618973', '1684763820000', '1684753622093', 0, 1, 1, 1),
	(74, '1b73b533-50d7-4002-bcc9-9c9eb146dae6', 'simlabd3tipsdku001-1', '1684738881400', '1684764120000', '1684753629764', 0, 1, 1, 1),
	(75, '1b73b533-50d7-4002-bcc9-9c9eb146dae6', 'tracerstudyd3tipsdku001-2', '1684739851484', '1684739851484', '1684739854340', 0, 1, 1, 1),
	(76, '1b73b533-50d7-4002-bcc9-9c9eb146dae6', 'simlabd3tipsdku001-1', '1684739976761', '1684739976761', '1684739978194', 0, 1, 0, 1),
	(77, '1b73b533-50d7-4002-bcc9-9c9eb146dae6', 'simlabd3tipsdku001-1', '1684740071449', '1684765320000', '1684753637319', 0, 1, 1, 1),
	(78, '1b73b533-50d7-4002-bcc9-9c9eb146dae6', 'simlabd3tipsdku001-1', '1684740122409', '1684740122409', '1684740125943', 0, 1, 0, 1),
	(79, '1b73b533-50d7-4002-bcc9-9c9eb146dae6', 'simlabd3tipsdku001-1', '1684740193429', '1684765500000', '1684753642407', 0, 1, 1, 1),
	(80, '60bbacdf-6533-474d-97d1-a61940141065', 'tracerstudyd3tipsdku001-2', '1684755298121', '1684755300000', '1684755304279', 0, 1, 0, 1),
	(81, '60bbacdf-6533-474d-97d1-a61940141065', 'tracerstudyd3tipsdku001-2', '1684755810118', '1684755810118', '1684755814927', 0, 1, 1, 1),
	(82, '60bbacdf-6533-474d-97d1-a61940141065', 'tracerstudyd3tipsdku001-2', '1684756277059', '1684756277059', '1684756279365', 0, 1, 0, 1),
	(83, '60bbacdf-6533-474d-97d1-a61940141065', 'selfchatbotaccess-app', '1684756398621', '1684756398621', '1684756401152', 0, 1, 0, 1),
	(84, '1b73b533-50d7-4002-bcc9-9c9eb146dae6', 'simlabd3tipsdku001-1', '1684760584598', '1684785840000', '1684760641192', 0, 1, 1, 1),
	(85, '1b73b533-50d7-4002-bcc9-9c9eb146dae6', 'simlabd3tipsdku001-1', '1684766647800', '1684766647800', '1684766649080', 0, 1, 0, 1),
	(86, '60bbacdf-6533-474d-97d1-a61940141065', 'selfchatbotaccess-app', '1684776174969', '1684776174969', '1684776176473', 0, 1, 0, 1),
	(87, '3f96e762-8243-4fe6-8edf-c6414fcee6b0', 'selfchatbotaccess-app', '1684894660886', '1684894660886', '1684894665088', 0, 1, 0, 1),
	(88, 'c53dc049-3e56-4cbb-9bb0-03c75134d751', 'simlabd3tipsdku001-1', '1684902128026', '1684902128026', '1684902130283', 0, 1, 0, 1),
	(89, 'c53dc049-3e56-4cbb-9bb0-03c75134d751', 'simlabd3tipsdku001-1', '1684902208705', '1684902208705', '1684902210074', 0, 1, 0, 1),
	(90, 'c53dc049-3e56-4cbb-9bb0-03c75134d751', 'simlabd3tipsdku001-1', '1684902848824', '1684902848824', '1684902851915', 0, 1, 0, 1),
	(91, 'c53dc049-3e56-4cbb-9bb0-03c75134d751', 'simlabd3tipsdku001-1', '1684903400758', '1684903400758', '1684903403296', 0, 1, 0, 1),
	(92, 'c53dc049-3e56-4cbb-9bb0-03c75134d751', 'simlabd3tipsdku001-1', '1684903498415', '1684903498415', '1684903505133', 0, 1, 0, 1),
	(93, '1b73b533-50d7-4002-bcc9-9c9eb146dae6', 'simlabd3tipsdku001-1', '1684903567086', '1684903567086', '1684903568383', 0, 1, 0, 1),
	(94, 'c53dc049-3e56-4cbb-9bb0-03c75134d751', 'simlabd3tipsdku001-1', '1684903770561', '1684903770561', '1684903771660', 0, 1, 0, 1),
	(95, '1b73b533-50d7-4002-bcc9-9c9eb146dae6', 'simlabd3tipsdku001-1', '1684904640168', '1684904640168', '1684904641942', 0, 1, 0, 1),
	(96, '1b73b533-50d7-4002-bcc9-9c9eb146dae6', 'simlabd3tipsdku001-1', '1684904860795', '1684904860795', '1684904863123', 0, 1, 0, 1),
	(97, '1b73b533-50d7-4002-bcc9-9c9eb146dae6', 'simlabd3tipsdku001-1', '1684906112672', '1684906112672', '1684906116916', 0, 1, 0, 1),
	(98, '1b73b533-50d7-4002-bcc9-9c9eb146dae6', 'simlabd3tipsdku001-1', '1684906130443', '1684931400000', '-', 0, 1, 1, 1),
	(99, '3f96e762-8243-4fe6-8edf-c6414fcee6b0', 'selfchatbotaccess-app', '1684906671473', '1684906671473', '1684906677972', 0, 1, 0, 1),
	(100, '1b73b533-50d7-4002-bcc9-9c9eb146dae6', 'simlabd3tipsdku001-1', '1684906726824', '1684931940000', '-', 0, 1, 1, 1),
	(101, '3f96e762-8243-4fe6-8edf-c6414fcee6b0', 'selfchatbotaccess-app', '1684906781737', '1684932060000', '-', 0, 1, 0, 1),
	(102, '1b73b533-50d7-4002-bcc9-9c9eb146dae6', 'selfchatbotaccess-app', '1684906817311', '1684932120000', '-', 0, 1, 1, 1),
	(103, '1b73b533-50d7-4002-bcc9-9c9eb146dae6', 'simlabd3tipsdku001-1', '1684906898230', '1684932120000', '-', 0, 1, 1, 1),
	(104, '1b73b533-50d7-4002-bcc9-9c9eb146dae6', 'simlabd3tipsdku001-1', '1684907789272', '1684907789272', '1684907792501', 0, 1, 0, 1),
	(105, '1b73b533-50d7-4002-bcc9-9c9eb146dae6', 'simlabd3tipsdku001-1', '1684907814623', '1684924920000', '-', 0, 1, 1, 1),
	(106, '1b73b533-50d7-4002-bcc9-9c9eb146dae6', 'simlabd3tipsdku001-1', '1684907866798', '1684904340000', '-', 0, 1, 1, 1),
	(107, 'c53dc049-3e56-4cbb-9bb0-03c75134d751', 'simlabd3tipsdku001-1', '1684918270433', '1684918270433', '1684918273201', 0, 1, 0, 1),
	(108, 'c53dc049-3e56-4cbb-9bb0-03c75134d751', 'simlabd3tipsdku001-1', '1684920886545', '1684920886545', '1684920887743', 0, 1, 0, 1),
	(109, 'c53dc049-3e56-4cbb-9bb0-03c75134d751', 'simlabd3tipsdku001-1', '1684922452969', '1684922452969', '1684922455201', 0, 1, 0, 1),
	(110, '1b73b533-50d7-4002-bcc9-9c9eb146dae6', 'simlabd3tipsdku001-1', '1684922485750', '1684922485750', '1684922489476', 0, 1, 0, 1),
	(111, 'c53dc049-3e56-4cbb-9bb0-03c75134d751', 'selfchatbotaccess-app', '1684922682138', '1684922682138', '1684922693116', 0, 1, 0, 1),
	(112, '06dc2517-ec02-437b-a355-bb36097e62ed', 'selfchatbotaccess-app', '1684923080479', '1684923080479', '1684923081776', 0, 1, 0, 1),
	(113, 'c53dc049-3e56-4cbb-9bb0-03c75134d751', 'simlabd3tipsdku001-1', '1684923097645', '1684923097645', '1684923102530', 0, 1, 0, 1),
	(114, '3f96e762-8243-4fe6-8edf-c6414fcee6b0', 'selfchatbotaccess-app', '1684923125566', '1684923125566', '1684923126896', 0, 1, 0, 1),
	(115, 'c53dc049-3e56-4cbb-9bb0-03c75134d751', 'simlabd3tipsdku001-1', '1684925533264', '1684925533264', '1684925536555', 0, 1, 0, 1),
	(118, 'c53dc049-3e56-4cbb-9bb0-03c75134d751', 'tracerstudyd3tipsdku001-2', '1684931235676', '1684755300000', '-', 0, 1, 0, 1),
	(119, 'c53dc049-3e56-4cbb-9bb0-03c75134d751', 'tracerstudyd3tipsdku001-2', '1684931266922', '1684931340000', '-', 0, 1, 0, 1),
	(120, 'c53dc049-3e56-4cbb-9bb0-03c75134d751', 'tracerstudyd3tipsdku001-2', '1684931448085', '1684931460000', '-', 0, 1, 0, 1),
	(121, 'c53dc049-3e56-4cbb-9bb0-03c75134d751', 'tracerstudyd3tipsdku001-2', '1684931532545', '1684931580000', '-', 0, 1, 0, 1),
	(122, 'c53dc049-3e56-4cbb-9bb0-03c75134d751', 'tracerstudyd3tipsdku001-2', '1684931645419', '1684931700000', '-', 0, 1, 0, 1),
	(123, 'c53dc049-3e56-4cbb-9bb0-03c75134d751', 'tracerstudyd3tipsdku001-2', '1684931724419', '1684931760000', '-', 0, 1, 0, 1),
	(124, 'c53dc049-3e56-4cbb-9bb0-03c75134d751', 'tracerstudyd3tipsdku001-2', '1684931923179', '1684931940000', '-', 0, 1, 0, 1),
	(125, 'c53dc049-3e56-4cbb-9bb0-03c75134d751', 'tracerstudyd3tipsdku001-2', '1684932005509', '1684932000000', '-', 0, 1, 0, 1),
	(126, 'c53dc049-3e56-4cbb-9bb0-03c75134d751', 'tracerstudyd3tipsdku001-2', '1684932078927', '1684932120000', '-', 0, 1, 0, 1),
	(127, '06dc2517-ec02-437b-a355-bb36097e62ed', 'tracerstudyd3tipsdku001-2', '1684932182363', '1684932240000', '-', 0, 1, 0, 1),
	(128, '06dc2517-ec02-437b-a355-bb36097e62ed', 'tracerstudyd3tipsdku001-2', '1684932429171', '1684932420000', '1684932457746', 0, 1, 0, 1),
	(129, '06dc2517-ec02-437b-a355-bb36097e62ed', 'tracerstudyd3tipsdku001-2', '1684932437309', '1684932480000', '1684932483074', 0, 1, 0, 1),
	(130, '06dc2517-ec02-437b-a355-bb36097e62ed', 'tracerstudyd3tipsdku001-2', '1684932609909', '1684932660000', '1684932683473', 0, 1, 0, 1),
	(131, '06dc2517-ec02-437b-a355-bb36097e62ed', 'tracerstudyd3tipsdku001-2', '1684932738537', '1684932780000', '1684932810633', 0, 1, 0, 1),
	(132, '06dc2517-ec02-437b-a355-bb36097e62ed', 'tracerstudyd3tipsdku001-2', '1684932899664', '1684932900000', '1684932919443', 0, 1, 0, 1),
	(133, '06dc2517-ec02-437b-a355-bb36097e62ed', 'tracerstudyd3tipsdku001-2', '1684932911830', '1684932960000', '1684932982212', 0, 1, 0, 1),
	(134, '06dc2517-ec02-437b-a355-bb36097e62ed', 'tracerstudyd3tipsdku001-2', '1684933779292', '1684930260000', '-', 0, 1, 0, 1),
	(135, '06dc2517-ec02-437b-a355-bb36097e62ed', 'tracerstudyd3tipsdku001-2', '1684933784598', '1684933860000', '-', 0, 1, 0, 1),
	(136, '06dc2517-ec02-437b-a355-bb36097e62ed', 'tracerstudyd3tipsdku001-2', '1684933907649', '1684933920000', '-', 0, 1, 0, 1),
	(137, '06dc2517-ec02-437b-a355-bb36097e62ed', 'tracerstudyd3tipsdku001-2', '1684934075322', '1684934160000', '-', 0, 1, 0, 1),
	(138, '06dc2517-ec02-437b-a355-bb36097e62ed', 'tracerstudyd3tipsdku001-2', '1684934333822', '1684934340000', '1684934343848', 0, 1, 0, 1),
	(139, '06dc2517-ec02-437b-a355-bb36097e62ed', 'tracerstudyd3tipsdku001-2', '1684934384612', '1684934460000', '-', 0, 1, 0, 1),
	(140, '06dc2517-ec02-437b-a355-bb36097e62ed', 'tracerstudyd3tipsdku001-2', '1684934863678', '1684934863678', '1684934869623', 0, 1, 0, 1),
	(141, '06dc2517-ec02-437b-a355-bb36097e62ed', 'tracerstudyd3tipsdku001-2', '1684934919121', '1684934919121', '-', 0, 1, 0, 1),
	(142, '3f96e762-8243-4fe6-8edf-c6414fcee6b0', 'tracerstudyd3tipsdku001-2', '1684935036414', '1684935036414', '1684935087102', 0, 1, 0, 1),
	(143, '3f96e762-8243-4fe6-8edf-c6414fcee6b0', 'tracerstudyd3tipsdku001-2', '1684935119247', '1684935119247', '-', 0, 1, 0, 1),
	(144, '06dc2517-ec02-437b-a355-bb36097e62ed', 'selfchatbotaccess-app', '1684936220549', '1684936220549', '-', 0, 1, 0, 1),
	(145, '06dc2517-ec02-437b-a355-bb36097e62ed', 'selfchatbotaccess-app', '1684936280113', '1684936280113', '1684936284720', 0, 1, 0, 1),
	(146, '06dc2517-ec02-437b-a355-bb36097e62ed', 'selfchatbotaccess-app', '1684936325388', '1684961580000', '1684936381604', 0, 1, 0, 1),
	(147, '1b73b533-50d7-4002-bcc9-9c9eb146dae6', 'selfchatbotaccess-app', '1684936656984', '1684936656984', '1684936661577', 0, 1, 0, 1),
	(148, 'c53dc049-3e56-4cbb-9bb0-03c75134d751', 'selfchatbotaccess-app', '1684936720973', '1684936720973', '1684936723079', 0, 1, 0, 1),
	(149, 'c53dc049-3e56-4cbb-9bb0-03c75134d751', 'simlabd3tipsdku001-1', '1684937464087', '1684937464087', '1684937465705', 0, 1, 0, 1),
	(150, 'c53dc049-3e56-4cbb-9bb0-03c75134d751', 'simlabd3tipsdku001-1', '1684937633194', '1684937633194', '1684937635194', 0, 1, 0, 1),
	(151, 'c53dc049-3e56-4cbb-9bb0-03c75134d751', 'simlabd3tipsdku001-1', '1684937784051', '1684937784051', '1684937788493', 0, 1, 0, 1),
	(152, 'c53dc049-3e56-4cbb-9bb0-03c75134d751', 'simlabd3tipsdku001-1', '1684937991431', '1684937991431', '1684937996296', 0, 1, 0, 1),
	(153, 'c53dc049-3e56-4cbb-9bb0-03c75134d751', 'simlabd3tipsdku001-1', '1684938055643', '1684938055643', '1684938057287', 0, 1, 0, 1),
	(154, 'c53dc049-3e56-4cbb-9bb0-03c75134d751', 'simlabd3tipsdku001-1', '1684938152183', '1684938152183', '1684938154087', 0, 1, 0, 1),
	(155, 'c53dc049-3e56-4cbb-9bb0-03c75134d751', 'simlabd3tipsdku001-1', '1684938550555', '1684938550555', '1684938553598', 0, 1, 0, 1),
	(156, 'c53dc049-3e56-4cbb-9bb0-03c75134d751', 'simlabd3tipsdku001-1', '1684938726477', '1684938726477', '1684938728268', 0, 1, 0, 1),
	(157, 'c53dc049-3e56-4cbb-9bb0-03c75134d751', 'simlabd3tipsdku001-1', '1684943723249', '1684943723249', '1684971333838', 0, 1, 0, 1),
	(158, '3f96e762-8243-4fe6-8edf-c6414fcee6b0', 'selfchatbotaccess-app', '1684971366445', '1684971366445', '-', 0, 1, 0, 1),
	(159, 'b0e8f152-ebed-49dd-b978-a5363a0b4105', 'selfchatbotaccess-app', '1684971459955', '1684971459955', '1684971461106', 0, 1, 0, 1),
	(160, '1b73b533-50d7-4002-bcc9-9c9eb146dae6', 'selfchatbotaccess-app', '1684971460458', '1684971460458', '1684971464533', 0, 1, 0, 1),
	(161, 'cedaa660-9def-4c2c-947e-6a1c687ee877', 'selfchatbotaccess-app', '1684971462341', '1684971462341', '1684971466710', 0, 1, 0, 1),
	(162, '3f96e762-8243-4fe6-8edf-c6414fcee6b0', 'selfchatbotaccess-app', '1684971466111', '1684971466111', '1684971470082', 0, 1, 0, 1),
	(163, 'c53dc049-3e56-4cbb-9bb0-03c75134d751', 'simlabd3tipsdku001-1', '1684971887851', '1684971887851', '1684971889487', 0, 1, 0, 1),
	(164, '3f96e762-8243-4fe6-8edf-c6414fcee6b0', 'selfchatbotaccess-app', '1684987541480', '1684987541480', '1684987545434', 0, 1, 0, 1),
	(165, '3f96e762-8243-4fe6-8edf-c6414fcee6b0', 'selfchatbotaccess-app', '1684989778839', '1684989778839', '1684989781470', 0, 1, 0, 1),
	(166, 'c53dc049-3e56-4cbb-9bb0-03c75134d751', 'simlabd3tipsdku001-1', '1684992041597', '1684992041597', '1684992046843', 0, 1, 0, 1),
	(177, '1b73b533-50d7-4002-bcc9-9c9eb146dae6', 'simlabd3tipsdku001-1', '1685001226421', '1684940040000', '1685001228270', 0, 1, 1, 1),
	(178, '1b73b533-50d7-4002-bcc9-9c9eb146dae6', 'simlabd3tipsdku001-1', '1685001241212', '1685026440000', '1685001242981', 0, 1, 1, 1),
	(179, '1b73b533-50d7-4002-bcc9-9c9eb146dae6', 'simlabd3tipsdku001-1', '1685001261222', '1685026440000', '1685001263461', 0, 1, 1, 1),
	(180, '1b73b533-50d7-4002-bcc9-9c9eb146dae6', 'simlabd3tipsdku001-1', '1685001281100', '1685026620000', '1688173201112', 0, 1, 1, 1),
	(181, 'c53dc049-3e56-4cbb-9bb0-03c75134d751', 'simlabd3tipsdku001-1', '1685001326649', '1685001326649', '1685001329442', 0, 1, 0, 1),
	(182, 'c53dc049-3e56-4cbb-9bb0-03c75134d751', 'simlabd3tipsdku001-1', '1685004300648', '1685004300648', '1688173202416', 0, 1, 0, 1),
	(183, 'c53dc049-3e56-4cbb-9bb0-03c75134d751', 'simlabd3tipsdku001-1', '1685004451700', '1685004451700', '1685004463082', 0, 1, 0, 1),
	(184, 'c53dc049-3e56-4cbb-9bb0-03c75134d751', 'simlabd3tipsdku001-1', '1685004518599', '1685004518599', '1685004524237', 0, 1, 0, 1),
	(185, 'c53dc049-3e56-4cbb-9bb0-03c75134d751', 'simlabd3tipsdku001-1', '1685004569143', '1685004569143', '1685004576165', 0, 1, 0, 1),
	(186, '1b73b533-50d7-4002-bcc9-9c9eb146dae6', 'selfchatbotaccess-app', '1685004734475', '1685029920000', '1685004747269', 0, 1, 0, 1),
	(187, '1b73b533-50d7-4002-bcc9-9c9eb146dae6', 'selfchatbotaccess-app', '1685004792912', '1685030040000', '1685004845703', 0, 1, 0, 1),
	(188, 'c53dc049-3e56-4cbb-9bb0-03c75134d751', 'simlabd3tipsdku001-1', '1685004985936', '1685004985936', '1685005021639', 0, 1, 0, 1),
	(189, 'c53dc049-3e56-4cbb-9bb0-03c75134d751', 'simlabd3tipsdku001-1', '1685005014687', '1685005014687', '1685005025191', 0, 1, 0, 1),
	(190, 'c53dc049-3e56-4cbb-9bb0-03c75134d751', 'simlabd3tipsdku001-1', '1685005919355', '1685005919355', '1685005950518', 0, 1, 0, 1),
	(191, 'c53dc049-3e56-4cbb-9bb0-03c75134d751', 'simlabd3tipsdku001-1', '1685005937288', '1685005937288', '1685005952748', 0, 1, 0, 1),
	(192, 'c53dc049-3e56-4cbb-9bb0-03c75134d751', 'simlabd3tipsdku001-1', '1685006017177', '1685006017177', '1685006020390', 0, 1, 0, 1),
	(193, 'c53dc049-3e56-4cbb-9bb0-03c75134d751', 'simlabd3tipsdku001-1', '1685006105276', '1685006105276', '1685006107400', 0, 1, 0, 1),
	(194, 'c53dc049-3e56-4cbb-9bb0-03c75134d751', 'simlabd3tipsdku001-1', '1685006644169', '1685006644169', '1685006647694', 0, 1, 0, 1),
	(195, 'c53dc049-3e56-4cbb-9bb0-03c75134d751', 'simlabd3tipsdku001-1', '1685007460940', '1685007460940', '1685007462770', 0, 1, 0, 1),
	(196, 'c53dc049-3e56-4cbb-9bb0-03c75134d751', 'simlabd3tipsdku001-1', '1685019721863', '1685019721863', '1685019743147', 0, 1, 0, 1),
	(197, 'c53dc049-3e56-4cbb-9bb0-03c75134d751', 'simlabd3tipsdku001-1', '1685020207704', '1685020207704', '1685020242128', 0, 1, 0, 1),
	(198, 'c53dc049-3e56-4cbb-9bb0-03c75134d751', 'simlabd3tipsdku001-1', '1685020292015', '1685020292015', '1685020299949', 0, 1, 0, 1),
	(199, 'c53dc049-3e56-4cbb-9bb0-03c75134d751', 'simlabd3tipsdku001-1', '1685020344603', '1685020344603', '1685020348250', 0, 1, 0, 1),
	(200, 'c53dc049-3e56-4cbb-9bb0-03c75134d751', 'simlabd3tipsdku001-1', '1685021049632', '1685021049632', '1685021056270', 0, 1, 0, 1),
	(201, '1b73b533-50d7-4002-bcc9-9c9eb146dae6', 'simlabd3tipsdku001-1', '1685024321444', '1685049600000', '1685024401380', 0, 1, 1, 1),
	(211, '3f96e762-8243-4fe6-8edf-c6414fcee6b0', 'selfchatbotaccess-app', '1685067311293', '1685067311293', '1685067314326', 0, 1, 0, 1),
	(212, 'c53dc049-3e56-4cbb-9bb0-03c75134d751', 'simlabd3tipsdku001-1', '1685067561842', '1685067561842', '1685067563379', 0, 1, 0, 1),
	(213, 'c53dc049-3e56-4cbb-9bb0-03c75134d751', 'simlabd3tipsdku001-1', '1685067636821', '1685067636821', '1685067640895', 0, 1, 0, 1),
	(214, 'c53dc049-3e56-4cbb-9bb0-03c75134d751', 'simlabd3tipsdku001-1', '1685068097304', '1685068097304', '1685068100299', 0, 1, 0, 1),
	(215, 'c53dc049-3e56-4cbb-9bb0-03c75134d751', 'simlabd3tipsdku001-1', '1685068330915', '1685068330915', '1685068332550', 0, 1, 0, 1),
	(216, 'c53dc049-3e56-4cbb-9bb0-03c75134d751', 'simlabd3tipsdku001-1', '1685068389485', '1685068389485', '1685068390952', 0, 1, 0, 1),
	(217, 'c53dc049-3e56-4cbb-9bb0-03c75134d751', 'simlabd3tipsdku001-1', '1685068570958', '1685068570958', '1685068572350', 0, 1, 0, 1),
	(218, 'c53dc049-3e56-4cbb-9bb0-03c75134d751', 'simlabd3tipsdku001-1', '1685068593625', '1685068593625', '1685068595089', 0, 1, 0, 1),
	(220, 'c53dc049-3e56-4cbb-9bb0-03c75134d751', 'simlabd3tipsdku001-1', '1685068638998', '1685068638998', '1685068640380', 0, 1, 0, 1),
	(222, 'c53dc049-3e56-4cbb-9bb0-03c75134d751', 'simlabd3tipsdku001-1', '1685068701506', '1685068701506', '1685068705546', 0, 1, 0, 1),
	(224, 'c53dc049-3e56-4cbb-9bb0-03c75134d751', 'simlabd3tipsdku001-1', '1685068973268', '1685068973268', '1685068974973', 0, 1, 0, 1),
	(226, 'c53dc049-3e56-4cbb-9bb0-03c75134d751', 'simlabd3tipsdku001-1', '1685069124197', '1685069124197', '1685069125809', 0, 1, 0, 1),
	(227, 'c53dc049-3e56-4cbb-9bb0-03c75134d751', 'simlabd3tipsdku001-1', '1685069245199', '1685069245199', '1685069247587', 0, 1, 0, 1),
	(228, 'c53dc049-3e56-4cbb-9bb0-03c75134d751', 'simlabd3tipsdku001-1', '1685069263437', '1685069263437', '1685069265039', 0, 1, 0, 1),
	(229, 'c53dc049-3e56-4cbb-9bb0-03c75134d751', 'simlabd3tipsdku001-1', '1685069299670', '1685069299670', '1685069301122', 0, 1, 0, 1),
	(230, 'c53dc049-3e56-4cbb-9bb0-03c75134d751', 'simlabd3tipsdku001-1', '1685069325149', '1685069325149', '1685069326494', 0, 1, 0, 1),
	(232, 'c53dc049-3e56-4cbb-9bb0-03c75134d751', 'simlabd3tipsdku001-1', '1685069426789', '1685069426789', '1685069428182', 0, 1, 0, 1),
	(234, 'c53dc049-3e56-4cbb-9bb0-03c75134d751', 'simlabd3tipsdku001-1', '1685069473780', '1685069473780', '1685069475065', 0, 1, 0, 1),
	(235, 'c53dc049-3e56-4cbb-9bb0-03c75134d751', 'simlabd3tipsdku001-1', '1685069520651', '1685069520651', '1685069522251', 0, 1, 0, 1),
	(236, 'c53dc049-3e56-4cbb-9bb0-03c75134d751', 'simlabd3tipsdku001-1', '1685069921307', '1685069921307', '1685069923748', 0, 1, 0, 1),
	(237, 'c53dc049-3e56-4cbb-9bb0-03c75134d751', 'simlabd3tipsdku001-1', '1685069985746', '1685069985746', '1685069987090', 0, 1, 0, 1),
	(239, '3f96e762-8243-4fe6-8edf-c6414fcee6b0', 'selfchatbotaccess-app', '1685072333408', '1685072333408', '1685072338294', 0, 1, 0, 1),
	(240, 'c53dc049-3e56-4cbb-9bb0-03c75134d751', 'simlabd3tipsdku001-1', '1685072858709', '1685072858709', '1685072861853', 0, 1, 0, 1),
	(242, 'c53dc049-3e56-4cbb-9bb0-03c75134d751', 'simlabd3tipsdku001-1', '1685072908178', '1685072908178', '1685072909753', 0, 1, 0, 1),
	(244, 'c53dc049-3e56-4cbb-9bb0-03c75134d751', 'simlabd3tipsdku001-1', '1685072987541', '1685072987541', '1685072988921', 0, 1, 0, 1),
	(245, 'c53dc049-3e56-4cbb-9bb0-03c75134d751', 'simlabd3tipsdku001-1', '1685073102101', '1685073102101', '1685073103453', 0, 1, 0, 1),
	(246, '1b73b533-50d7-4002-bcc9-9c9eb146dae6', 'simlabd3tipsdku001-1', '1685073102691', '1685100600000', '1685075401031', 0, 1, 0, 1),
	(247, 'c53dc049-3e56-4cbb-9bb0-03c75134d751', 'simlabd3tipsdku001-1', '1685073153924', '1685073153924', '1685073156435', 0, 1, 0, 1),
	(248, '1b73b533-50d7-4002-bcc9-9c9eb146dae6', 'simlabd3tipsdku001-1', '1685073155494', '1685098440000', '1685073240991', 0, 1, 0, 1),
	(249, 'c53dc049-3e56-4cbb-9bb0-03c75134d751', 'simlabd3tipsdku001-1', '1685073422386', '1685073422386', '1685073424178', 0, 1, 0, 1),
	(250, 'c53dc049-3e56-4cbb-9bb0-03c75134d751', 'simlabd3tipsdku001-1', '1685073445622', '1685073445622', '1685073446950', 0, 1, 0, 1),
	(251, 'c53dc049-3e56-4cbb-9bb0-03c75134d751', 'simlabd3tipsdku001-1', '1685073473718', '1685073473718', '1685073475361', 0, 1, 0, 1),
	(252, 'c53dc049-3e56-4cbb-9bb0-03c75134d751', 'simlabd3tipsdku001-1', '1685073500867', '1685073500867', '1685073502316', 0, 1, 0, 1),
	(253, 'c53dc049-3e56-4cbb-9bb0-03c75134d751', 'simlabd3tipsdku001-1', '1685076034054', '1685076034054', '1685076035469', 0, 1, 0, 1),
	(254, '1b73b533-50d7-4002-bcc9-9c9eb146dae6', 'simlabd3tipsdku001-1', '1685076034619', '1685102400000', '1685077201252', 0, 1, 0, 1),
	(255, 'c53dc049-3e56-4cbb-9bb0-03c75134d751', 'simlabd3tipsdku001-1', '1685084886309', '1685084886309', '1685084887736', 0, 1, 0, 1),
	(256, 'c53dc049-3e56-4cbb-9bb0-03c75134d751', 'simlabd3tipsdku001-1', '1685084887411', '1685110500000', '1685085301188', 0, 1, 0, 1),
	(257, 'c53dc049-3e56-4cbb-9bb0-03c75134d751', 'simlabd3tipsdku001-1', '1685084932053', '1685084932053', '1685084933494', 0, 1, 0, 1),
	(258, 'c53dc049-3e56-4cbb-9bb0-03c75134d751', 'simlabd3tipsdku001-1', '1685084932727', '1685110200000', '1685085001085', 0, 1, 0, 1),
	(259, 'b6f81c6a-2e57-40a9-b58e-7468a635f4a6', 'selfchatbotaccess-app', '1685086623031', '1685086623031', '1685086624641', 0, 1, 0, 1),
	(265, '3f96e762-8243-4fe6-8edf-c6414fcee6b0', 'selfchatbotaccess-app', '1685090519700', '1685090519700', '1685090522612', 0, 1, 0, 1),
	(266, '3f96e762-8243-4fe6-8edf-c6414fcee6b0', 'selfchatbotaccess-app', '1685133855154', '1685159100000', '1685133900982', 0, 1, 0, 1),
	(289, '3f96e762-8243-4fe6-8edf-c6414fcee6b0', 'selfchatbotaccess-app', '1685333458219', '1685358660000', '1685333464021', 0, 1, 0, 1),
	(290, '3f96e762-8243-4fe6-8edf-c6414fcee6b0', 'selfchatbotaccess-app', '1685334502581', '1685334502581', '1685334504015', 0, 1, 0, 1),
	(291, '3f96e762-8243-4fe6-8edf-c6414fcee6b0', 'selfchatbotaccess-app', '1685348247566', '1685348247566', '1685348256350', 0, 1, 0, 1),
	(292, '3f96e762-8243-4fe6-8edf-c6414fcee6b0', 'selfchatbotaccess-app', '1685432115533', '1685432115533', '1685432118791', 0, 1, 0, 1),
	(293, '3f96e762-8243-4fe6-8edf-c6414fcee6b0', 'selfchatbotaccess-app', '1685440989057', '1685466300000', '1685441104192', 0, 1, 0, 1),
	(304, '1b73b533-50d7-4002-bcc9-9c9eb146dae6', 'simlabd3tipsdku001-1', '1685726337182', '1685890500000', '1685865301038', 0, 1, 0, 1),
	(305, 'c53dc049-3e56-4cbb-9bb0-03c75134d751', 'simlabd3tipsdku001-1', '1685726361902', '1685726361902', '1685726364272', 0, 1, 0, 1),
	(306, '1b73b533-50d7-4002-bcc9-9c9eb146dae6', 'simlabd3tipsdku001-1', '1685726363392', '1687532100000', '-', 0, 1, 0, 1),
	(312, '1b73b533-50d7-4002-bcc9-9c9eb146dae6', 'simlabd3tipsdku001-1', '1686026528838', '1693920600000', '1686026530242', 0, 1, 0, 1),
	(313, 'c53dc049-3e56-4cbb-9bb0-03c75134d751', 'simlabd3tipsdku001-1', '1686027119962', '1686027119962', '1686027123545', 0, 1, 0, 1),
	(314, 'c53dc049-3e56-4cbb-9bb0-03c75134d751', 'simlabd3tipsdku001-1', '1686027120425', '1686231000000', '1686205801097', 0, 1, 0, 1),
	(315, 'c53dc049-3e56-4cbb-9bb0-03c75134d751', 'simlabd3tipsdku001-1', '1686027156150', '1686027156150', '1686027157563', 0, 1, 0, 1),
	(316, '1b73b533-50d7-4002-bcc9-9c9eb146dae6', 'simlabd3tipsdku001-1', '1686027156656', '1693920600000', '1686027160842', 0, 1, 0, 1),
	(317, 'c53dc049-3e56-4cbb-9bb0-03c75134d751', 'simlabd3tipsdku001-1', '1686029562368', '1686029562368', '1686029565461', 0, 1, 0, 1),
	(318, '1b73b533-50d7-4002-bcc9-9c9eb146dae6', 'selfchatbotaccess-app', '1686130927686', '1686130927686', '1686130930297', 1, 1, 0, 1),
	(319, 'c53dc049-3e56-4cbb-9bb0-03c75134d751', 'simlabd3tipsdku001-1', '1686139638129', '1686139638129', '1686139644038', 0, 1, 0, 1),
	(320, 'c53dc049-3e56-4cbb-9bb0-03c75134d751', 'simlabd3tipsdku001-1', '1686141652691', '1686141652691', '1686141654339', 0, 1, 0, 1),
	(321, '1b73b533-50d7-4002-bcc9-9c9eb146dae6', 'simlabd3tipsdku001-1', '1686141654352', '1686317400000', '1686292210483', 0, 1, 0, 1),
	(322, 'c53dc049-3e56-4cbb-9bb0-03c75134d751', 'simlabd3tipsdku001-1', '1686149480366', '1686149480366', '1686149482568', 0, 1, 0, 1),
	(323, 'c53dc049-3e56-4cbb-9bb0-03c75134d751', 'simlabd3tipsdku001-1', '1686150297036', '1686150297036', '1686150302810', 0, 1, 0, 1),
	(324, '3f96e762-8243-4fe6-8edf-c6414fcee6b0', 'selfchatbotaccess-app', '1686176992160', '1686202200000', '1686177000968', 0, 1, 0, 1),
	(325, '3f96e762-8243-4fe6-8edf-c6414fcee6b0', 'selfchatbotaccess-app', '1686177475757', '1686384600000', '1686359401430', 0, 1, 0, 1),
	(382, 'c53dc049-3e56-4cbb-9bb0-03c75134d751', 'simlabd3tipsdku001-1', '1686344132192', '1686344132192', '1686344138366', 0, 1, 0, 1),
	(383, 'c53dc049-3e56-4cbb-9bb0-03c75134d751', 'simlabd3tipsdku001-1', '1686344137417', '1686465000000', '1686465003489', 0, 1, 0, 1),
	(384, 'c53dc049-3e56-4cbb-9bb0-03c75134d751', 'simlabd3tipsdku001-1', '1686344271052', '1686344271052', '1686344272750', 0, 1, 0, 1),
	(385, '1b73b533-50d7-4002-bcc9-9c9eb146dae6', 'simlabd3tipsdku001-1', '1686344271649', '1686378600000', '1686378604748', 0, 1, 0, 1),
	(386, 'c53dc049-3e56-4cbb-9bb0-03c75134d751', 'simlabd3tipsdku001-1', '1686347588544', '1686347588544', '1686347590877', 0, 1, 0, 1),
	(387, 'c53dc049-3e56-4cbb-9bb0-03c75134d751', 'simlabd3tipsdku001-1', '1686347589872', '1686378600000', '1686378602389', 0, 1, 0, 1),
	(388, 'c53dc049-3e56-4cbb-9bb0-03c75134d751', 'simlabd3tipsdku001-1', '1686347976615', '1686347976615', '1686347977983', 0, 1, 0, 1),
	(389, '1b73b533-50d7-4002-bcc9-9c9eb146dae6', 'selfchatbotaccess-app', '1686366873937', '1686366873937', '1686366874516', 1, 0, 0, 1),
	(390, 'c53dc049-3e56-4cbb-9bb0-03c75134d751', 'simlabd3tipsdku001-1', '1686500115433', '1686500115433', '1686538311798', 0, 1, 0, 1),
	(391, 'c53dc049-3e56-4cbb-9bb0-03c75134d751', 'simlabd3tipsdku001-1', '1686500116459', '1686551400000', '1686551401112', 0, 1, 0, 1),
	(392, 'c53dc049-3e56-4cbb-9bb0-03c75134d751', 'simlabd3tipsdku001-1', '1686536117236', '1686536117236', '1686538313692', 0, 1, 0, 1),
	(393, '1b73b533-50d7-4002-bcc9-9c9eb146dae6', 'simlabd3tipsdku001-1', '1686536118349', '1686551400000', '1686551405907', 0, 1, 0, 1),
	(394, 'c53dc049-3e56-4cbb-9bb0-03c75134d751', 'simlabd3tipsdku001-1', '1686536393967', '1686536393967', '1686538317155', 0, 1, 0, 1),
	(395, 'c53dc049-3e56-4cbb-9bb0-03c75134d751', 'simlabd3tipsdku001-1', '1686536542720', '1686536542720', '1686538318464', 0, 1, 0, 1),
	(396, 'c53dc049-3e56-4cbb-9bb0-03c75134d751', 'selfchatbotaccess-app', '1686536707367', '1686536707367', '1686538319822', 0, 1, 0, 1),
	(397, 'c53dc049-3e56-4cbb-9bb0-03c75134d751', 'simlabd3tipsdku001-1', '1686536772027', '1686536772027', '1686538321734', 0, 1, 0, 1),
	(398, 'c53dc049-3e56-4cbb-9bb0-03c75134d751', 'simlabd3tipsdku001-1', '1686537433416', '1686537433416', '1686538323310', 0, 1, 0, 1),
	(399, '1b73b533-50d7-4002-bcc9-9c9eb146dae6', 'simlabd3tipsdku001-1', '1686537434012', '1686637800000', '1686637803296', 0, 1, 0, 1),
	(400, 'c53dc049-3e56-4cbb-9bb0-03c75134d751', 'simlabd3tipsdku001-1', '1686537486384', '1686537486384', '1686538325036', 0, 1, 0, 1),
	(401, '1b73b533-50d7-4002-bcc9-9c9eb146dae6', 'simlabd3tipsdku001-1', '1686537878086', '1685024400000', '1686538312008', 0, 1, 1, 1),
	(402, '1b73b533-50d7-4002-bcc9-9c9eb146dae6', 'simlabd3tipsdku001-1', '1686537899705', '1686537900000', '1686538314323', 0, 1, 1, 1),
	(403, '06dc2517-ec02-437b-a355-bb36097e62ed', 'selfchatbotaccess-app', '1686538200053', '1686538200000', '1686538317291', 0, 1, 0, 1),
	(404, '06dc2517-ec02-437b-a355-bb36097e62ed', 'selfchatbotaccess-app', '1686538479947', '1686542400000', '1686542402111', 0, 1, 0, 1),
	(405, '06dc2517-ec02-437b-a355-bb36097e62ed', 'selfchatbotaccess-app', '1686538533316', '1686538560000', '1686538561771', 0, 1, 0, 1),
	(406, 'c53dc049-3e56-4cbb-9bb0-03c75134d751', 'simlabd3tipsdku001-1', '1686543806088', '1686543806088', '1686543808731', 0, 1, 0, 1),
	(407, 'c53dc049-3e56-4cbb-9bb0-03c75134d751', 'simlabd3tipsdku001-1', '1686546977574', '1686546977574', '1686546979315', 0, 1, 0, 1),
	(408, '1b73b533-50d7-4002-bcc9-9c9eb146dae6', 'simlabd3tipsdku001-1', '1686546978339', '1686551400000', '1686551404198', 0, 1, 0, 1),
	(409, 'c53dc049-3e56-4cbb-9bb0-03c75134d751', 'simlabd3tipsdku001-1', '1686547171352', '1686547171352', '1686547175576', 0, 1, 0, 1),
	(410, 'c53dc049-3e56-4cbb-9bb0-03c75134d751', 'simlabd3tipsdku001-1', '1686623019717', '1686623019717', '1686623023325', 0, 1, 0, 1),
	(411, 'c53dc049-3e56-4cbb-9bb0-03c75134d751', 'simlabd3tipsdku001-1', '1686623022450', '1686637800000', '1686637801159', 0, 1, 0, 1),
	(412, 'c53dc049-3e56-4cbb-9bb0-03c75134d751', 'simlabd3tipsdku001-1', '1686624575693', '1686624575693', '1686624577157', 0, 1, 0, 1),
	(413, '1b73b533-50d7-4002-bcc9-9c9eb146dae6', 'simlabd3tipsdku001-1', '1686624576288', '1686637800000', '1686637809865', 0, 1, 0, 1),
	(414, 'c53dc049-3e56-4cbb-9bb0-03c75134d751', 'simlabd3tipsdku001-1', '1686624615708', '1686624615708', '1686624617319', 0, 1, 0, 1),
	(415, '1b73b533-50d7-4002-bcc9-9c9eb146dae6', 'simlabd3tipsdku001-1', '1686624616369', '1686810600000', '1686810601292', 0, 1, 0, 1),
	(416, 'c53dc049-3e56-4cbb-9bb0-03c75134d751', 'simlabd3tipsdku001-1', '1686624779982', '1686624779982', '1686624781551', 0, 1, 0, 1),
	(417, '1b73b533-50d7-4002-bcc9-9c9eb146dae6', 'simlabd3tipsdku001-1', '1686624780564', '1686637800000', '1686637807384', 0, 1, 0, 1),
	(418, 'c53dc049-3e56-4cbb-9bb0-03c75134d751', 'simlabd3tipsdku001-1', '1686624802341', '1686624802341', '1686624804286', 0, 1, 0, 1),
	(419, '1b73b533-50d7-4002-bcc9-9c9eb146dae6', 'simlabd3tipsdku001-1', '1686624803412', '1686810600000', '1686810602957', 0, 1, 0, 1),
	(420, 'c53dc049-3e56-4cbb-9bb0-03c75134d751', 'simlabd3tipsdku001-1', '1686627061765', '1686627061765', '1686627063455', 0, 1, 0, 1),
	(421, '1b73b533-50d7-4002-bcc9-9c9eb146dae6', 'simlabd3tipsdku001-1', '1686627062535', '1686724200000', '1686724201533', 0, 1, 0, 1),
	(422, '06dc2517-ec02-437b-a355-bb36097e62ed', 'selfchatbotaccess-app', '1686843490670', '1686843600000', '1686843602974', 0, 1, 0, 1),
	(423, '06dc2517-ec02-437b-a355-bb36097e62ed', 'selfchatbotaccess-app', '1686890920899', '1686893400000', '1686893401073', 0, 1, 0, 1),
	(424, '60bbacdf-6533-474d-97d1-a61940141065', 'selfchatbotaccess-app', '1686991474768', '1687001400000', '1687001401061', 0, 1, 0, 1),
	(425, '60bbacdf-6533-474d-97d1-a61940141065', 'selfchatbotaccess-app', '1687048197788', '1687048197788', '1687048200107', 0, 1, 0, 1),
	(426, '60bbacdf-6533-474d-97d1-a61940141065', 'selfchatbotaccess-app', '1687074457723', '1704935700000', '-', 0, 1, 0, 1),
	(427, 'b6f81c6a-2e57-40a9-b58e-7468a635f4a6', 'selfchatbotaccess-app', '1687341706972', '1687341780000', '1687341780170', 1, 0, 0, 1),
	(428, 'b6f81c6a-2e57-40a9-b58e-7468a635f4a6', 'selfchatbotaccess-app', '1687341978799', '1687341978799', '1687341980908', 0, 0, 1, 1),
	(429, 'b6f81c6a-2e57-40a9-b58e-7468a635f4a6', 'selfchatbotaccess-app', '1687341980852', '1687341980852', '1687341985565', 0, 0, 1, 1),
	(430, 'b6f81c6a-2e57-40a9-b58e-7468a635f4a6', 'selfchatbotaccess-app', '1687342036661', '1687342036661', '1687342040479', 1, 0, 0, 1),
	(431, 'b6f81c6a-2e57-40a9-b58e-7468a635f4a6', 'selfchatbotaccess-app', '1687342137937', '1687342137937', '1687342140153', 0, 1, 0, 1),
	(432, 'b6f81c6a-2e57-40a9-b58e-7468a635f4a6', 'selfchatbotaccess-app', '1687345091334', '1687345200000', '1687345201096', 0, 1, 0, 1),
	(433, '60bbacdf-6533-474d-97d1-a61940141065', 'simtamobiled3tipsdku-002-1', '1687349366577', '1684226460000', '-', 0, 1, 1, 1),
	(434, '60bbacdf-6533-474d-97d1-a61940141065', 'simtamobiled3tipsdku-002-1', '1687349369133', '1684226460000', '-', 0, 1, 1, 1),
	(435, '60bbacdf-6533-474d-97d1-a61940141065', 'simtamobiled3tipsdku-002-1', '1687349386190', '1684226460000', '-', 0, 1, 1, 1),
	(436, '60bbacdf-6533-474d-97d1-a61940141065', 'simtamobiled3tipsdku-002-1', '1687349406699', '1684226460000', '-', 0, 1, 1, 1),
	(437, 'b6f81c6a-2e57-40a9-b58e-7468a635f4a6', 'simtamobiled3tipsdku-002-1', '1687349590496', '1687280400000', '1687349594374', 0, 1, 1, 1),
	(438, 'b6f81c6a-2e57-40a9-b58e-7468a635f4a6', 'selfchatbotaccess-app', '1687350319317', '1687350420000', '1687350421008', 0, 1, 0, 1),
	(439, '06dc2517-ec02-437b-a355-bb36097e62ed', 'selfchatbotaccess-app', '1687368469181', '1704159000000', '1687368471473', 0, 1, 1, 1),
	(440, '06dc2517-ec02-437b-a355-bb36097e62ed', 'selfchatbotaccess-app', '1687391544909', '1704940200000', '-', 0, 1, 0, 1),
	(441, '06dc2517-ec02-437b-a355-bb36097e62ed', 'selfchatbotaccess-app', '1687392696212', '1687392720000', '1687392721398', 0, 1, 0, 1),
	(442, '06dc2517-ec02-437b-a355-bb36097e62ed', 'selfchatbotaccess-app', '1687392757426', '1704853800000', '1687392759430', 0, 1, 0, 1),
	(443, '06dc2517-ec02-437b-a355-bb36097e62ed', 'selfchatbotaccess-app', '1687393400417', '1704940200000', '1687393402091', 0, 1, 0, 1),
	(444, '06dc2517-ec02-437b-a355-bb36097e62ed', 'selfchatbotaccess-app', '1687393444695', '1687393800000', '1687393801085', 0, 1, 0, 1),
	(445, '06dc2517-ec02-437b-a355-bb36097e62ed', 'selfchatbotaccess-app', '1687393934691', '1687393980000', '1687437862547', 0, 1, 0, 1),
	(446, '06dc2517-ec02-437b-a355-bb36097e62ed', 'selfchatbotaccess-app', '1687394265810', '1687394340000', '1687394341084', 0, 1, 0, 1),
	(447, '06dc2517-ec02-437b-a355-bb36097e62ed', 'selfchatbotaccess-app', '1687401353423', '1687401420000', '1687401421117', 0, 1, 0, 1),
	(448, '06dc2517-ec02-437b-a355-bb36097e62ed', 'selfchatbotaccess-app', '1687417774164', '1707269400000', '1687417778625', 0, 1, 0, 1),
	(449, '06dc2517-ec02-437b-a355-bb36097e62ed', 'selfchatbotaccess-app', '1687417815390', '1687743000000', '1687743029097', 0, 1, 0, 1),
	(450, '06dc2517-ec02-437b-a355-bb36097e62ed', 'selfchatbotaccess-app', '1687418915663', '1710383400000', '-', 0, 1, 0, 1),
	(451, '06dc2517-ec02-437b-a355-bb36097e62ed', 'selfchatbotaccess-app', '1687429950435', '1704244500000', '1687429952377', 0, 1, 0, 1),
	(452, 'b6f81c6a-2e57-40a9-b58e-7468a635f4a6', 'simtamobiled3tipsdku-002-1', '1687440292511', '1687366800000', '1687440295351', 0, 1, 1, 1),
	(453, 'b6f81c6a-2e57-40a9-b58e-7468a635f4a6', 'simtamobiled3tipsdku-002-1', '1687441368627', '1687366800000', '1687441370641', 0, 1, 1, 1),
	(454, 'b6f81c6a-2e57-40a9-b58e-7468a635f4a6', 'simtamobiled3tipsdku-002-1', '1687441406793', '1687366800000', '1687441408551', 0, 1, 1, 1),
	(455, 'c53dc049-3e56-4cbb-9bb0-03c75134d751', 'simlabd3tipsdku001-1', '1687448749889', '1687448749889', '1687448756727', 0, 1, 0, 1),
	(456, '1b73b533-50d7-4002-bcc9-9c9eb146dae6', 'simlabd3tipsdku001-1', '1687448755699', '1687069800000', '1687448758149', 0, 1, 0, 1),
	(457, 'c53dc049-3e56-4cbb-9bb0-03c75134d751', 'simlabd3tipsdku001-1', '1687448926930', '1687448926930', '1687448928317', 0, 1, 0, 1),
	(458, 'c53dc049-3e56-4cbb-9bb0-03c75134d751', 'simlabd3tipsdku001-1', '1687448927418', '1687847400000', '1687847401102', 0, 1, 0, 1),
	(459, 'c53dc049-3e56-4cbb-9bb0-03c75134d751', 'simlabd3tipsdku001-1', '1687448936590', '1687448936590', '1687448938245', 0, 1, 0, 1),
	(460, '1b73b533-50d7-4002-bcc9-9c9eb146dae6', 'simlabd3tipsdku001-1', '1687448937175', '1688020200000', '1688020201012', 0, 1, 0, 1),
	(461, '06dc2517-ec02-437b-a355-bb36097e62ed', 'selfchatbotaccess-app', '1687449081256', '1698805800000', '1687449082951', 0, 1, 0, 1),
	(462, '06dc2517-ec02-437b-a355-bb36097e62ed', 'selfchatbotaccess-app', '1687449112405', '1687487400000', '1687487423528', 0, 1, 0, 1),
	(463, 'c53dc049-3e56-4cbb-9bb0-03c75134d751', 'simlabd3tipsdku001-1', '1687449467943', '1687449467943', '1687449469322', 0, 1, 0, 1),
	(464, 'c53dc049-3e56-4cbb-9bb0-03c75134d751', 'simlabd3tipsdku001-1', '1687450272044', '1687450272044', '1687450273565', 0, 1, 0, 1),
	(465, 'c53dc049-3e56-4cbb-9bb0-03c75134d751', 'simlabd3tipsdku001-1', '1687450293716', '1687450293716', '1687450295188', 0, 1, 0, 1),
	(466, 'c53dc049-3e56-4cbb-9bb0-03c75134d751', 'simlabd3tipsdku001-1', '1687450560182', '1687450560182', '1687450564675', 0, 1, 0, 1),
	(467, 'b6f81c6a-2e57-40a9-b58e-7468a635f4a6', 'simtamobiled3tipsdku-002-1', '1687493151461', '1687366800000', '1687493178140', 0, 1, 1, 1),
	(468, 'c53dc049-3e56-4cbb-9bb0-03c75134d751', 'simlabd3tipsdku001-1', '1687498330503', '1687498330503', '1687498360904', 0, 1, 0, 1),
	(469, 'c53dc049-3e56-4cbb-9bb0-03c75134d751', 'simlabd3tipsdku001-1', '1687498412184', '1687498412184', '1687498439000', 0, 1, 0, 1),
	(470, '1b73b533-50d7-4002-bcc9-9c9eb146dae6', 'simlabd3tipsdku001-1', '1687498424633', '1687501800000', '1687501828095', 0, 1, 0, 1),
	(471, 'c53dc049-3e56-4cbb-9bb0-03c75134d751', 'simlabd3tipsdku001-1', '1687498538001', '1687498538001', '1687498559448', 0, 1, 0, 1),
	(472, '54bc721b-5b11-49fc-a303-ad6118cbef93', 'simlabd3tipsdku001-1', '1687498548498', '1687588200000', '-', 0, 1, 0, 1),
	(473, 'c53dc049-3e56-4cbb-9bb0-03c75134d751', 'simlabd3tipsdku001-1', '1687507557050', '1687507557050', '1687507577936', 0, 1, 0, 1),
	(474, '1b73b533-50d7-4002-bcc9-9c9eb146dae6', 'simlabd3tipsdku001-1', '1687507569715', '1687501800000', '1687507591255', 0, 1, 0, 1),
	(475, 'c53dc049-3e56-4cbb-9bb0-03c75134d751', 'simlabd3tipsdku001-1', '1687507582552', '1687507582552', '1687507597472', 0, 1, 0, 1),
	(476, '1b73b533-50d7-4002-bcc9-9c9eb146dae6', 'simlabd3tipsdku001-1', '1687507595556', '1687501800000', '1687507599350', 0, 1, 0, 1),
	(477, 'c53dc049-3e56-4cbb-9bb0-03c75134d751', 'simlabd3tipsdku001-1', '1687507751058', '1687507751058', '1687507769570', 0, 1, 0, 1),
	(478, 'c53dc049-3e56-4cbb-9bb0-03c75134d751', 'simlabd3tipsdku001-1', '1687538616729', '1687538616729', '1687538646783', 0, 1, 0, 1),
	(479, 'c53dc049-3e56-4cbb-9bb0-03c75134d751', 'simlabd3tipsdku001-1', '1687538769385', '1687538769385', '1687538799900', 0, 1, 0, 1),
	(480, 'c53dc049-3e56-4cbb-9bb0-03c75134d751', 'simlabd3tipsdku001-1', '1687538950594', '1687538950594', '1687538977263', 0, 1, 0, 1),
	(481, 'c53dc049-3e56-4cbb-9bb0-03c75134d751', 'simlabd3tipsdku001-1', '1687539057711', '1687539057711', '1687539083721', 0, 1, 0, 1),
	(482, '06dc2517-ec02-437b-a355-bb36097e62ed', 'tracerstudyd3tipsdku001-2', '1687595139245', '1687595139245', '1687595163670', 0, 1, 0, 1),
	(483, '06dc2517-ec02-437b-a355-bb36097e62ed', 'tracerstudyd3tipsdku001-2', '1687595902585', '1687595902585', '1687595931046', 0, 1, 0, 1),
	(484, '06dc2517-ec02-437b-a355-bb36097e62ed', 'selfchatbotaccess-app', '1687596449330', '1687596600000', '1687596614416', 0, 1, 0, 1),
	(485, '06dc2517-ec02-437b-a355-bb36097e62ed', 'tracerstudyd3tipsdku001-2', '1687606281108', '1687606281108', '1687608274487', 0, 1, 0, 1),
	(486, '06dc2517-ec02-437b-a355-bb36097e62ed', 'selfchatbotaccess-app', '1687608400637', '1687608400637', '1687608420492', 0, 1, 0, 1),
	(487, '06dc2517-ec02-437b-a355-bb36097e62ed', 'selfchatbotaccess-app', '1687654930730', '1687654930730', '1687654946618', 0, 1, 0, 1),
	(488, 'c53dc049-3e56-4cbb-9bb0-03c75134d751', 'simlabd3tipsdku001-1', '1687673244526', '1687673244526', '1687673258544', 0, 1, 0, 1),
	(489, '06dc2517-ec02-437b-a355-bb36097e62ed', 'tracerstudyd3tipsdku001-2', '1687679707048', '1687679707048', '1687679721823', 0, 1, 0, 1),
	(490, '06dc2517-ec02-437b-a355-bb36097e62ed', 'tracerstudyd3tipsdku001-2', '1687679999515', '1687679999515', '1687680017368', 0, 1, 0, 1),
	(491, '06dc2517-ec02-437b-a355-bb36097e62ed', 'tracerstudyd3tipsdku001-2', '1687680716052', '1687680716051', '1687680740836', 0, 1, 0, 1),
	(492, '60bbacdf-6533-474d-97d1-a61940141065', 'selfchatbotaccess-app', '1687713202123', '1687713202123', '1687713240121', 0, 1, 0, 1),
	(493, '06dc2517-ec02-437b-a355-bb36097e62ed', 'tracerstudyd3tipsdku001-2', '1687749402008', '1687749402008', '1687749440749', 0, 1, 0, 1),
	(494, '06dc2517-ec02-437b-a355-bb36097e62ed', 'tracerstudyd3tipsdku001-2', '1687754710425', '1687754710425', '1687754735695', 0, 1, 0, 1),
	(495, '06dc2517-ec02-437b-a355-bb36097e62ed', 'tracerstudyd3tipsdku001-2', '1687760834627', '1687760834627', '1687760858676', 0, 1, 0, 1),
	(496, '06dc2517-ec02-437b-a355-bb36097e62ed', 'selfchatbotaccess-app', '1687778882862', '1687778882862', '1687778919620', 0, 1, 0, 1),
	(497, '60bbacdf-6533-474d-97d1-a61940141065', 'selfchatbotaccess-app', '1687781267107', '1687782600000', '1687782619733', 0, 1, 0, 1),
	(498, '60bbacdf-6533-474d-97d1-a61940141065', 'selfchatbotaccess-app', '1687844833386', '1687844833386', '1687844836083', 0, 1, 0, 1),
	(499, '60bbacdf-6533-474d-97d1-a61940141065', 'selfchatbotaccess-app', '1687844968769', '1687845300000', '1687845300986', 0, 1, 0, 1),
	(500, '60bbacdf-6533-474d-97d1-a61940141065', 'selfchatbotaccess-app', '1687847944953', '1687856400000', '1687856400955', 0, 1, 0, 1),
	(501, '60bbacdf-6533-474d-97d1-a61940141065', 'selfchatbotaccess-app', '1687847998803', '1687847998803', '1687848000326', 0, 1, 0, 1),
	(502, '06dc2517-ec02-437b-a355-bb36097e62ed', 'tracerstudyd3tipsdku001-2', '1687862557270', '1687862557270', '1687863028843', 0, 1, 1, 1),
	(503, '60bbacdf-6533-474d-97d1-a61940141065', 'selfchatbotaccess-app', '1687862908150', '1687862908150', '1687863030090', 0, 1, 0, 1),
	(504, '60bbacdf-6533-474d-97d1-a61940141065', 'selfchatbotaccess-app', '1687871806237', '1687914000000', '1687914000951', 0, 1, 0, 1),
	(505, 'b0e8f152-ebed-49dd-b978-a5363a0b4105', 'selfchatbotaccess-app', '1687871927017', '1687871927017', '1687871928632', 0, 1, 0, 1),
	(506, '1b73b533-50d7-4002-bcc9-9c9eb146dae6', 'selfchatbotaccess-app', '1687871927514', '1687871927514', '1687871929888', 0, 1, 0, 1),
	(507, 'cedaa660-9def-4c2c-947e-6a1c687ee877', 'selfchatbotaccess-app', '1687871928532', '1687871928532', '1687871931207', 0, 1, 0, 1),
	(508, 'b6f81c6a-2e57-40a9-b58e-7468a635f4a6', 'selfchatbotaccess-app', '1687871929015', '1687871929015', '1687871932563', 0, 1, 0, 1),
	(509, '3f96e762-8243-4fe6-8edf-c6414fcee6b0', 'selfchatbotaccess-app', '1687871929574', '1687871929574', '1687871933903', 0, 1, 0, 1),
	(510, '60bbacdf-6533-474d-97d1-a61940141065', 'selfchatbotaccess-app', '1687871930181', '1687871930181', '1687871936536', 0, 1, 0, 1),
	(511, '60bbacdf-6533-474d-97d1-a61940141065', 'selfchatbotaccess-app', '1687884656247', '1688265000000', '1688265001005', 0, 1, 0, 1),
	(512, '60bbacdf-6533-474d-97d1-a61940141065', 'selfchatbotaccess-app', '1687909351496', '1687998600000', '1687998600950', 0, 1, 0, 1),
	(513, '60bbacdf-6533-474d-97d1-a61940141065', 'selfchatbotaccess-app', '1687909451637', '1687909451637', '1687909453078', 0, 1, 0, 1),
	(514, '60bbacdf-6533-474d-97d1-a61940141065', 'selfchatbotaccess-app', '1687915869772', '1687924800000', '1687924800962', 0, 1, 0, 1),
	(515, '60bbacdf-6533-474d-97d1-a61940141065', 'selfchatbotaccess-app', '1687947491712', '1687947491712', '1687947493231', 0, 1, 0, 1),
	(516, 'b0e8f152-ebed-49dd-b978-a5363a0b4105', 'selfchatbotaccess-app', '1688000512756', '1688000512756', '1688000515039', 0, 1, 0, 1),
	(517, '1b73b533-50d7-4002-bcc9-9c9eb146dae6', 'selfchatbotaccess-app', '1688000514141', '1688000514141', '1688000517444', 0, 1, 0, 1),
	(518, 'cedaa660-9def-4c2c-947e-6a1c687ee877', 'selfchatbotaccess-app', '1688000514806', '1688000514806', '1688000518943', 0, 1, 0, 1),
	(519, 'b6f81c6a-2e57-40a9-b58e-7468a635f4a6', 'selfchatbotaccess-app', '1688000515901', '1688000515901', '1688000520107', 0, 1, 0, 1),
	(520, '3f96e762-8243-4fe6-8edf-c6414fcee6b0', 'selfchatbotaccess-app', '1688000517143', '1688000517143', '1688000521317', 0, 1, 0, 1),
	(521, '60bbacdf-6533-474d-97d1-a61940141065', 'selfchatbotaccess-app', '1688000517612', '1688000517612', '1688000522507', 0, 1, 0, 1),
	(522, '60bbacdf-6533-474d-97d1-a61940141065', 'selfchatbotaccess-app', '1688021536559', '1688029200000', '1688029202882', 0, 1, 1, 1),
	(523, '60bbacdf-6533-474d-97d1-a61940141065', 'selfchatbotaccess-app', '1688021787343', '1688021787343', '1688021789136', 0, 1, 0, 1),
	(524, '60bbacdf-6533-474d-97d1-a61940141065', 'selfchatbotaccess-app', '1688051639796', '1688051639796', '1688051641180', 0, 1, 0, 1),
	(525, '60bbacdf-6533-474d-97d1-a61940141065', 'selfchatbotaccess-app', '1688095897397', '1688108400000', '1688108401281', 0, 1, 0, 1),
	(526, 'c53dc049-3e56-4cbb-9bb0-03c75134d751', 'simlabd3tipsdku001-1', '1688106724276', '1688106724276', '1688106725972', 0, 1, 0, 1),
	(527, 'c53dc049-3e56-4cbb-9bb0-03c75134d751', 'simlabd3tipsdku001-1', '1688106725027', '1688538600000', '1688538602710', 0, 1, 0, 1),
	(528, 'c53dc049-3e56-4cbb-9bb0-03c75134d751', 'simlabd3tipsdku001-1', '1688120090839', '1688120090839', '1688120092250', 0, 1, 0, 1),
	(529, 'c53dc049-3e56-4cbb-9bb0-03c75134d751', 'simlabd3tipsdku001-1', '1688120091615', '1688452200000', '1688452201038', 0, 1, 0, 1),
	(530, '60bbacdf-6533-474d-97d1-a61940141065', 'selfchatbotaccess-app', '1688182342277', '1688182342277', '1688182343977', 0, 1, 0, 1),
	(531, '60bbacdf-6533-474d-97d1-a61940141065', 'selfchatbotaccess-app', '1688215295247', '1688215295247', '1688215297676', 0, 1, 0, 1),
	(532, 'b6f81c6a-2e57-40a9-b58e-7468a635f4a6', 'simtamobiled3tipsdku-002-1', '1688216505480', '1687366800000', '1688216510009', 0, 1, 1, 1),
	(533, 'b6f81c6a-2e57-40a9-b58e-7468a635f4a6', 'simtamobiled3tipsdku-002-1', '1688219031335', '1687407600000', '1688219033350', 0, 1, 1, 1),
	(534, '60bbacdf-6533-474d-97d1-a61940141065', 'selfchatbotaccess-app', '1688255246406', '1688272200000', '1688272200948', 0, 1, 0, 1),
	(535, '60bbacdf-6533-474d-97d1-a61940141065', 'selfchatbotaccess-app', '1688399165602', '1688399165602', '1688399170274', 0, 1, 0, 1),
	(536, '60bbacdf-6533-474d-97d1-a61940141065', 'selfchatbotaccess-app', '1688401160344', '1688401160344', '1688401163877', 0, 1, 0, 1),
	(537, '60bbacdf-6533-474d-97d1-a61940141065', 'selfchatbotaccess-app', '1688401779629', '1688401779629', '1688401781624', 0, 1, 0, 1),
	(538, '60bbacdf-6533-474d-97d1-a61940141065', 'selfchatbotaccess-app', '1688401834154', '1688443200000', '1688443201018', 0, 1, 0, 1),
	(539, '60bbacdf-6533-474d-97d1-a61940141065', 'selfchatbotaccess-app', '1688403436308', '1688403436308', '-', 0, 1, 0, 1),
	(540, '60bbacdf-6533-474d-97d1-a61940141065', 'selfchatbotaccess-app', '1688403621718', '1688403621718', '1688403623983', 0, 1, 0, 1),
	(541, 'c53dc049-3e56-4cbb-9bb0-03c75134d751', 'simlabd3tipsdku001-1', '1688405859782', '1688405859782', '1688405861446', 0, 1, 0, 1),
	(542, 'c53dc049-3e56-4cbb-9bb0-03c75134d751', 'simlabd3tipsdku001-1', '1688405860407', '1688711400000', '1688711406603', 0, 1, 0, 1),
	(543, 'c53dc049-3e56-4cbb-9bb0-03c75134d751', 'simlabd3tipsdku001-1', '1688406678792', '1688406678792', '1688406681478', 0, 1, 0, 1),
	(544, 'c53dc049-3e56-4cbb-9bb0-03c75134d751', 'simlabd3tipsdku001-1', '1688406680586', '1688625000000', '1688625001221', 0, 1, 0, 1),
	(545, 'c53dc049-3e56-4cbb-9bb0-03c75134d751', 'simlabd3tipsdku001-1', '1688407112871', '1688407112871', '1688407114582', 0, 1, 0, 1),
	(546, 'c53dc049-3e56-4cbb-9bb0-03c75134d751', 'simlabd3tipsdku001-1', '1688407113714', '1688538600000', '1688538601090', 0, 1, 0, 1),
	(547, 'c53dc049-3e56-4cbb-9bb0-03c75134d751', 'simlabd3tipsdku001-1', '1688407159247', '1688407159247', '1688407161122', 0, 1, 0, 1),
	(548, 'c53dc049-3e56-4cbb-9bb0-03c75134d751', 'simlabd3tipsdku001-1', '1688407160196', '1688711400000', '1688711401010', 0, 1, 0, 1),
	(549, 'c53dc049-3e56-4cbb-9bb0-03c75134d751', 'simlabd3tipsdku001-1', '1688409290627', '1688409290627', '1688409292209', 0, 1, 0, 1),
	(550, 'c53dc049-3e56-4cbb-9bb0-03c75134d751', 'simlabd3tipsdku001-1', '1688409291317', '1688711400000', '1688711402610', 0, 1, 0, 1),
	(551, 'c53dc049-3e56-4cbb-9bb0-03c75134d751', 'simlabd3tipsdku001-1', '1688432948979', '1688432948979', '1688432950793', 0, 1, 0, 1),
	(552, '1b73b533-50d7-4002-bcc9-9c9eb146dae6', 'simlabd3tipsdku001-1', '1688432949890', '1688711400000', '-', 0, 1, 0, 1),
	(553, 'c53dc049-3e56-4cbb-9bb0-03c75134d751', 'simlabd3tipsdku001-1', '1688433028321', '1688433028321', '1688433029851', 0, 1, 0, 1),
	(554, '1b73b533-50d7-4002-bcc9-9c9eb146dae6', 'simlabd3tipsdku001-1', '1688433028957', '1688625000000', '-', 0, 1, 0, 1),
	(555, 'c53dc049-3e56-4cbb-9bb0-03c75134d751', 'simlabd3tipsdku001-1', '1688433068947', '1688433068947', '1688433070885', 0, 1, 0, 1),
	(556, '1b73b533-50d7-4002-bcc9-9c9eb146dae6', 'simlabd3tipsdku001-1', '1688433069982', '1688538600000', '1688538605060', 0, 1, 0, 1),
	(557, 'c53dc049-3e56-4cbb-9bb0-03c75134d751', 'simlabd3tipsdku001-1', '1688433115865', '1688433115865', '1688433117636', 0, 1, 0, 1),
	(558, '1b73b533-50d7-4002-bcc9-9c9eb146dae6', 'simlabd3tipsdku001-1', '1688433116708', '1688970600000', '-', 0, 1, 0, 1),
	(559, 'c53dc049-3e56-4cbb-9bb0-03c75134d751', 'simlabd3tipsdku001-1', '1688456260153', '1688456260153', '1688456262932', 0, 1, 0, 1),
	(560, '1b73b533-50d7-4002-bcc9-9c9eb146dae6', 'simlabd3tipsdku001-1', '1688456261966', '1688711400000', '-', 0, 1, 0, 1),
	(561, '60bbacdf-6533-474d-97d1-a61940141065', 'selfchatbotaccess-app', '1688533528675', '1688533528675', '1688533536417', 0, 1, 0, 1),
	(562, '60bbacdf-6533-474d-97d1-a61940141065', 'selfchatbotaccess-app', '1688533734492', '1688533734492', '1688533736738', 0, 1, 0, 1),
	(563, '60bbacdf-6533-474d-97d1-a61940141065', 'selfchatbotaccess-app', '1688533736731', '1688533736731', '1688533738356', 0, 1, 0, 1),
	(564, '60bbacdf-6533-474d-97d1-a61940141065', 'selfchatbotaccess-app', '1688533760021', '1688533760021', '1688533765095', 0, 1, 0, 1),
	(565, '60bbacdf-6533-474d-97d1-a61940141065', 'selfchatbotaccess-app', '1688533817708', '1688533800000', '1688533819791', 0, 1, 0, 1),
	(566, '60bbacdf-6533-474d-97d1-a61940141065', 'selfchatbotaccess-app', '1688533853182', '1688533980000', '1688533980945', 0, 1, 0, 1),
	(567, '60bbacdf-6533-474d-97d1-a61940141065', 'selfchatbotaccess-app', '1688564183096', '1688564183096', '1688564188497', 1, 1, 1, 1),
	(568, '60bbacdf-6533-474d-97d1-a61940141065', 'selfchatbotaccess-app', '1688564395083', '1688564395083', '1688564400158', 1, 1, 0, 1),
	(569, '60bbacdf-6533-474d-97d1-a61940141065', 'selfchatbotaccess-app', '1688564509017', '1688564580000', '1688564581158', 0, 1, 0, 1),
	(570, 'b0e8f152-ebed-49dd-b978-a5363a0b4105', 'selfchatbotaccess-app', '1688564565285', '1688564565285', '1688564567374', 0, 1, 0, 1),
	(571, '1b73b533-50d7-4002-bcc9-9c9eb146dae6', 'selfchatbotaccess-app', '1688564565946', '1688564565946', '1688564569001', 0, 1, 0, 1),
	(572, 'cedaa660-9def-4c2c-947e-6a1c687ee877', 'selfchatbotaccess-app', '1688564566849', '1688564566849', '1688564571012', 0, 1, 0, 1),
	(573, 'b6f81c6a-2e57-40a9-b58e-7468a635f4a6', 'selfchatbotaccess-app', '1688564568046', '1688564568046', '1688564572551', 0, 1, 0, 1),
	(574, '3f96e762-8243-4fe6-8edf-c6414fcee6b0', 'selfchatbotaccess-app', '1688564569012', '1688564569012', '1688564574230', 0, 1, 0, 1),
	(575, '60bbacdf-6533-474d-97d1-a61940141065', 'selfchatbotaccess-app', '1688564570088', '1688564570088', '1688564577390', 0, 1, 0, 1),
	(576, '60bbacdf-6533-474d-97d1-a61940141065', 'selfchatbotaccess-app', '1688601736806', '1688601736806', '1688601739925', 0, 1, 0, 1),
	(577, '60bbacdf-6533-474d-97d1-a61940141065', 'selfchatbotaccess-app', '1688608885865', '1688608885865', '1688608888198', 0, 1, 1, 1),
	(578, '60bbacdf-6533-474d-97d1-a61940141065', 'selfchatbotaccess-app', '1688608960526', '1688609100000', '1688609101036', 0, 1, 0, 1),
	(579, 'b0e8f152-ebed-49dd-b978-a5363a0b4105', 'selfchatbotaccess-app', '1688608994209', '1688608994209', '-', 0, 1, 0, 1),
	(580, '1b73b533-50d7-4002-bcc9-9c9eb146dae6', 'selfchatbotaccess-app', '1688608995809', '1688608995808', '1688608997427', 0, 1, 0, 1),
	(581, 'cedaa660-9def-4c2c-947e-6a1c687ee877', 'selfchatbotaccess-app', '1688608996517', '1688608996517', '1688608998946', 0, 1, 0, 1),
	(582, 'b6f81c6a-2e57-40a9-b58e-7468a635f4a6', 'selfchatbotaccess-app', '1688608997624', '1688608997624', '1688609000707', 0, 1, 0, 1),
	(583, '3f96e762-8243-4fe6-8edf-c6414fcee6b0', 'selfchatbotaccess-app', '1688608998347', '1688608998347', '1688609003653', 0, 1, 0, 1),
	(584, '60bbacdf-6533-474d-97d1-a61940141065', 'selfchatbotaccess-app', '1688608998888', '1688608998888', '1688609005832', 0, 1, 0, 1),
	(585, '60bbacdf-6533-474d-97d1-a61940141065', 'selfchatbotaccess-app', '1688609814341', '1688605200000', '1688609816126', 0, 1, 1, 1),
	(586, 'c53dc049-3e56-4cbb-9bb0-03c75134d751', 'simlabd3tipsdku001-1', '1688628263828', '1688628263828', '1688628265390', 0, 1, 0, 1),
	(587, 'c53dc049-3e56-4cbb-9bb0-03c75134d751', 'simlabd3tipsdku001-1', '1688628264490', '1688538600000', '1688628265978', 0, 1, 0, 1),
	(588, '06dc2517-ec02-437b-a355-bb36097e62ed', 'tracerstudyd3tipsdku001-2', '1688730420249', '1688730420249', '1688730424921', 0, 1, 1, 1),
	(589, '06dc2517-ec02-437b-a355-bb36097e62ed', 'tracerstudyd3tipsdku001-2', '1688730517702', '1688730517702', '1688730523954', 0, 1, 1, 1),
	(590, '60bbacdf-6533-474d-97d1-a61940141065', 'tracerstudyd3tipsdku001-2', '1688730628307', '1688730628307', '1688730634927', 0, 1, 1, 1),
	(591, '60bbacdf-6533-474d-97d1-a61940141065', 'tracerstudyd3tipsdku001-2', '1688730854230', '1688730854230', '1688730856086', 0, 1, 1, 1),
	(592, '60bbacdf-6533-474d-97d1-a61940141065', 'tracerstudyd3tipsdku001-2', '1688731389261', '1688731440000', '1688731445373', 0, 1, 1, 1),
	(593, '60bbacdf-6533-474d-97d1-a61940141065', 'selfchatbotaccess-app', '1688734004420', '1688734004420', '1688734006909', 0, 1, 0, 1),
	(594, '60bbacdf-6533-474d-97d1-a61940141065', 'selfchatbotaccess-app', '1688734032950', '1688734032950', '1688734034522', 0, 1, 0, 1),
	(595, '60bbacdf-6533-474d-97d1-a61940141065', 'selfchatbotaccess-app', '1688734213318', '1688734213318', '1688734219602', 0, 1, 0, 1),
	(596, '60bbacdf-6533-474d-97d1-a61940141065', 'selfchatbotaccess-app', '1688734496729', '1688734496729', '1688734503222', 0, 1, 0, 1),
	(597, '60bbacdf-6533-474d-97d1-a61940141065', 'selfchatbotaccess-app', '1688735036856', '1688735036856', '1688735040538', 0, 0, 1, 1),
	(598, '60bbacdf-6533-474d-97d1-a61940141065', 'selfchatbotaccess-app', '1688739935587', '1688739935587', '1688739938063', 0, 1, 0, 1),
	(599, '60bbacdf-6533-474d-97d1-a61940141065', 'selfchatbotaccess-app', '1688740194121', '1688740194121', '1688740199004', 0, 1, 0, 1),
	(600, '3f96e762-8243-4fe6-8edf-c6414fcee6b0', 'selfchatbotaccess-app', '1688743631926', '1688743631926', '1688743634432', 0, 1, 0, 1),
	(601, 'b0e8f152-ebed-49dd-b978-a5363a0b4105', 'selfchatbotaccess-app', '1688743633594', '1688743633594', '-', 0, 1, 0, 1),
	(602, 'b6f81c6a-2e57-40a9-b58e-7468a635f4a6', 'selfchatbotaccess-app', '1688743637711', '1688743637711', '1688743642191', 0, 1, 0, 1),
	(603, 'cedaa660-9def-4c2c-947e-6a1c687ee877', 'selfchatbotaccess-app', '1688743641263', '1688743641263', '1688743646876', 0, 1, 0, 1),
	(604, 'b0e8f152-ebed-49dd-b978-a5363a0b4105', 'selfchatbotaccess-app', '1688743887348', '1688743887348', '-', 0, 1, 0, 1),
	(605, 'cedaa660-9def-4c2c-947e-6a1c687ee877', 'selfchatbotaccess-app', '1688743889474', '1688743889474', '1688743892119', 0, 1, 0, 1),
	(606, 'b6f81c6a-2e57-40a9-b58e-7468a635f4a6', 'selfchatbotaccess-app', '1688743890730', '1688743890730', '1688743893456', 0, 1, 0, 1),
	(607, '3f96e762-8243-4fe6-8edf-c6414fcee6b0', 'selfchatbotaccess-app', '1688743891360', '1688743891360', '1688743897373', 0, 1, 0, 1),
	(608, 'b0e8f152-ebed-49dd-b978-a5363a0b4105', 'selfchatbotaccess-app', '1688744393801', '1688744393801', '-', 0, 1, 0, 1),
	(609, 'cedaa660-9def-4c2c-947e-6a1c687ee877', 'selfchatbotaccess-app', '1688744398645', '1688744398645', '1688744403427', 0, 1, 0, 1),
	(610, 'b6f81c6a-2e57-40a9-b58e-7468a635f4a6', 'selfchatbotaccess-app', '1688744399824', '1688744399824', '1688744410014', 0, 1, 0, 1),
	(611, '3f96e762-8243-4fe6-8edf-c6414fcee6b0', 'selfchatbotaccess-app', '1688744400970', '1688744400970', '1688744414787', 0, 1, 0, 1),
	(612, '3f96e762-8243-4fe6-8edf-c6414fcee6b0', 'selfchatbotaccess-app', '1688744621710', '1688744621710', '1688744630590', 0, 1, 0, 1),
	(613, 'b0e8f152-ebed-49dd-b978-a5363a0b4105', 'selfchatbotaccess-app', '1688744622296', '1688744622296', '-', 0, 1, 0, 1),
	(614, 'b6f81c6a-2e57-40a9-b58e-7468a635f4a6', 'selfchatbotaccess-app', '1688744622985', '1688744622985', '1688744635076', 0, 1, 0, 1),
	(615, 'cedaa660-9def-4c2c-947e-6a1c687ee877', 'selfchatbotaccess-app', '1688744623749', '1688744623749', '1688744638555', 0, 1, 0, 1),
	(616, '60bbacdf-6533-474d-97d1-a61940141065', 'selfchatbotaccess-app', '1688784678182', '1688784720000', '1688784720989', 0, 1, 0, 1),
	(617, '60bbacdf-6533-474d-97d1-a61940141065', 'selfchatbotaccess-app', '1688784766875', '1688784780000', '1688784781136', 0, 1, 0, 1),
	(618, '60bbacdf-6533-474d-97d1-a61940141065', 'selfchatbotaccess-app', '1688785223833', '1688785320000', '1688785320993', 0, 1, 0, 1),
	(619, '60bbacdf-6533-474d-97d1-a61940141065', 'selfchatbotaccess-app', '1688785317537', '1688785380000', '1688785381598', 0, 1, 1, 1),
	(620, '60bbacdf-6533-474d-97d1-a61940141065', 'selfchatbotaccess-app', '1688792012448', '1688792100000', '1688792102859', 0, 1, 0, 1);

-- Dumping structure for table d3ti_psdku.bot_notification_log_kegiatan
CREATE TABLE IF NOT EXISTS `bot_notification_log_kegiatan` (
  `id` int NOT NULL AUTO_INCREMENT,
  `recipient` varchar(100) NOT NULL,
  `id_kegiatan` varchar(100) CHARACTER SET utf8mb3 COLLATE utf8mb3_general_ci DEFAULT NULL,
  `from` varchar(100) NOT NULL,
  `pesan` text CHARACTER SET utf8mb3 COLLATE utf8mb3_general_ci,
  `subject_email` text CHARACTER SET utf8mb3 COLLATE utf8mb3_general_ci,
  `pesan_email` text CHARACTER SET utf8mb3 COLLATE utf8mb3_general_ci,
  `create_time` varchar(100) DEFAULT NULL,
  `schedule_time` varchar(100) CHARACTER SET utf8mb3 COLLATE utf8mb3_general_ci DEFAULT NULL,
  `pass_time` varchar(100) DEFAULT NULL,
  `wa` tinyint(1) DEFAULT NULL,
  `telegram` tinyint(1) DEFAULT NULL,
  `email` tinyint(1) DEFAULT NULL,
  `status_notification` tinyint(1) DEFAULT NULL,
  PRIMARY KEY (`id`)
) ENGINE=InnoDB AUTO_INCREMENT=197 DEFAULT CHARSET=utf8mb3 COLLATE=utf8mb3_general_ci;

-- Dumping data for table d3ti_psdku.bot_notification_log_kegiatan: ~183 rows (approximately)
INSERT INTO `bot_notification_log_kegiatan` (`id`, `recipient`, `id_kegiatan`, `from`, `pesan`, `subject_email`, `pesan_email`, `create_time`, `schedule_time`, `pass_time`, `wa`, `telegram`, `email`, `status_notification`) VALUES
	(11, 'd656fd9f-a36e-4389-beb3-70d3f9c5d15f', '3ce8a18d-72f9-46da-9278-eac5b68c9b1b', 'selfchatbotaccess-app', 'Halo', 'default', 'default', '1684710425992', '1684740600000', '1684715401369', 0, 1, 0, 1),
	(12, 'd656fd9f-a36e-4389-beb3-70d3f9c5d15f', '3ce8a18d-72f9-46da-9278-eac5b68c9b1b', 'selfchatbotaccess-app', 'halo', 'default', 'default', '1684731090907', '1684767000000', '1684754881279', 0, 1, 0, 1),
	(13, '60bbacdf-6533-474d-97d1-a61940141065', '3ce8a18d-72f9-46da-9278-eac5b68c9b1b', 'tracerstudyd3tipsdku001-2', 'Testing Baru', 'TEST', 'Testing Baru', '1684734012314', '1684734300000', '1684753577929', 0, 1, 0, 1),
	(14, '60bbacdf-6533-474d-97d1-a61940141065', '3ce8a18d-72f9-46da-9278-eac5b68c9b1b', 'tracerstudyd3tipsdku001-2', 'INI saya edit', 'TEST', 'Testing Baru', '1684754942108', '1684755000000', '1684755003157', 0, 1, 0, 1),
	(15, '60bbacdf-6533-474d-97d1-a61940141065', '3ce8a18d-72f9-46da-9278-eac5b68c9b1b', 'tracerstudyd3tipsdku001-2', 'Ini sudah diedit ya', 'TEST', 'Testing Baru', '1684755143567', '1684755240000', '1684755243930', 0, 1, 0, 1),
	(16, '60bbacdf-6533-474d-97d1-a61940141065', '3ce8a18d-72f9-46da-9278-eac5b68c9b1b', 'tracerstudyd3tipsdku001-2', 'Testing Baru', 'TEST', 'Testing Baru', '1684755600713', '1684755660000', '1684755664502', 0, 1, 0, 1),
	(17, '60bbacdf-6533-474d-97d1-a61940141065', '3ce8a18d-72f9-46da-9278-eac5b68c9b1b', 'tracerstudyd3tipsdku001-2', 'Testing Baru', 'TEST', 'Testing Baru', '1684755725023', '1684755720000', '1684756165581', 0, 1, 0, 1),
	(18, '60bbacdf-6533-474d-97d1-a61940141065', '3ce8a18d-72f9-46da-9278-eac5b68c9b1b', 'tracerstudyd3tipsdku001-2', 'Testing Baru', 'TEST', 'Testing Baru', '1684755732321', '1684755780000', '1684756169183', 0, 1, 0, 1),
	(19, '60bbacdf-6533-474d-97d1-a61940141065', '3ce8a18d-72f9-46da-9278-eac5b68c9b1b', 'tracerstudyd3tipsdku001-2', 'Testing Baru', 'TEST', 'Testing Baru', '1684756238275', '1684781520000', '1684756321270', 0, 1, 0, 1),
	(20, 'd656fd9f-a36e-4389-beb3-70d3f9c5d15f', '3ce8a18d-72f9-46da-9278-eac5b68c9b1b', 'selfchatbotaccess-app', 'Halo ini Pesan contoh yang sudah dirubah lagi 2', 'default', 'default', '1684760332699', '1684789500000', '-', 0, 1, 0, 0),
	(23, '06dc2517-ec02-437b-a355-bb36097e62ed', '3ce8a18d-72f9-46da-9278-eac5b68c9b1b', 'tracerstudyd3tipsdku001-2', 'Testing Baru', 'TEST', 'Testing Baru', '1684934843069', '1684934880000', '1684934882520', 0, 1, 0, 1),
	(24, '06dc2517-ec02-437b-a355-bb36097e62ed', '3ce8a18d-72f9-46da-9278-eac5b68c9b1b', 'tracerstudyd3tipsdku001-2', 'Testing Baru', 'TEST', 'Testing Baru', '1684935363392', '1684935420000', '-', 0, 1, 0, 0),
	(25, '06dc2517-ec02-437b-a355-bb36097e62ed', 'a71b7cdd-dd00-41c5-9f9d-b553b5d149b9', 'selfchatbotaccess-app', 'Halo rendra ini tes yang dari kegiatan', 'default', 'default', '1684936377512', '1684961640000', '1684936441380', 0, 1, 0, 1),
	(26, '06dc2517-ec02-437b-a355-bb36097e62ed', 'a71b7cdd-dd00-41c5-9f9d-b553b5d149b9', 'selfchatbotaccess-app', 'Halo rendra ini tes lagi dari kegiatan', 'default', 'default', '1684936587611', '1684961880000', '1684936681140', 0, 1, 0, 1),
	(27, 'd656fd9f-a36e-4389-beb3-70d3f9c5d15f', '3ce8a18d-72f9-46da-9278-eac5b68c9b1b', 'selfchatbotaccess-app', 'Halo ini tes', 'default', 'default', '1684986917747', '1685092500000', '-', 0, 1, 0, 0),
	(29, 'd656fd9f-a36e-4389-beb3-70d3f9c5d15f', '21054503-2044-4640-b50f-2f5369fe6f6d', 'selfchatbotaccess-app', 'Pengingat', 'default', 'default', '1685091217086', '1685175120000', '-', 0, 1, 0, 0),
	(30, 'd656fd9f-a36e-4389-beb3-70d3f9c5d15f', '21054503-2044-4640-b50f-2f5369fe6f6d', 'selfchatbotaccess-app', 'Ini coba tambah notif', 'default', 'default', '1685134413636', '1685177700000', '-', 0, 1, 0, 1),
	(31, '5eae0306-19ab-4227-9668-a1dec13182c3', '4146e054-4c20-4656-ae5f-c44d95df129e', 'selfchatbotaccess-app', 'Yth. PIC Kegiatan Sidang Tugas Akhir Terbaru Mengingatkan bahwa ada kegiatan Prodi Pada :\nTanggal: 2023-07-01\nPukul: 08:30\nDeskripsi: Ini adalah penjelasan sidang tugas akhir terbaru', 'Pengingat Kegiatan', 'Yth. PIC Kegiatan Sidang Tugas Akhir Terbaru Mengingatkan bahwa ada kegiatan Prodi Pada :\nTanggal: 2023-07-01\nPukul: 08:30\nDeskripsi: Ini adalah penjelasan sidang tugas akhir terbaru', '1685332783592', '-6829721178871', '-', 1, 1, 1, 1),
	(32, '5eae0306-19ab-4227-9668-a1dec13182c3', 'f1c8e178-4f9d-42e2-abb0-b6b4e58f2974', 'selfchatbotaccess-app', 'Yth. PIC Kegiatan Ini kegiatan terbaru Mengingatkan bahwa ada kegiatan Prodi Pada :\nTanggal: 2023-07-01\nPukul: 08:30\nDeskripsi: Ini adalah contoh penjelasan kegiatan', 'Pengingat Kegiatan', 'Yth. PIC Kegiatan Ini kegiatan terbaru Mengingatkan bahwa ada kegiatan Prodi Pada :\nTanggal: 2023-07-01\nPukul: 08:30\nDeskripsi: Ini adalah contoh penjelasan kegiatan', '1685333632548', '-6829721178871', '-', 1, 1, 1, 1),
	(33, '5eae0306-19ab-4227-9668-a1dec13182c3', 'f1c8e178-4f9d-42e2-abb0-b6b4e58f2974', 'selfchatbotaccess-app', 'Yth. PIC Kegiatan Ini kegiatan terbaru Mengingatkan bahwa ada kegiatan Prodi Pada :\nTanggal: 55551-01-16\nPukul: 11:00\nDeskripsi: Ini adalah contoh penjelasan kegiatan', 'Pengingat Kegiatan', 'Yth. PIC Kegiatan Ini kegiatan terbaru Mengingatkan bahwa ada kegiatan Prodi Pada :\nTanggal: 55551-01-16\nPukul: 11:00\nDeskripsi: Ini adalah contoh penjelasan kegiatan', '1685333634100', '-6829712178871', '-', 1, 1, 1, 1),
	(34, '5eae0306-19ab-4227-9668-a1dec13182c3', 'f1c8e178-4f9d-42e2-abb0-b6b4e58f2974', 'selfchatbotaccess-app', 'Yth. PIC Kegiatan Ini kegiatan terbaru Mengingatkan bahwa ada kegiatan Prodi Pada :\nTanggal: 55551-02-02\nPukul: 11:00\nDeskripsi: Ini adalah contoh penjelasan kegiatan', 'Pengingat Kegiatan', 'Yth. PIC Kegiatan Ini kegiatan terbaru Mengingatkan bahwa ada kegiatan Prodi Pada :\nTanggal: 55551-02-02\nPukul: 11:00\nDeskripsi: Ini adalah contoh penjelasan kegiatan', '1685333634587', '-6829712178871', '-', 1, 1, 1, 1),
	(35, '5eae0306-19ab-4227-9668-a1dec13182c3', 'a7293835-fe20-4744-9dca-a10470ab7f8f', 'selfchatbotaccess-app', 'Yth. PIC Kegiatan Sidang Tugas Akhir Terbaruu Mengingatkan bahwa ada kegiatan Prodi Pada :\nTanggal: 2023-04-01\nPukul: 08:30\nDeskripsi: Ini penjelasannya', 'Pengingat Kegiatan', 'Yth. PIC Kegiatan Sidang Tugas Akhir Terbaruu Mengingatkan bahwa ada kegiatan Prodi Pada :\nTanggal: 2023-04-01\nPukul: 08:30\nDeskripsi: Ini penjelasannya', '1685335212423', '1680337800000', '-', 1, 1, 1, 1),
	(36, '5eae0306-19ab-4227-9668-a1dec13182c3', 'a7293835-fe20-4744-9dca-a10470ab7f8f', 'selfchatbotaccess-app', 'Yth. PIC Kegiatan Sidang Tugas Akhir Terbaruu Mengingatkan bahwa ada kegiatan Prodi Pada :\r\nTanggal: 55375-10-25\r\nPukul: 11:00\r\nDeskripsi: Ini penjelasannya', 'Pengingat Kegiatan', 'Yth. PIC Kegiatan Sidang Tugas Akhir Terbaruu Mengingatkan bahwa ada kegiatan Prodi Pada :\r\nTanggal: 55375-10-25\r\nPukul: 11:00\r\nDeskripsi: Ini penjelasannya', '1685335215953', '6671036092430', '-', 1, 1, 1, 0),
	(37, '5eae0306-19ab-4227-9668-a1dec13182c3', 'a7293835-fe20-4744-9dca-a10470ab7f8f', 'selfchatbotaccess-app', 'Yth. PIC Kegiatan Sidang Tugas Akhir Terbaruu Mengingatkan bahwa ada kegiatan Prodi Pada :\r\nTanggal: 55375-11-11\r\nPukul: 11:00\r\nDeskripsi: Ini penjelasannya', 'Pengingat Kegiatan', 'Yth. PIC Kegiatan Sidang Tugas Akhir Terbaruu Mengingatkan bahwa ada kegiatan Prodi Pada :\r\nTanggal: 55375-11-11\r\nPukul: 11:00\r\nDeskripsi: Ini penjelasannya', '1685335216945', '6672504892430', '-', 1, 1, 1, 0),
	(38, '06dc2517-ec02-437b-a355-bb36097e62ed', '9ef6ec80-d484-4ad0-843a-6a7381de04e1', 'selfchatbotaccess-app', 'Yth. PIC Kegiatan Coba Kegiatan Mengingatkan bahwa ada kegiatan Prodi Pada :\r\nTanggal: 2024-04-01\r\nPukul: 08:30\r\nDeskripsi: Ini penjelasan kegiatan ', 'Pengingat Kegiatan', 'Yth. PIC Kegiatan Coba Kegiatan Mengingatkan bahwa ada kegiatan Prodi Pada :\r\nTanggal: 2024-04-01\r\nPukul: 08:30\r\nDeskripsi: Ini penjelasan kegiatan ', '1685348073101', '1711960200000', '-', 1, 1, 1, 0),
	(39, '06dc2517-ec02-437b-a355-bb36097e62ed', 'b2843e64-ad1f-4ad0-9060-ef7a12b67907', 'selfchatbotaccess-app', 'Yth. PIC Kegiatan Kegiatan baru gess Mengingatkan bahwa ada kegiatan Prodi Pada :\r\nTanggal: 2024-04-01\r\nPukul: 08:30\r\nDeskripsi: Ini adalah penjelasannya', 'Pengingat Kegiatan', 'Yth. PIC Kegiatan Kegiatan baru gess Mengingatkan bahwa ada kegiatan Prodi Pada :\r\nTanggal: 2024-04-01\r\nPukul: 08:30\r\nDeskripsi: Ini adalah penjelasannya', '1685349916416', '1711960200000', '-', 1, 1, 1, 0),
	(40, '06dc2517-ec02-437b-a355-bb36097e62ed', 'b2843e64-ad1f-4ad0-9060-ef7a12b67907', 'selfchatbotaccess-app', 'Yth. PIC Kegiatan Kegiatan baru gess Mengingatkan bahwa ada kegiatan Prodi Pada :\nTanggal: 56301-03-25\nPukul: 11:00\nDeskripsi: Ini adalah penjelasannya', 'Pengingat Kegiatan', 'Yth. PIC Kegiatan Kegiatan baru gess Mengingatkan bahwa ada kegiatan Prodi Pada :\nTanggal: 56301-03-25\nPukul: 11:00\nDeskripsi: Ini adalah penjelasannya', '1685349921842', '-1019252054988', '-', 1, 1, 1, 1),
	(41, '06dc2517-ec02-437b-a355-bb36097e62ed', 'b2843e64-ad1f-4ad0-9060-ef7a12b67907', 'selfchatbotaccess-app', 'Yth. PIC Kegiatan Kegiatan baru gess Mengingatkan bahwa ada kegiatan Prodi Pada :\nTanggal: 56301-04-11\nPukul: 11:00\nDeskripsi: Ini adalah penjelasannya', 'Pengingat Kegiatan', 'Yth. PIC Kegiatan Kegiatan baru gess Mengingatkan bahwa ada kegiatan Prodi Pada :\nTanggal: 56301-04-11\nPukul: 11:00\nDeskripsi: Ini adalah penjelasannya', '1685349922615', '-1017783254988', '-', 1, 1, 1, 1),
	(42, '06dc2517-ec02-437b-a355-bb36097e62ed', 'b93fb309-8c96-43d8-bdd7-b023fc519990', 'selfchatbotaccess-app', 'Yth. PIC Kegiatan Kegiatan Prodi D3 TI Mengingatkan bahwa ada kegiatan Prodi Pada :\nTanggal: 1970-01-01\nPukul: 08:30\nDeskripsi: Ini Penjelasan Kegiatan Prodi D3TI PSDKU', 'Pengingat Kegiatan', 'Yth. PIC Kegiatan Kegiatan Prodi D3 TI Mengingatkan bahwa ada kegiatan Prodi Pada :\nTanggal: 1970-01-01\nPukul: 08:30\nDeskripsi: Ini Penjelasan Kegiatan Prodi D3TI PSDKU', '1685431955124', '30600000', '1685431958710', 1, 1, 1, 1),
	(43, '06dc2517-ec02-437b-a355-bb36097e62ed', 'b93fb309-8c96-43d8-bdd7-b023fc519990', 'selfchatbotaccess-app', 'Yth. PIC Kegiatan Kegiatan Prodi D3 TI Mengingatkan bahwa ada kegiatan Prodi Pada :\nTanggal: 56301-03-25\nPukul: 11:00\nDeskripsi: Ini Penjelasan Kegiatan Prodi D3TI PSDKU', 'Pengingat Kegiatan', 'Yth. PIC Kegiatan Kegiatan Prodi D3 TI Mengingatkan bahwa ada kegiatan Prodi Pada :\nTanggal: 56301-03-25\nPukul: 11:00\nDeskripsi: Ini Penjelasan Kegiatan Prodi D3TI PSDKU', '1685431956062', '-1019252054988', '-', 1, 1, 1, 1),
	(44, '06dc2517-ec02-437b-a355-bb36097e62ed', 'b93fb309-8c96-43d8-bdd7-b023fc519990', 'selfchatbotaccess-app', 'Yth. PIC Kegiatan Kegiatan Prodi D3 TI Mengingatkan bahwa ada kegiatan Prodi Pada :\nTanggal: 56301-04-11\nPukul: 11:00\nDeskripsi: Ini Penjelasan Kegiatan Prodi D3TI PSDKU', 'Pengingat Kegiatan', 'Yth. PIC Kegiatan Kegiatan Prodi D3 TI Mengingatkan bahwa ada kegiatan Prodi Pada :\nTanggal: 56301-04-11\nPukul: 11:00\nDeskripsi: Ini Penjelasan Kegiatan Prodi D3TI PSDKU', '1685431957088', '-1017783254988', '-', 1, 1, 1, 1),
	(45, '06dc2517-ec02-437b-a355-bb36097e62ed', 'eac6bae1-a7ff-4e35-8cca-8d3822940906', 'selfchatbotaccess-app', 'Yth. PIC Kegiatan Kegiatan Prodi D3 TI Mengingatkan bahwa ada kegiatan Prodi Pada :\nTanggal: 1970-01-01\nPukul: 08:30\nDeskripsi: Ini Penjelasan Kegiatan Prodi D3TI PSDKU', 'Pengingat Kegiatan', 'Yth. PIC Kegiatan Kegiatan Prodi D3 TI Mengingatkan bahwa ada kegiatan Prodi Pada :\nTanggal: 1970-01-01\nPukul: 08:30\nDeskripsi: Ini Penjelasan Kegiatan Prodi D3TI PSDKU', '1685431958394', '30600000', '1685431970940', 1, 1, 1, 1),
	(46, '06dc2517-ec02-437b-a355-bb36097e62ed', 'eac6bae1-a7ff-4e35-8cca-8d3822940906', 'selfchatbotaccess-app', 'Yth. PIC Kegiatan Kegiatan Prodi D3 TI Mengingatkan bahwa ada kegiatan Prodi Pada :\nTanggal: 56301-03-25\nPukul: 11:00\nDeskripsi: Ini Penjelasan Kegiatan Prodi D3TI PSDKU', 'Pengingat Kegiatan', 'Yth. PIC Kegiatan Kegiatan Prodi D3 TI Mengingatkan bahwa ada kegiatan Prodi Pada :\nTanggal: 56301-03-25\nPukul: 11:00\nDeskripsi: Ini Penjelasan Kegiatan Prodi D3TI PSDKU', '1685431958919', '-1019252054988', '-', 1, 1, 1, 1),
	(47, '06dc2517-ec02-437b-a355-bb36097e62ed', 'eac6bae1-a7ff-4e35-8cca-8d3822940906', 'selfchatbotaccess-app', 'Yth. PIC Kegiatan Kegiatan Prodi D3 TI Mengingatkan bahwa ada kegiatan Prodi Pada :\nTanggal: 56301-04-11\nPukul: 11:00\nDeskripsi: Ini Penjelasan Kegiatan Prodi D3TI PSDKU', 'Pengingat Kegiatan', 'Yth. PIC Kegiatan Kegiatan Prodi D3 TI Mengingatkan bahwa ada kegiatan Prodi Pada :\nTanggal: 56301-04-11\nPukul: 11:00\nDeskripsi: Ini Penjelasan Kegiatan Prodi D3TI PSDKU', '1685431959430', '-1017783254988', '-', 1, 1, 1, 1),
	(48, '06dc2517-ec02-437b-a355-bb36097e62ed', 'f10f0e02-0578-41b6-82b4-d346df370e89', 'selfchatbotaccess-app', 'Yth. PIC Kegiatan Kegiatan Prodi D3 Teknik informatika baru 30 Mengingatkan bahwa ada kegiatan Prodi Pada :\nTanggal: Thursday, 01 January 1970\nPukul: 08:30\nDeskripsi: Ini penjelasannya kegiatan tersebut dibuat 30 mei', 'Pengingat Kegiatan', 'Yth. PIC Kegiatan Kegiatan Prodi D3 Teknik informatika baru 30 Mengingatkan bahwa ada kegiatan Prodi Pada :\nTanggal: Thursday, 01 January 1970\nPukul: 08:30\nDeskripsi: Ini penjelasannya kegiatan tersebut dibuat 30 mei', '1685442481213', '30600000', '1685442485601', 1, 1, 1, 1),
	(49, '06dc2517-ec02-437b-a355-bb36097e62ed', 'fcde24fb-75c8-4e10-a059-cdca701aabd7', 'selfchatbotaccess-app', 'Yth. PIC Kegiatan Kegiatan Prodi D3 Teknik informatika baru Mengingatkan bahwa ada kegiatan Prodi Pada :\nTanggal: Saturday, 06 August 2383\nPukul: 19:00\nDeskripsi: Ini penjelasan kegiatannya', 'Pengingat Kegiatan', 'Yth. PIC Kegiatan Kegiatan Prodi D3 Teknik informatika baru Mengingatkan bahwa ada kegiatan Prodi Pada :\nTanggal: Saturday, 06 August 2383\nPukul: 19:00\nDeskripsi: Ini penjelasan kegiatannya', '1685443089946', '-5394918873709', '-', 1, 1, 1, 1),
	(50, '06dc2517-ec02-437b-a355-bb36097e62ed', 'e11a3495-bd80-4fb2-a424-c29c5e1d2cf5', 'selfchatbotaccess-app', 'Yth. PIC Kegiatan Kegiatan Prodi D3 Teknik informatika baru lagi Mengingatkan bahwa ada kegiatan Prodi Pada :\nTanggal: Monday, 01 June 1970\nPukul: 08:30\nDeskripsi: Ini penjelasan Kegiatan Prodi D3 Teknik informatika baru lagi', 'Pengingat Kegiatan', 'Yth. PIC Kegiatan Kegiatan Prodi D3 Teknik informatika baru lagi Mengingatkan bahwa ada kegiatan Prodi Pada :\nTanggal: Monday, 01 June 1970\nPukul: 08:30\nDeskripsi: Ini penjelasan Kegiatan Prodi D3 Teknik informatika baru lagi', '1685443447688', '13077000000', '1685443453218', 1, 1, 1, 1),
	(51, '06dc2517-ec02-437b-a355-bb36097e62ed', '305a1d9c-8640-40a6-8ce9-8543d8e25eb0', 'selfchatbotaccess-app', 'Yth. PIC Kegiatan Kegiatan Prodi D3 Teknik informatika 31 Mengingatkan bahwa ada kegiatan Prodi Pada :\nTanggal: Monday, 01 April 2024\nPukul: 00:00\nDeskripsi: Penjelasan Kegiatan Prodi D3 Teknik informatika 31 blabla', 'Pengingat Kegiatan', 'Yth. PIC Kegiatan Kegiatan Prodi D3 Teknik informatika 31 Mengingatkan bahwa ada kegiatan Prodi Pada :\nTanggal: Monday, 01 April 2024\nPukul: 00:00\nDeskripsi: Penjelasan Kegiatan Prodi D3 Teknik informatika 31 blabla', '1685511990858', '1711929600000', '1686134598973', 1, 1, 1, 1),
	(52, '06dc2517-ec02-437b-a355-bb36097e62ed', '305a1d9c-8640-40a6-8ce9-8543d8e25eb0', 'selfchatbotaccess-app', 'Yth. PIC Kegiatan Kegiatan Prodi D3 Teknik informatika 31 Mengingatkan bahwa ada kegiatan Prodi Pada :\nTanggal: Tuesday, 02 April 2024\nPukul: 09:15\nDeskripsi: Penjelasan Kegiatan Prodi D3 Teknik informatika 31 blabla', 'Pengingat Kegiatan', 'Yth. PIC Kegiatan Kegiatan Prodi D3 Teknik informatika 31 Mengingatkan bahwa ada kegiatan Prodi Pada :\nTanggal: Tuesday, 02 April 2024\nPukul: 09:15\nDeskripsi: Penjelasan Kegiatan Prodi D3 Teknik informatika 31 blabla', '1685511992170', '1712049300000', '1686254298938', 1, 1, 1, 1),
	(53, '06dc2517-ec02-437b-a355-bb36097e62ed', '305a1d9c-8640-40a6-8ce9-8543d8e25eb0', 'selfchatbotaccess-app', 'Yth. PIC Kegiatan Kegiatan Prodi D3 Teknik informatika 31 Mengingatkan bahwa ada kegiatan Prodi Pada :\nTanggal: Tuesday, 19 March 2024\nPukul: 09:15\nDeskripsi: Penjelasan Kegiatan Prodi D3 Teknik informatika 31 blabla', 'Pengingat Kegiatan', 'Yth. PIC Kegiatan Kegiatan Prodi D3 Teknik informatika 31 Mengingatkan bahwa ada kegiatan Prodi Pada :\nTanggal: Tuesday, 19 March 2024\nPukul: 09:15\nDeskripsi: Penjelasan Kegiatan Prodi D3 Teknik informatika 31 blabla', '1685511992741', '1710839700000', '1685511996052', 1, 1, 1, 1),
	(54, '06dc2517-ec02-437b-a355-bb36097e62ed', '30d7b84d-9f60-469d-a869-2fc7096f01bb', 'selfchatbotaccess-app', 'Yth. PIC Kegiatan Kegiatan Prodi | tes 1 juni Mengingatkan bahwa ada kegiatan tersebut Pada :\nTanggal: 2 - 5 - 2024\nPukul: 09:30\nDeskripsi: Ini penjelasan kegiatan prodi yang dites 1 juni', 'Pengingat Kegiatan', 'Yth. PIC Kegiatan Kegiatan Prodi | tes 1 juni Mengingatkan bahwa ada kegiatan tersebut Pada :\nTanggal: 2 - 5 - 2024\nPukul: 09:30\nDeskripsi: Ini penjelasan kegiatan prodi yang dites 1 juni', '1685575770339', '1711959300000', '1686164301583', 1, 1, 1, 1),
	(55, '06dc2517-ec02-437b-a355-bb36097e62ed', '30d7b84d-9f60-469d-a869-2fc7096f01bb', 'selfchatbotaccess-app', 'Yth. PIC Kegiatan Kegiatan Prodi | tes 1 juni Mengingatkan bahwa ada kegiatan tersebut Pada :\nTanggal: 2 - 5 - 2024\nPukul: 09:30\nDeskripsi: Ini penjelasan kegiatan prodi yang dites 1 juni', 'Pengingat Kegiatan', 'Yth. PIC Kegiatan Kegiatan Prodi | tes 1 juni Mengingatkan bahwa ada kegiatan tersebut Pada :\nTanggal: 2 - 5 - 2024\nPukul: 09:30\nDeskripsi: Ini penjelasan kegiatan prodi yang dites 1 juni', '1685575770843', '1712045700000', '1686250699029', 1, 1, 1, 1),
	(56, '06dc2517-ec02-437b-a355-bb36097e62ed', '8112f437-03b8-4236-88da-9df4ffb3ece8', 'selfchatbotaccess-app', 'Yth. PIC Kegiatan Kunjungan Industri di Garena Mengingatkan bahwa ada kegiatan tersebut Pada :\nTanggal: 1, Desember, 2023\nPukul: 10:30\nDeskripsi: Ini adalah kunjungan industri di dunia teknologi khususnya game yang terbesar', 'Pengingat Kegiatan', 'Yth. PIC Kegiatan Kunjungan Industri di Garena Mengingatkan bahwa ada kegiatan tersebut Pada :\nTanggal: 1, Desember, 2023\nPukul: 10:30\nDeskripsi: Ini adalah kunjungan industri di dunia teknologi khususnya game yang terbesar', '1685593348697', '1696148100000', '-', 1, 1, 1, 1),
	(57, '06dc2517-ec02-437b-a355-bb36097e62ed', '8112f437-03b8-4236-88da-9df4ffb3ece8', 'selfchatbotaccess-app', 'Yth. PIC Kegiatan Kunjungan Industri di Garena Mengingatkan bahwa ada kegiatan tersebut Pada :\nTanggal: 1, Desember, 2023\nPukul: 10:30\nDeskripsi: Ini adalah kunjungan industri di dunia teknologi khususnya game yang terbesar', 'Pengingat Kegiatan', 'Yth. PIC Kegiatan Kunjungan Industri di Garena Mengingatkan bahwa ada kegiatan tersebut Pada :\nTanggal: 1, Desember, 2023\nPukul: 10:30\nDeskripsi: Ini adalah kunjungan industri di dunia teknologi khususnya game yang terbesar', '1685593349378', '1698826500000', '1685916401013', 1, 1, 1, 1),
	(58, '06dc2517-ec02-437b-a355-bb36097e62ed', '58efe0c5-b94f-4a33-9b07-6da963fdf91e', 'selfchatbotaccess-app', 'Yth. PIC Kegiatan Kunjungan Ke GOJEK Mengingatkan bahwa ada kegiatan tersebut Pada :\nTanggal: 15, Juni, 2024\nPukul: 10:30\nDeskripsi: Ini adalah kegiatan kunjungan industri ke perusahaan gojek', 'Pengingat Kegiatan', 'Yth. PIC Kegiatan Kunjungan Ke GOJEK Mengingatkan bahwa ada kegiatan tersebut Pada :\nTanggal: 15, Juni, 2024\nPukul: 10:30\nDeskripsi: Ini adalah kegiatan kunjungan industri ke perusahaan gojek', '1685608399407', '1711959300000', '1686164298724', 1, 1, 1, 1),
	(59, '06dc2517-ec02-437b-a355-bb36097e62ed', '58efe0c5-b94f-4a33-9b07-6da963fdf91e', 'selfchatbotaccess-app', 'Yth. PIC Kegiatan Kunjungan Ke GOJEK Mengingatkan bahwa ada kegiatan tersebut Pada :\nTanggal: 15, Juni, 2024\nPukul: 10:30\nDeskripsi: Ini adalah kegiatan kunjungan industri ke perusahaan gojek', 'Pengingat Kegiatan', 'Yth. PIC Kegiatan Kunjungan Ke GOJEK Mengingatkan bahwa ada kegiatan tersebut Pada :\nTanggal: 15, Juni, 2024\nPukul: 10:30\nDeskripsi: Ini adalah kegiatan kunjungan industri ke perusahaan gojek', '1685608401980', '1715760900000', '1685670931282', 1, 1, 1, 1),
	(60, '06dc2517-ec02-437b-a355-bb36097e62ed', 'cbc777f9-aeb5-4841-850d-8633ed6983b6', 'selfchatbotaccess-app', 'Yth. PIC Kegiatan Kunjungan ke TOKOPEDIA Mengingatkan bahwa ada kegiatan tersebut Pada :\r\nTanggal: 9, Februari, 2024\r\nPukul: 09:30\r\nDeskripsi: Ini adalah penjelasan kegiatannnnn bro', 'Pengingat Kegiatan', 'Yth. PIC Kegiatan Kunjungan ke TOKOPEDIA Mengingatkan bahwa ada kegiatan tersebut Pada :\r\nTanggal: 9, Februari, 2024\r\nPukul: 09:30\r\nDeskripsi: Ini adalah penjelasan kegiatannnnn bro', '1685862236522', '1704096900000', '-', 1, 1, 1, 0),
	(61, '06dc2517-ec02-437b-a355-bb36097e62ed', 'cbc777f9-aeb5-4841-850d-8633ed6983b6', 'selfchatbotaccess-app', 'Yth. PIC Kegiatan Kunjungan ke TOKOPEDIA Mengingatkan bahwa ada kegiatan tersebut Pada :\r\nTanggal: 9, Februari, 2024\r\nPukul: 09:30\r\nDeskripsi: Ini adalah penjelasan kegiatannnnn bro', 'Pengingat Kegiatan', 'Yth. PIC Kegiatan Kunjungan ke TOKOPEDIA Mengingatkan bahwa ada kegiatan tersebut Pada :\r\nTanggal: 9, Februari, 2024\r\nPukul: 09:30\r\nDeskripsi: Ini adalah penjelasan kegiatannnnn bro', '1685862237284', '1704788100000', '-', 1, 1, 1, 0),
	(62, '06dc2517-ec02-437b-a355-bb36097e62ed', 'c4dd170b-3fbe-465e-bf9e-51dfc98142b7', 'selfchatbotaccess-app', 'Yth. PIC Kegiatan Kunjungan Ke Shopee Mengingatkan bahwa ada kegiatan tersebut Pada :\r\nTanggal: 2, Maret, 2024\r\nPukul: 10:30\r\nDeskripsi: Ini adalah penjelasan kegiatan', 'Pengingat Kegiatan', 'Yth. PIC Kegiatan Kunjungan Ke Shopee Mengingatkan bahwa ada kegiatan tersebut Pada :\r\nTanggal: 2, Maret, 2024\r\nPukul: 10:30\r\nDeskripsi: Ini adalah penjelasan kegiatan', '1686111804125', '1704096900000', '-', 1, 1, 1, 0),
	(63, '06dc2517-ec02-437b-a355-bb36097e62ed', 'c4dd170b-3fbe-465e-bf9e-51dfc98142b7', 'selfchatbotaccess-app', 'Yth. PIC Kegiatan Kunjungan Ke Shopee Mengingatkan bahwa ada kegiatan tersebut Pada :\nTanggal: 2, Maret, 2024\nPukul: 10:30\nDeskripsi: Ini adalah penjelasan kegiatan', 'Pengingat Kegiatan', 'Yth. PIC Kegiatan Kunjungan Ke Shopee Mengingatkan bahwa ada kegiatan tersebut Pada :\nTanggal: 2, Maret, 2024\nPukul: 10:30\nDeskripsi: Ini adalah penjelasan kegiatan', '1686111804753', '1706861700000', '1686111808202', 1, 1, 1, 1),
	(64, '06dc2517-ec02-437b-a355-bb36097e62ed', '2818159a-5f19-45d4-92f0-ff2b8872cd93', 'selfchatbotaccess-app', 'Yth. PIC Kegiatan Kegiatan Prodi Terbaru 7 Juni Rufa Mengingatkan bahwa ada kegiatan tersebut Pada :\r\nTanggal: 8, Februari, 2024\r\nPukul: 08:30\r\nDeskripsi: Penjelasan Kegiatan Prodi dan lain lain', 'Pengingat Kegiatan', 'Yth. PIC Kegiatan Kegiatan Prodi Terbaru 7 Juni Rufa Mengingatkan bahwa ada kegiatan tersebut Pada :\r\nTanggal: 8, Februari, 2024\r\nPukul: 08:30\r\nDeskripsi: Penjelasan Kegiatan Prodi dan lain lain', '1686128084181', '1704096900000', '-', 1, 1, 1, 0),
	(65, '06dc2517-ec02-437b-a355-bb36097e62ed', '2818159a-5f19-45d4-92f0-ff2b8872cd93', 'selfchatbotaccess-app', 'Yth. PIC Kegiatan Kegiatan Prodi Terbaru 7 Juni Rufa Mengingatkan bahwa ada kegiatan tersebut Pada :\nTanggal: 8, Februari, 2024\nPukul: 08:30\nDeskripsi: Penjelasan Kegiatan Prodi dan lain lain', 'Pengingat Kegiatan', 'Yth. PIC Kegiatan Kegiatan Prodi Terbaru 7 Juni Rufa Mengingatkan bahwa ada kegiatan tersebut Pada :\nTanggal: 8, Februari, 2024\nPukul: 08:30\nDeskripsi: Penjelasan Kegiatan Prodi dan lain lain', '1686128084912', '1707466500000', '1686128091931', 1, 1, 1, 1),
	(66, '06dc2517-ec02-437b-a355-bb36097e62ed', 'fe779472-8c20-4ba8-abdb-ce6bc52805cb', 'selfchatbotaccess-app', 'Yth. PIC Kegiatan Kegiatan Prodi Baru Rufa 7 Juni Mengingatkan bahwa ada kegiatan tersebut Pada :\nTanggal: 23, Februari, 2024\nPukul: 08:30\nDeskripsi: Ini penjelasan kegiatan untuk mencoba', 'Pengingat Kegiatan', 'Yth. PIC Kegiatan Kegiatan Prodi Baru Rufa 7 Juni Mengingatkan bahwa ada kegiatan tersebut Pada :\nTanggal: 23, Februari, 2024\nPukul: 08:30\nDeskripsi: Ini penjelasan kegiatan untuk mencoba', '1686128455261', '1704096900000', '1686891853516', 1, 1, 1, 1),
	(67, '06dc2517-ec02-437b-a355-bb36097e62ed', 'fe779472-8c20-4ba8-abdb-ce6bc52805cb', 'selfchatbotaccess-app', 'Yth. PIC Kegiatan Kegiatan Prodi Baru Rufa 7 Juni Mengingatkan bahwa ada kegiatan tersebut Pada :\r\nTanggal: 23, Februari, 2024\r\nPukul: 08:30\r\nDeskripsi: Ini penjelasan kegiatan untuk mencoba', 'Pengingat Kegiatan', 'Yth. PIC Kegiatan Kegiatan Prodi Baru Rufa 7 Juni Mengingatkan bahwa ada kegiatan tersebut Pada :\r\nTanggal: 23, Februari, 2024\r\nPukul: 08:30\r\nDeskripsi: Ini penjelasan kegiatan untuk mencoba', '1686128456546', '1708762500000', '-', 1, 1, 1, 0),
	(68, '06dc2517-ec02-437b-a355-bb36097e62ed', 'fe779472-8c20-4ba8-abdb-ce6bc52805cb', 'selfchatbotaccess-app', 'Yth. PIC Kegiatan Kegiatan Prodi Baru Rufa 7 Juni Mengingatkan bahwa ada kegiatan tersebut Pada :\nTanggal: 09, Februari, 2024\nPukul: 08:30\nDeskripsi: Ini penjelasan kegiatan untuk mencoba', 'Pengingat Kegiatan', 'Yth. PIC Kegiatan Kegiatan Prodi Baru Rufa 7 Juni Mengingatkan bahwa ada kegiatan tersebut Pada :\nTanggal: 09, Februari, 2024\nPukul: 08:30\nDeskripsi: Ini penjelasan kegiatan untuk mencoba', '1686128457054', '1704096900000', '1686891837405', 1, 1, 1, 1),
	(69, '06dc2517-ec02-437b-a355-bb36097e62ed', 'fe779472-8c20-4ba8-abdb-ce6bc52805cb', 'selfchatbotaccess-app', 'Yth. PIC Kegiatan Kegiatan Prodi Baru Rufa 7 Juni Mengingatkan bahwa ada kegiatan tersebut Pada :\nTanggal: 23, Februari, 2024\nPukul: 08:30\nDeskripsi: Ini penjelasan kegiatan untuk mencoba', 'Pengingat Kegiatan', 'Yth. PIC Kegiatan Kegiatan Prodi Baru Rufa 7 Juni Mengingatkan bahwa ada kegiatan tersebut Pada :\nTanggal: 23, Februari, 2024\nPukul: 08:30\nDeskripsi: Ini penjelasan kegiatan untuk mencoba', '1686128457528', '1705997700000', '1686128460510', 1, 1, 1, 1),
	(70, '06dc2517-ec02-437b-a355-bb36097e62ed', '6b6beffa-39ee-4887-9e7a-7063d607428f', 'selfchatbotaccess-app', 'Yth. PIC Kegiatan Kunjungan IT Mengingatkan bahwa ada kegiatan tersebut Pada :\nTanggal: 2, Maret, 2024\nPukul: 10:15\nDeskripsi: Ini Penjelasan kegiatan', 'Pengingat Kegiatan', 'Yth. PIC Kegiatan Kunjungan IT Mengingatkan bahwa ada kegiatan tersebut Pada :\nTanggal: 2, Maret, 2024\nPukul: 10:15\nDeskripsi: Ini Penjelasan kegiatan', '1686176705285', '1704096900000', '1686891850288', 1, 1, 1, 1),
	(71, '06dc2517-ec02-437b-a355-bb36097e62ed', '6b6beffa-39ee-4887-9e7a-7063d607428f', 'selfchatbotaccess-app', 'Yth. PIC Kegiatan Kunjungan IT Mengingatkan bahwa ada kegiatan tersebut Pada :\r\nTanggal: 2, Maret, 2024\r\nPukul: 10:15\r\nDeskripsi: Ini Penjelasan kegiatan', 'Pengingat Kegiatan', 'Yth. PIC Kegiatan Kunjungan IT Mengingatkan bahwa ada kegiatan tersebut Pada :\r\nTanggal: 2, Maret, 2024\r\nPukul: 10:15\r\nDeskripsi: Ini Penjelasan kegiatan', '1686176705915', '1709453700000', '-', 1, 1, 1, 0),
	(72, '06dc2517-ec02-437b-a355-bb36097e62ed', '6b6beffa-39ee-4887-9e7a-7063d607428f', 'selfchatbotaccess-app', 'Yth. PIC Kegiatan Kunjungan IT Mengingatkan bahwa ada kegiatan tersebut Pada :\nTanggal: 17, Februari, 2024\nPukul: 10:15\nDeskripsi: Ini Penjelasan kegiatan', 'Pengingat Kegiatan', 'Yth. PIC Kegiatan Kunjungan IT Mengingatkan bahwa ada kegiatan tersebut Pada :\nTanggal: 17, Februari, 2024\nPukul: 10:15\nDeskripsi: Ini Penjelasan kegiatan', '1686176707433', '1704096900000', '1686891847087', 1, 1, 1, 1),
	(73, '06dc2517-ec02-437b-a355-bb36097e62ed', '6b6beffa-39ee-4887-9e7a-7063d607428f', 'selfchatbotaccess-app', 'Yth. PIC Kegiatan Kunjungan IT Mengingatkan bahwa ada kegiatan tersebut Pada :\nTanggal: 2, Maret, 2024\nPukul: 10:15\nDeskripsi: Ini Penjelasan kegiatan', 'Pengingat Kegiatan', 'Yth. PIC Kegiatan Kunjungan IT Mengingatkan bahwa ada kegiatan tersebut Pada :\nTanggal: 2, Maret, 2024\nPukul: 10:15\nDeskripsi: Ini Penjelasan kegiatan', '1686176710956', '1706861700000', '1686176715914', 1, 1, 1, 1),
	(74, '06dc2517-ec02-437b-a355-bb36097e62ed', 'd9b9f732-4538-4ca9-ad47-e2060b0d62ce', 'selfchatbotaccess-app', 'Yth. PIC Kegiatan Kunjungan IT terbaru Mengingatkan bahwa ada kegiatan tersebut Pada :\nTanggal: 4, Februari, 2023\nPukul: 10:15\nDeskripsi: Ini Penjelasan kegiatan', 'Pengingat Kegiatan', 'Yth. PIC Kegiatan Kunjungan IT terbaru Mengingatkan bahwa ada kegiatan tersebut Pada :\nTanggal: 4, Februari, 2023\nPukul: 10:15\nDeskripsi: Ini Penjelasan kegiatan', '1686178122224', '1672560900000', '1686178125342', 1, 1, 1, 1),
	(75, '06dc2517-ec02-437b-a355-bb36097e62ed', '73a96033-fba9-47aa-809a-dec6c443739c', 'selfchatbotaccess-app', 'Yth. PIC Kegiatan Kegiatan Terbaru ges Mengingatkan bahwa ada kegiatan tersebut Pada :\nTanggal: 3, Februari, 2024\nPukul: 10:30\nDeskripsi: ini penjelasan kegiatan', 'Pengingat Kegiatan', 'Yth. PIC Kegiatan Kegiatan Terbaru ges Mengingatkan bahwa ada kegiatan tersebut Pada :\nTanggal: 3, Februari, 2024\nPukul: 10:30\nDeskripsi: ini penjelasan kegiatan', '1686178232727', '1704096900000', '1686891840618', 1, 1, 1, 1),
	(76, '06dc2517-ec02-437b-a355-bb36097e62ed', '73a96033-fba9-47aa-809a-dec6c443739c', 'selfchatbotaccess-app', 'Yth. PIC Kegiatan Kegiatan Terbaru ges Mengingatkan bahwa ada kegiatan tersebut Pada :\nTanggal: 3, Februari, 2024\nPukul: 10:30\nDeskripsi: ini penjelasan kegiatan', 'Pengingat Kegiatan', 'Yth. PIC Kegiatan Kegiatan Terbaru ges Mengingatkan bahwa ada kegiatan tersebut Pada :\nTanggal: 3, Februari, 2024\nPukul: 10:30\nDeskripsi: ini penjelasan kegiatan', '1686178233719', '1707034500000', '1686178239350', 1, 1, 1, 1),
	(77, '06dc2517-ec02-437b-a355-bb36097e62ed', '73a96033-fba9-47aa-809a-dec6c443739c', 'selfchatbotaccess-app', 'Yth. PIC Kegiatan Kegiatan Terbaru ges Mengingatkan bahwa ada kegiatan tersebut Pada :\nTanggal: 3, Februari, 2024\nPukul: 10:30\nDeskripsi: ini penjelasan kegiatan', 'Pengingat Kegiatan', 'Yth. PIC Kegiatan Kegiatan Terbaru ges Mengingatkan bahwa ada kegiatan tersebut Pada :\nTanggal: 3, Februari, 2024\nPukul: 10:30\nDeskripsi: ini penjelasan kegiatan', '1686178237074', '-6829722078871', '1686178242868', 1, 1, 1, 1),
	(78, '06dc2517-ec02-437b-a355-bb36097e62ed', '73a96033-fba9-47aa-809a-dec6c443739c', 'selfchatbotaccess-app', 'Yth. PIC Kegiatan Kegiatan Terbaru ges Mengingatkan bahwa ada kegiatan tersebut Pada :\nTanggal: 3, Februari, 2024\nPukul: 10:30\nDeskripsi: ini penjelasan kegiatan', 'Pengingat Kegiatan', 'Yth. PIC Kegiatan Kegiatan Terbaru ges Mengingatkan bahwa ada kegiatan tersebut Pada :\nTanggal: 3, Februari, 2024\nPukul: 10:30\nDeskripsi: ini penjelasan kegiatan', '1686178238218', '1704269700000', '1687064633543', 1, 1, 1, 1),
	(79, '06dc2517-ec02-437b-a355-bb36097e62ed', '07e816a4-04ff-435f-92f4-fdaf13aaf1f6', 'selfchatbotaccess-app', 'Yth. PIC Kegiatan Kegiatan Mencobaa 8 jun Mengingatkan bahwa ada kegiatan tersebut Pada :\nTanggal: 15, Juni, 2024\nPukul: 10:15\nDeskripsi: Ini penjelasannya', 'Pengingat Kegiatan', 'Yth. PIC Kegiatan Kegiatan Mencobaa 8 jun Mengingatkan bahwa ada kegiatan tersebut Pada :\nTanggal: 15, Juni, 2024\nPukul: 10:15\nDeskripsi: Ini penjelasannya', '1686192409513', '1711959300000', '1686192412622', 1, 1, 1, 1),
	(80, '06dc2517-ec02-437b-a355-bb36097e62ed', '07e816a4-04ff-435f-92f4-fdaf13aaf1f6', 'selfchatbotaccess-app', 'Yth. PIC Kegiatan Kegiatan Mencobaa 8 jun Mengingatkan bahwa ada kegiatan tersebut Pada :\nTanggal: 15, Juni, 2024\nPukul: 10:15\nDeskripsi: Ini penjelasannya', 'Pengingat Kegiatan', 'Yth. PIC Kegiatan Kegiatan Mencobaa 8 jun Mengingatkan bahwa ada kegiatan tersebut Pada :\nTanggal: 15, Juni, 2024\nPukul: 10:15\nDeskripsi: Ini penjelasannya', '1686192410186', '1715760900000', '1686192416047', 1, 1, 1, 1),
	(81, '06dc2517-ec02-437b-a355-bb36097e62ed', 'a5d96c58-60f0-4d94-87ca-fc3c1db26110', 'selfchatbotaccess-app', 'Yth. PIC Kegiatan Test 8 juni 2023 Mengingatkan bahwa ada kegiatan tersebut Pada :\nTanggal: 15, Juni, 2024\nPukul: 08:30\nDeskripsi: Ini penjelasan', 'Pengingat Kegiatan', 'Yth. PIC Kegiatan Test 8 juni 2023 Mengingatkan bahwa ada kegiatan tersebut Pada :\nTanggal: 15, Juni, 2024\nPukul: 08:30\nDeskripsi: Ini penjelasan', '1686192980090', '1711959300000', '1686192983171', 1, 1, 1, 1),
	(82, '06dc2517-ec02-437b-a355-bb36097e62ed', 'a5d96c58-60f0-4d94-87ca-fc3c1db26110', 'selfchatbotaccess-app', 'Yth. PIC Kegiatan Test 8 juni 2023 Mengingatkan bahwa ada kegiatan tersebut Pada :\nTanggal: 15, Juni, 2024\nPukul: 08:30\nDeskripsi: Ini penjelasan', 'Pengingat Kegiatan', 'Yth. PIC Kegiatan Test 8 juni 2023 Mengingatkan bahwa ada kegiatan tersebut Pada :\nTanggal: 15, Juni, 2024\nPukul: 08:30\nDeskripsi: Ini penjelasan', '1686192980918', '1715760900000', '1686192986295', 1, 1, 1, 1),
	(83, '06dc2517-ec02-437b-a355-bb36097e62ed', '7dbff499-ca4c-462e-b329-b5b6d4239945', 'selfchatbotaccess-app', 'Yth. PIC Kegiatan Test 2 8 juni Mengingatkan bahwa ada kegiatan tersebut Pada :\nTanggal: 17, Mei, 2024\nPukul: 10:30\nDeskripsi: Ini penjelasan kegiatann ges', 'Pengingat Kegiatan', 'Yth. PIC Kegiatan Test 2 8 juni Mengingatkan bahwa ada kegiatan tersebut Pada :\nTanggal: 17, Mei, 2024\nPukul: 10:30\nDeskripsi: Ini penjelasan kegiatann ges', '1686194436843', '1711959300000', '1686194440408', 1, 1, 1, 1),
	(84, '06dc2517-ec02-437b-a355-bb36097e62ed', '7dbff499-ca4c-462e-b329-b5b6d4239945', 'selfchatbotaccess-app', 'Yth. PIC Kegiatan Test 2 8 juni Mengingatkan bahwa ada kegiatan tersebut Pada :\nTanggal: 17, Mei, 2024\nPukul: 10:30\nDeskripsi: Ini penjelasan kegiatann ges', 'Pengingat Kegiatan', 'Yth. PIC Kegiatan Test 2 8 juni Mengingatkan bahwa ada kegiatan tersebut Pada :\nTanggal: 17, Mei, 2024\nPukul: 10:30\nDeskripsi: Ini penjelasan kegiatann ges', '1686194437550', '1716020100000', '1686194443102', 1, 1, 1, 1),
	(85, '06dc2517-ec02-437b-a355-bb36097e62ed', '7dbff499-ca4c-462e-b329-b5b6d4239945', 'selfchatbotaccess-app', 'Yth. PIC Kegiatan Test 2 8 juni Mengingatkan bahwa ada kegiatan tersebut Pada :\nTanggal: 17, Mei, 2024\nPukul: 10:30\nDeskripsi: Ini penjelasan kegiatann ges', 'Pengingat Kegiatan', 'Yth. PIC Kegiatan Test 2 8 juni Mengingatkan bahwa ada kegiatan tersebut Pada :\nTanggal: 17, Mei, 2024\nPukul: 10:30\nDeskripsi: Ini penjelasan kegiatann ges', '1686194438956', '-6829722078871', '1686194450157', 1, 1, 1, 1),
	(86, '06dc2517-ec02-437b-a355-bb36097e62ed', '255a050c-25ee-4221-b3c4-29ca98bd5ecd', 'selfchatbotaccess-app', 'Yth. PIC Kegiatan Tes pengingat Mengingatkan bahwa ada kegiatan tersebut Pada :\nTanggal: 14 - Juni - 2024\nPukul: 09:30\nDeskripsi: Ini pengingat triwulan di rufa', 'Pengingat Kegiatan', 'Yth. PIC Kegiatan Tes pengingat Mengingatkan bahwa ada kegiatan tersebut Pada :\nTanggal: 14 - Juni - 2024\nPukul: 09:30\nDeskripsi: Ini pengingat triwulan di rufa', '1686223329792', '1711959300000', '1686223333127', 1, 1, 1, 1),
	(87, '06dc2517-ec02-437b-a355-bb36097e62ed', '255a050c-25ee-4221-b3c4-29ca98bd5ecd', 'tracerstudyd3tipsdku001-2', 'Testing Baru', 'TEST', 'Testing Baru', '1686223553408', '1704141000000', '1686935932270', 0, 1, 0, 1),
	(88, '06dc2517-ec02-437b-a355-bb36097e62ed', '255a050c-25ee-4221-b3c4-29ca98bd5ecd', 'tracerstudyd3tipsdku001-2', 'Testing Baru', 'TEST', 'Testing Baru', '1686224121586', '1686249420000', '1686224221181', 0, 1, 0, 1),
	(89, '06dc2517-ec02-437b-a355-bb36097e62ed', '38eaefa3-dff8-4cc9-a30e-fbf00b33af66', 'selfchatbotaccess-app', 'Yth. PIC Kegiatan Tes  Pengingat di rufa Mengingatkan bahwa ada kegiatan tersebut Pada :\r\nTanggal: 8 - Maret - 2024\r\nPukul: 08:10\r\nDeskripsi: Ini penjelasannya', 'Pengingat Kegiatan', 'Yth. PIC Kegiatan Tes  Pengingat di rufa Mengingatkan bahwa ada kegiatan tersebut Pada :\r\nTanggal: 8 - Maret - 2024\r\nPukul: 08:10\r\nDeskripsi: Ini penjelasannya', '1686224445113', '1704096900000', '-', 1, 1, 1, 0),
	(90, '06dc2517-ec02-437b-a355-bb36097e62ed', '3eb53127-3f3b-44ec-b41f-66471b2b46f6', 'selfchatbotaccess-app', 'Yth. PIC Kegiatan Test lagi terbaru di rufa Mengingatkan bahwa ada kegiatan tersebut Pada :\nTanggal: 11 - Agustus - 2023\nPukul: 08:00\nDeskripsi: Ini penjelasannya', 'Pengingat Kegiatan', 'Yth. PIC Kegiatan Test lagi terbaru di rufa Mengingatkan bahwa ada kegiatan tersebut Pada :\nTanggal: 11 - Agustus - 2023\nPukul: 08:00\nDeskripsi: Ini penjelasannya', '1686224673649', '1690877700000', '1686557542539', 1, 1, 1, 1),
	(91, '06dc2517-ec02-437b-a355-bb36097e62ed', '9bc243ad-6f7d-4520-afa0-3c58b0c72d8b', 'selfchatbotaccess-app', 'Yth. PIC Kegiatan Sidang Tugas Akhir rufa Mengingatkan bahwa ada kegiatan tersebut Pada :\nTanggal: 21 - Juni - 2024\nPukul: 10:30\nDeskripsi: ini penjelasan', 'Pengingat Kegiatan', 'Yth. PIC Kegiatan Sidang Tugas Akhir rufa Mengingatkan bahwa ada kegiatan tersebut Pada :\nTanggal: 21 - Juni - 2024\nPukul: 10:30\nDeskripsi: ini penjelasan', '1686225714851', '1711959300000', '1686225718880', 1, 1, 1, 1),
	(92, '06dc2517-ec02-437b-a355-bb36097e62ed', '9bc243ad-6f7d-4520-afa0-3c58b0c72d8b', 'selfchatbotaccess-app', 'Yth. PIC Kegiatan Sidang Tugas Akhir rufa Mengingatkan bahwa ada kegiatan tersebut Pada :\nTanggal: 21 - Juni - 2024\nPukul: 10:30\nDeskripsi: ini penjelasan', 'Pengingat Kegiatan', 'Yth. PIC Kegiatan Sidang Tugas Akhir rufa Mengingatkan bahwa ada kegiatan tersebut Pada :\nTanggal: 21 - Juni - 2024\nPukul: 10:30\nDeskripsi: ini penjelasan', '1686225715762', '1719044100000', '1686225723019', 1, 1, 1, 1),
	(93, '06dc2517-ec02-437b-a355-bb36097e62ed', '9bc243ad-6f7d-4520-afa0-3c58b0c72d8b', 'selfchatbotaccess-app', 'Yth. PIC Kegiatan Sidang Tugas Akhir rufa Mengingatkan bahwa ada kegiatan tersebut Pada :\nTanggal: 21 - Juni - 2024\nPukul: 10:30\nDeskripsi: ini penjelasan', 'Pengingat Kegiatan', 'Yth. PIC Kegiatan Sidang Tugas Akhir rufa Mengingatkan bahwa ada kegiatan tersebut Pada :\nTanggal: 21 - Juni - 2024\nPukul: 10:30\nDeskripsi: ini penjelasan', '1686225716862', '-6829722078871', '1686225727063', 1, 1, 1, 1),
	(94, '06dc2517-ec02-437b-a355-bb36097e62ed', '007f6df6-a617-4d9c-ab83-6d05c3245162', 'selfchatbotaccess-app', 'Yth. PIC Kegiatan Sidang Tugas Akhir Rufa Mengingatkan bahwa ada kegiatan tersebut Pada :\nTanggal: 7 - Maret - 2024\nPukul: 09:30\nDeskripsi: Ini penjelasan kegiatan', 'Pengingat Kegiatan', 'Yth. PIC Kegiatan Sidang Tugas Akhir Rufa Mengingatkan bahwa ada kegiatan tersebut Pada :\nTanggal: 7 - Maret - 2024\nPukul: 09:30\nDeskripsi: Ini penjelasan kegiatan', '1686226116347', '1704096900000', '1686891833523', 1, 1, 1, 1),
	(95, '06dc2517-ec02-437b-a355-bb36097e62ed', '007f6df6-a617-4d9c-ab83-6d05c3245162', 'selfchatbotaccess-app', 'Yth. PIC Kegiatan Sidang Tugas Akhir Rufa Mengingatkan bahwa ada kegiatan tersebut Pada :\nTanggal: 7 - Maret - 2024\nPukul: 09:30\nDeskripsi: Ini penjelasan kegiatan', 'Pengingat Kegiatan', 'Yth. PIC Kegiatan Sidang Tugas Akhir Rufa Mengingatkan bahwa ada kegiatan tersebut Pada :\nTanggal: 7 - Maret - 2024\nPukul: 09:30\nDeskripsi: Ini penjelasan kegiatan', '1686226116826', '1709885700000', '1686226123493', 1, 1, 1, 1),
	(96, '06dc2517-ec02-437b-a355-bb36097e62ed', '678af7de-2770-4f54-8956-cd9cae3049f0', 'selfchatbotaccess-app', 'Yth. PIC Kegiatan Kegiatan baru rufa bro Mengingatkan bahwa ada kegiatan tersebut Pada :\nTanggal: 6 - Agustus - 2024\nPukul: 10:30\nDeskripsi: Ini penjelasan kegiatann', 'Pengingat Kegiatan', 'Yth. PIC Kegiatan Kegiatan baru rufa bro Mengingatkan bahwa ada kegiatan tersebut Pada :\nTanggal: 6 - Agustus - 2024\nPukul: 10:30\nDeskripsi: Ini penjelasan kegiatann', '1686227068797', '1719821700000', '1686227072042', 1, 1, 1, 1),
	(97, '06dc2517-ec02-437b-a355-bb36097e62ed', '7541d591-1741-4935-998a-9e245a44eae3', 'selfchatbotaccess-app', 'Yth. PIC Kegiatan cobaa pengingatt rufa Mengingatkan bahwa ada kegiatan tersebut Pada :\nTanggal: 7 - Juni - 2024\nPukul: 09:30\nDeskripsi: Ini penjelasan kegiatannya', 'Pengingat Kegiatan', 'Yth. PIC Kegiatan cobaa pengingatt rufa Mengingatkan bahwa ada kegiatan tersebut Pada :\nTanggal: 7 - Juni - 2024\nPukul: 09:30\nDeskripsi: Ini penjelasan kegiatannya', '1686227392147', '1711959300000', '1686227395051', 1, 1, 1, 1),
	(98, '06dc2517-ec02-437b-a355-bb36097e62ed', '2a8a070e-7127-4d61-b2ab-6edcabcf7975', 'selfchatbotaccess-app', 'Yth. PIC Kegiatan COBA KEGIATAN RUFA Mengingatkan bahwa ada kegiatan tersebut Pada :\nTanggal: 8 - Juni - 2024\nPukul: 09:30\nDeskripsi: Ini penjelasann kegiatan', 'Pengingat Kegiatan', 'Yth. PIC Kegiatan COBA KEGIATAN RUFA Mengingatkan bahwa ada kegiatan tersebut Pada :\nTanggal: 8 - Juni - 2024\nPukul: 09:30\nDeskripsi: Ini penjelasann kegiatan', '1686227515299', '1711959300000', '1686227519032', 1, 1, 1, 1),
	(99, '06dc2517-ec02-437b-a355-bb36097e62ed', '255a050c-25ee-4221-b3c4-29ca98bd5ecd', 'tracerstudyd3tipsdku001-2', 'Testing Baru', 'TEST', 'Testing Baru', '1686227673586', '1686252960000', '1686227761281', 0, 1, 0, 1),
	(100, '06dc2517-ec02-437b-a355-bb36097e62ed', '7d966f06-3734-40cf-b9db-d0af7769fd7f', 'selfchatbotaccess-app', 'Yth. PIC Kegiatan Tambah kegiatan Mengingatkan bahwa ada kegiatan tersebut Pada :\nTanggal: 8 - Juni - 2023\nPukul: 08:30\nDeskripsi: Ini penjelasan kegiatannya', 'Pengingat Kegiatan', 'Yth. PIC Kegiatan Tambah kegiatan Mengingatkan bahwa ada kegiatan tersebut Pada :\nTanggal: 8 - Juni - 2023\nPukul: 08:30\nDeskripsi: Ini penjelasan kegiatannya', '1686228189692', '1680336900000', '1686228193560', 1, 1, 1, 1),
	(101, '06dc2517-ec02-437b-a355-bb36097e62ed', '255a050c-25ee-4221-b3c4-29ca98bd5ecd', 'tracerstudyd3tipsdku001-2', 'Testing Baru', 'TEST', 'Testing Baru', '1686228290551', '1686253500000', '1686228301176', 0, 1, 0, 1),
	(102, '06dc2517-ec02-437b-a355-bb36097e62ed', '007f6df6-a617-4d9c-ab83-6d05c3245162', 'tracerstudyd3tipsdku001-2', 'Testing Baru', 'TEST', 'Testing Baru', '1686229517891', '1717875900000', '-', 0, 1, 0, 1),
	(103, '06dc2517-ec02-437b-a355-bb36097e62ed', '007f6df6-a617-4d9c-ab83-6d05c3245162', 'tracerstudyd3tipsdku001-2', 'Testing Baru', 'TEST', 'Testing Baru', '1686230235096', '1717850700000', '-', 0, 1, 0, 1),
	(104, '06dc2517-ec02-437b-a355-bb36097e62ed', '9a1ba8e6-ba8b-40f1-9257-6042387c3e22', 'selfchatbotaccess-app', 'Yth. PIC Kegiatan test - 9 juni Mengingatkan bahwa ada kegiatan tersebut Pada :\r\nTanggal: 15 - Desember - 2023\r\nPukul: 08:30\r\nDeskripsi: Ini penjelasan kegiatan', 'Pengingat Kegiatan', 'Yth. PIC Kegiatan test - 9 juni Mengingatkan bahwa ada kegiatan tersebut Pada :\r\nTanggal: 15 - Desember - 2023\r\nPukul: 08:30\r\nDeskripsi: Ini penjelasan kegiatan', '1686278387596', '1696122900000', '-', 1, 1, 1, 0),
	(105, '06dc2517-ec02-437b-a355-bb36097e62ed', '02762100-db79-4581-b056-068ccbab4c96', 'selfchatbotaccess-app', 'Yth. PIC Kegiatan test 9 juni 2023 - 2 Mengingatkan bahwa ada kegiatan tersebut Pada :\r\nTanggal: 15 - Maret - 2024\r\nPukul: 08:30\r\nDeskripsi: ini penjelasan kegiatan', 'Pengingat Kegiatan', 'Yth. PIC Kegiatan test 9 juni 2023 - 2 Mengingatkan bahwa ada kegiatan tersebut Pada :\r\nTanggal: 15 - Maret - 2024\r\nPukul: 08:30\r\nDeskripsi: ini penjelasan kegiatan', '1686278534474', '1704071700000', '-', 1, 1, 1, 0),
	(106, '06dc2517-ec02-437b-a355-bb36097e62ed', 'eb0f0cca-927e-412a-bfae-e9c187045b61', 'selfchatbotaccess-app', 'Yth. PIC Kegiatan Semhas coba Mengingatkan bahwa ada kegiatan tersebut Pada :\r\nTanggal: 15 - Juni - 2024\r\nPukul: 10:30\r\nDeskripsi: Ini penjelasan semhas', 'Pengingat Kegiatan', 'Yth. PIC Kegiatan Semhas coba Mengingatkan bahwa ada kegiatan tersebut Pada :\r\nTanggal: 15 - Juni - 2024\r\nPukul: 10:30\r\nDeskripsi: Ini penjelasan semhas', '1686843096330', '1711934100000', '1686843104671', 1, 1, 1, 0),
	(107, '06dc2517-ec02-437b-a355-bb36097e62ed', '2f5851a3-0103-4a79-ad87-ab5cb6d73711', 'selfchatbotaccess-app', 'Yth. PIC Kegiatan Semhas coba lagi Mengingatkan bahwa ada kegiatan tersebut Pada :\r\nTanggal: 14 - Desember - 2023\r\nPukul: 09:30\r\nDeskripsi: ini penjelasannya', 'Pengingat Kegiatan', 'Yth. PIC Kegiatan Semhas coba lagi Mengingatkan bahwa ada kegiatan tersebut Pada :\r\nTanggal: 14 - Desember - 2023\r\nPukul: 09:30\r\nDeskripsi: ini penjelasannya', '1686867944497', '1696122900000', '-', 1, 1, 1, 0),
	(108, '06dc2517-ec02-437b-a355-bb36097e62ed', 'faf13f15-a02a-402a-a473-ded902cdc427', 'selfchatbotaccess-app', 'Yth. PIC Kegiatan Semhas coba 2 Mengingatkan bahwa ada kegiatan tersebut Pada :\r\nTanggal: 22 - Maret - 2024\r\nPukul: 10:30\r\nDeskripsi: Ini penjelasan nya', 'Pengingat Kegiatan', 'Yth. PIC Kegiatan Semhas coba 2 Mengingatkan bahwa ada kegiatan tersebut Pada :\r\nTanggal: 22 - Maret - 2024\r\nPukul: 10:30\r\nDeskripsi: Ini penjelasan nya', '1686868121497', '1704071700000', '-', 1, 1, 1, 0),
	(109, '06dc2517-ec02-437b-a355-bb36097e62ed', '6b4518f4-0ff5-4c8a-8207-3cf96e2b4a37', 'selfchatbotaccess-app', 'Yth. PIC Kegiatan Semhas 1 Mengingatkan bahwa ada kegiatan tersebut Pada :\r\nTanggal: 19 - Januari - 2024\r\nPukul: 09:30\r\nDeskripsi: semhas 1 penjelasan', 'Pengingat Kegiatan', 'Yth. PIC Kegiatan Semhas 1 Mengingatkan bahwa ada kegiatan tersebut Pada :\r\nTanggal: 19 - Januari - 2024\r\nPukul: 09:30\r\nDeskripsi: semhas 1 penjelasan', '1686868481608', '1700356500000', '-', 1, 1, 1, 0),
	(110, '06dc2517-ec02-437b-a355-bb36097e62ed', '0351c958-8737-4138-99a6-3627d455b32d', 'selfchatbotaccess-app', 'Yth. PIC Kegiatan Test 17 Juni 2023 Mengingatkan bahwa ada kegiatan tersebut Pada :\nTanggal: 14 - Maret - 2024\nPukul: 10:30\nDeskripsi: Ini penjelasan kegiatan', 'Pengingat Kegiatan', 'Yth. PIC Kegiatan Test 17 Juni 2023 Mengingatkan bahwa ada kegiatan tersebut Pada :\nTanggal: 14 - Maret - 2024\nPukul: 10:30\nDeskripsi: Ini penjelasan kegiatan', '1686992100998', '1704071700000', '1686992106396', 1, 1, 1, 1),
	(111, '06dc2517-ec02-437b-a355-bb36097e62ed', 'be9c5d74-1a49-4ee5-b91a-6434eaa841f4', 'selfchatbotaccess-app', 'Yth. PIC Kegiatan Test 17 Juni 2023 baru Mengingatkan bahwa ada kegiatan tersebut Pada :\r\nTanggal: 17 - November - 2023\r\nPukul: 10:30\r\nDeskripsi: ini penjelasan', 'Pengingat Kegiatan', 'Yth. PIC Kegiatan Test 17 Juni 2023 baru Mengingatkan bahwa ada kegiatan tersebut Pada :\r\nTanggal: 17 - November - 2023\r\nPukul: 10:30\r\nDeskripsi: ini penjelasan', '1686992163861', '1696122900000', '-', 1, 1, 1, 0),
	(112, '06dc2517-ec02-437b-a355-bb36097e62ed', '6b4518f4-0ff5-4c8a-8207-3cf96e2b4a37', 'selfchatbotaccess-app', 'Ini notifikasi untuk rendra', 'default', 'default', '1687055217104', '1687055280000', '1687055281134', 0, 1, 0, 1),
	(113, '06dc2517-ec02-437b-a355-bb36097e62ed', '26f1f77a-f9d4-410a-8e68-ce20f3db9538', 'selfchatbotaccess-app', 'Yth. PIC Kegiatan Test lagi 18 jun Mengingatkan bahwa ada kegiatan tersebut Pada :\nTanggal: 14 - Juni - 2024\nPukul: 10:30\nDeskripsi: ini penjelasan', 'Pengingat Kegiatan', 'Yth. PIC Kegiatan Test lagi 18 jun Mengingatkan bahwa ada kegiatan tersebut Pada :\nTanggal: 14 - Juni - 2024\nPukul: 10:30\nDeskripsi: ini penjelasan', '1687074265185', '1711934100000', '1687074268349', 1, 1, 1, 1),
	(114, '06dc2517-ec02-437b-a355-bb36097e62ed', '3971b8a9-09e1-48cb-ae80-f9ce0e353e1b', 'selfchatbotaccess-app', 'Yth. PIC Kegiatan Test lagi 18 jun Mengingatkan bahwa ada kegiatan tersebut Pada :\nTanggal: 18 - Juni - 2023\nPukul: 08:30\nDeskripsi: penjelasan', 'Pengingat Kegiatan', 'Yth. PIC Kegiatan Test lagi 18 jun Mengingatkan bahwa ada kegiatan tersebut Pada :\nTanggal: 18 - Juni - 2023\nPukul: 08:30\nDeskripsi: penjelasan', '1687074318559', '1680311700000', '-', 1, 1, 1, 1),
	(115, '06dc2517-ec02-437b-a355-bb36097e62ed', '8ecdd467-a6f7-4f2e-a61b-a839c51fd5c4', 'selfchatbotaccess-app', 'Yth. PIC Kegiatan Tes kodingan baru ges Mengingatkan bahwa ada kegiatan tersebut Pada :\nTanggal: 8 - Maret - 2024\nPukul: 08:15\nDeskripsi: ini penjelasan', 'Pengingat Kegiatan', 'Yth. PIC Kegiatan Tes kodingan baru ges Mengingatkan bahwa ada kegiatan tersebut Pada :\nTanggal: 8 - Maret - 2024\nPukul: 08:15\nDeskripsi: ini penjelasan', '1687074800334', '1704071700000', '1687074803443', 1, 1, 1, 1),
	(116, '06dc2517-ec02-437b-a355-bb36097e62ed', '74d77203-9f7e-4bcb-b42f-4f4e48e8dfe5', 'selfchatbotaccess-app', 'Yth. PIC Kegiatan Tes kodingan baru ges baru Mengingatkan bahwa ada kegiatan tersebut Pada :\r\nTanggal: 7 - Desember - 2023\r\nPukul: 09:00\r\nDeskripsi: penjelasan', 'Pengingat Kegiatan', 'Yth. PIC Kegiatan Tes kodingan baru ges baru Mengingatkan bahwa ada kegiatan tersebut Pada :\r\nTanggal: 7 - Desember - 2023\r\nPukul: 09:00\r\nDeskripsi: penjelasan', '1687074849555', '1696122900000', '-', 1, 1, 1, 0),
	(117, '06dc2517-ec02-437b-a355-bb36097e62ed', 'd64f405b-979e-4bd3-b4e0-e442cf65ffbf', 'selfchatbotaccess-app', 'Yth. PIC Kegiatan Tes lagi coba bulan 9 Mengingatkan bahwa ada kegiatan tersebut Pada :\nTanggal: 18 - Juni - 2023\nPukul: 08:00\nDeskripsi: penjelasan', 'Pengingat Kegiatan', 'Yth. PIC Kegiatan Tes lagi coba bulan 9 Mengingatkan bahwa ada kegiatan tersebut Pada :\nTanggal: 18 - Juni - 2023\nPukul: 08:00\nDeskripsi: penjelasan', '1687075044375', '-6819120510871', '1687075049651', 1, 1, 1, 1),
	(118, '06dc2517-ec02-437b-a355-bb36097e62ed', 'fa703d5d-7dce-4fba-a0a5-0e3732e79590', 'selfchatbotaccess-app', 'Yth. PIC Kegiatan Tes lagi coba bulan 9 Mengingatkan bahwa ada kegiatan tersebut Pada :\r\nTanggal: 15 - September - 2023\r\nPukul: 08:00\r\nDeskripsi: ini penjelasan', 'Pengingat Kegiatan', 'Yth. PIC Kegiatan Tes lagi coba bulan 9 Mengingatkan bahwa ada kegiatan tersebut Pada :\r\nTanggal: 15 - September - 2023\r\nPukul: 08:00\r\nDeskripsi: ini penjelasan', '1687075105711', '1688174100000', '-', 1, 1, 1, 0),
	(119, '06dc2517-ec02-437b-a355-bb36097e62ed', 'cff9cb58-2eaf-47a0-8bba-de8a7295c8a2', 'selfchatbotaccess-app', 'Yth. PIC Kegiatan masih setia mengetes Mengingatkan bahwa ada kegiatan tersebut Pada :\nTanggal: 8 - Maret - 2024\nPukul: 09:30\nDeskripsi: penjelasan', 'Pengingat Kegiatan', 'Yth. PIC Kegiatan masih setia mengetes Mengingatkan bahwa ada kegiatan tersebut Pada :\nTanggal: 8 - Maret - 2024\nPukul: 09:30\nDeskripsi: penjelasan', '1687075727908', '1704071700000', '1687075732253', 1, 1, 1, 1),
	(120, '06dc2517-ec02-437b-a355-bb36097e62ed', '1999a55c-e5da-4475-b1f0-839324057013', 'selfchatbotaccess-app', 'Yth. PIC Kegiatan tes bro Mengingatkan bahwa ada kegiatan tersebut Pada :\r\nTanggal: 9 - November - 2023\r\nPukul: 08:30\r\nDeskripsi: penjelasan', 'Pengingat Kegiatan', 'Yth. PIC Kegiatan tes bro Mengingatkan bahwa ada kegiatan tersebut Pada :\r\nTanggal: 9 - November - 2023\r\nPukul: 08:30\r\nDeskripsi: penjelasan', '1687076318156', '1696122900000', '-', 1, 1, 1, 0),
	(121, '06dc2517-ec02-437b-a355-bb36097e62ed', '28c520f1-d258-49ea-9f68-bbde9f28ed19', 'selfchatbotaccess-app', 'Yth. PIC Kegiatan Test di semesta Mengingatkan bahwa ada kegiatan tersebut Pada :\r\nTanggal: 21 - Desember - 2023\r\nPukul: 09:30\r\nDeskripsi: ini penjelasan', 'Pengingat Kegiatan', 'Yth. PIC Kegiatan Test di semesta Mengingatkan bahwa ada kegiatan tersebut Pada :\r\nTanggal: 21 - Desember - 2023\r\nPukul: 09:30\r\nDeskripsi: ini penjelasan', '1687162572173', '1696122900000', '-', 1, 1, 1, 0),
	(122, '06dc2517-ec02-437b-a355-bb36097e62ed', '28c520f1-d258-49ea-9f68-bbde9f28ed19', 'selfchatbotaccess-app', 'Yth. PIC Kegiatan Test di semesta Mengingatkan bahwa ada kegiatan tersebut Pada :\r\nTanggal: 21 - Desember - 2023\r\nPukul: 09:30\r\nDeskripsi: ini penjelasan', 'Pengingat Kegiatan', 'Yth. PIC Kegiatan Test di semesta Mengingatkan bahwa ada kegiatan tersebut Pada :\r\nTanggal: 21 - Desember - 2023\r\nPukul: 09:30\r\nDeskripsi: ini penjelasan', '1687162572980', '1700529300000', '-', 1, 1, 1, 0),
	(123, '06dc2517-ec02-437b-a355-bb36097e62ed', '28c520f1-d258-49ea-9f68-bbde9f28ed19', 'selfchatbotaccess-app', 'Yth. PIC Kegiatan Test di semesta Mengingatkan bahwa ada kegiatan Prodi Pada :\r\nTanggal: Sunday, 01 October 2023\r\nPukul: 00:00\r\nDeskripsi: ini penjelasan', 'Pengingat Kegiatan', 'Yth. PIC Kegiatan Test di semesta Mengingatkan bahwa ada kegiatan Prodi Pada :\r\nTanggal: Sunday, 01 October 2023\r\nPukul: 00:00\r\nDeskripsi: ini penjelasan', '1687162573624', '1696093200000', '-', 1, 1, 1, 0),
	(124, '06dc2517-ec02-437b-a355-bb36097e62ed', '28c520f1-d258-49ea-9f68-bbde9f28ed19', 'selfchatbotaccess-app', 'Yth. PIC Kegiatan Test di semesta Mengingatkan bahwa ada kegiatan Prodi Pada :\r\nTanggal: Tuesday, 21 November 2023\r\nPukul: 09:30\r\nDeskripsi: ini penjelasan', 'Pengingat Kegiatan', 'Yth. PIC Kegiatan Test di semesta Mengingatkan bahwa ada kegiatan Prodi Pada :\r\nTanggal: Tuesday, 21 November 2023\r\nPukul: 09:30\r\nDeskripsi: ini penjelasan', '1687162574185', '1700533800000', '-', 1, 1, 1, 0),
	(125, '06dc2517-ec02-437b-a355-bb36097e62ed', '28c520f1-d258-49ea-9f68-bbde9f28ed19', 'selfchatbotaccess-app', 'Yth. PIC Kegiatan Test di semesta Mengingatkan bahwa ada kegiatan Prodi Pada :\nTanggal: Tuesday, 07 November 2023\nPukul: 09:30\nDeskripsi: ini penjelasan', 'Pengingat Kegiatan', 'Yth. PIC Kegiatan Test di semesta Mengingatkan bahwa ada kegiatan Prodi Pada :\nTanggal: Tuesday, 07 November 2023\nPukul: 09:30\nDeskripsi: ini penjelasan', '1687162574642', '1699324200000', '1687162577883', 1, 1, 1, 1),
	(126, '06dc2517-ec02-437b-a355-bb36097e62ed', 'b3c0ebde-9eb3-4b25-8e79-1b9f322cbde6', 'selfchatbotaccess-app', 'Yth. PIC Kegiatan Test 20 Juni Mengingatkan bahwa ada kegiatan tersebut Pada :\nTanggal: 14 - Maret - 2024\nPukul: 10:30\nDeskripsi: Ini penjelasan kegiatan', 'Pengingat Kegiatan', 'Yth. PIC Kegiatan Test 20 Juni Mengingatkan bahwa ada kegiatan tersebut Pada :\nTanggal: 14 - Maret - 2024\nPukul: 10:30\nDeskripsi: Ini penjelasan kegiatan', '1687249641493', '1704071700000', '1687249646640', 1, 1, 1, 1),
	(127, '06dc2517-ec02-437b-a355-bb36097e62ed', 'b3c0ebde-9eb3-4b25-8e79-1b9f322cbde6', 'selfchatbotaccess-app', 'Yth. PIC Kegiatan Test 20 Juni Mengingatkan bahwa ada kegiatan tersebut Pada :\r\nTanggal: 14 - Maret - 2024\r\nPukul: 10:30\r\nDeskripsi: Ini penjelasan kegiatan', 'Pengingat Kegiatan', 'Yth. PIC Kegiatan Test 20 Juni Mengingatkan bahwa ada kegiatan tersebut Pada :\r\nTanggal: 14 - Maret - 2024\r\nPukul: 10:30\r\nDeskripsi: Ini penjelasan kegiatan', '1687249642255', '1710465300000', '-', 1, 1, 1, 0),
	(128, '06dc2517-ec02-437b-a355-bb36097e62ed', 'b3c0ebde-9eb3-4b25-8e79-1b9f322cbde6', 'selfchatbotaccess-app', 'Yth. PIC Kegiatan Test 20 Juni Mengingatkan bahwa ada kegiatan Prodi Pada :\nTanggal: Monday, 01 January 2024\nPukul: 00:00\nDeskripsi: Ini penjelasan kegiatan', 'Pengingat Kegiatan', 'Yth. PIC Kegiatan Test 20 Juni Mengingatkan bahwa ada kegiatan Prodi Pada :\nTanggal: Monday, 01 January 2024\nPukul: 00:00\nDeskripsi: Ini penjelasan kegiatan', '1687249645979', '1704042000000', '1687249650433', 1, 1, 1, 1),
	(129, '06dc2517-ec02-437b-a355-bb36097e62ed', 'b3c0ebde-9eb3-4b25-8e79-1b9f322cbde6', 'selfchatbotaccess-app', 'Yth. PIC Kegiatan Test 20 Juni Mengingatkan bahwa ada kegiatan Prodi Pada :\nTanggal: Tuesday, 13 February 2024\nPukul: 10:30\nDeskripsi: Ini penjelasan kegiatan', 'Pengingat Kegiatan', 'Yth. PIC Kegiatan Test 20 Juni Mengingatkan bahwa ada kegiatan Prodi Pada :\nTanggal: Tuesday, 13 February 2024\nPukul: 10:30\nDeskripsi: Ini penjelasan kegiatan', '1687249646521', '1707795000000', '1687249653751', 1, 1, 1, 1),
	(130, '06dc2517-ec02-437b-a355-bb36097e62ed', 'b3c0ebde-9eb3-4b25-8e79-1b9f322cbde6', 'selfchatbotaccess-app', 'Yth. PIC Kegiatan Test 20 Juni Mengingatkan bahwa ada kegiatan Prodi Pada :\nTanggal: Tuesday, 30 January 2024\nPukul: 10:30\nDeskripsi: Ini penjelasan kegiatan', 'Pengingat Kegiatan', 'Yth. PIC Kegiatan Test 20 Juni Mengingatkan bahwa ada kegiatan Prodi Pada :\nTanggal: Tuesday, 30 January 2024\nPukul: 10:30\nDeskripsi: Ini penjelasan kegiatan', '1687249648030', '1706585400000', '1687249660322', 1, 1, 1, 1),
	(131, '06dc2517-ec02-437b-a355-bb36097e62ed', 'a84e390f-0c82-4043-8353-0fc8416dd6bf', 'selfchatbotaccess-app', 'Yth. PIC Kegiatan Tes lagi slur Mengingatkan bahwa ada kegiatan tersebut Pada :\nTanggal: 7 - Maret - 2024\nPukul: 09:30\nDeskripsi: ini kegiatan', 'Pengingat Kegiatan', 'Yth. PIC Kegiatan Tes lagi slur Mengingatkan bahwa ada kegiatan tersebut Pada :\nTanggal: 7 - Maret - 2024\nPukul: 09:30\nDeskripsi: ini kegiatan', '1687250008861', '1704071700000', '1687250018697', 1, 1, 1, 1),
	(132, '06dc2517-ec02-437b-a355-bb36097e62ed', 'a84e390f-0c82-4043-8353-0fc8416dd6bf', 'selfchatbotaccess-app', 'Yth. PIC Kegiatan Tes lagi slur Mengingatkan bahwa ada kegiatan tersebut Pada :\r\nTanggal: 7 - Maret - 2024\r\nPukul: 09:30\r\nDeskripsi: ini kegiatan', 'Pengingat Kegiatan', 'Yth. PIC Kegiatan Tes lagi slur Mengingatkan bahwa ada kegiatan tersebut Pada :\r\nTanggal: 7 - Maret - 2024\r\nPukul: 09:30\r\nDeskripsi: ini kegiatan', '1687250014951', '1709860500000', '-', 1, 1, 1, 0),
	(133, '06dc2517-ec02-437b-a355-bb36097e62ed', '99dfe655-35ba-4677-9705-419ed05ee259', 'selfchatbotaccess-app', 'Yth. PIC Kegiatan Kegiatan Mengingatkan bahwa ada kegiatan tersebut Pada :\nTanggal: 20 - Juni - 2023\nPukul: 08:30\nDeskripsi: penjelasan kegiatan', 'Pengingat Kegiatan', 'Yth. PIC Kegiatan Kegiatan Mengingatkan bahwa ada kegiatan tersebut Pada :\nTanggal: 20 - Juni - 2023\nPukul: 08:30\nDeskripsi: penjelasan kegiatan', '1687250832388', '-6819120510871', '1687250838808', 1, 1, 1, 1),
	(134, '06dc2517-ec02-437b-a355-bb36097e62ed', '99dfe655-35ba-4677-9705-419ed05ee259', 'selfchatbotaccess-app', 'Yth. PIC Kegiatan Kegiatan Mengingatkan bahwa ada kegiatan tersebut Pada :\r\nTanggal: 20 - Juni - 2023\r\nPukul: 08:30\r\nDeskripsi: penjelasan kegiatan', 'Pengingat Kegiatan', 'Yth. PIC Kegiatan Kegiatan Mengingatkan bahwa ada kegiatan tersebut Pada :\r\nTanggal: 20 - Juni - 2023\r\nPukul: 08:30\r\nDeskripsi: penjelasan kegiatan', '1687250833249', '1687310100000', '-', 1, 1, 1, 0),
	(135, '06dc2517-ec02-437b-a355-bb36097e62ed', 'd9ae7ec8-b2be-4fea-bb18-359980eb288f', 'selfchatbotaccess-app', 'Yth. PIC Kegiatan Test Baruuuu Mengingatkan bahwa ada kegiatan tersebut Pada :\nTanggal: 08 - Maret - 2024\nPukul: 09:30\nDeskripsi: penjelasan', 'Pengingat Kegiatan', 'Yth. PIC Kegiatan Test Baruuuu Mengingatkan bahwa ada kegiatan tersebut Pada :\nTanggal: 08 - Maret - 2024\nPukul: 09:30\nDeskripsi: penjelasan', '1687268942861', '-6826982910871', '1687268948376', 1, 1, 1, 1),
	(136, '06dc2517-ec02-437b-a355-bb36097e62ed', 'd9ae7ec8-b2be-4fea-bb18-359980eb288f', 'selfchatbotaccess-app', 'Yth. PIC Kegiatan Test Baruuuu Mengingatkan bahwa ada kegiatan tersebut Pada :\r\nTanggal: 8 - Maret - 2024\r\nPukul: 09:30\r\nDeskripsi: penjelasan', 'Pengingat Kegiatan', 'Yth. PIC Kegiatan Test Baruuuu Mengingatkan bahwa ada kegiatan tersebut Pada :\r\nTanggal: 8 - Maret - 2024\r\nPukul: 09:30\r\nDeskripsi: penjelasan', '1687268945941', '1709946900000', '-', 1, 1, 1, 0),
	(137, '06dc2517-ec02-437b-a355-bb36097e62ed', '1bc8233e-1b6a-486c-96af-01422a219186', 'selfchatbotaccess-app', 'Yth. PIC Kegiatan Test Baruu Mengingatkan bahwa ada kegiatan tersebut Pada :\nTanggal: 08 - Maret - 2024\nPukul: 09:15\nDeskripsi: penjelasan', 'Pengingat Kegiatan', 'Yth. PIC Kegiatan Test Baruu Mengingatkan bahwa ada kegiatan tersebut Pada :\nTanggal: 08 - Maret - 2024\nPukul: 09:15\nDeskripsi: penjelasan', '1687269166324', '-6826982910871', '1687269170297', 1, 1, 1, 1),
	(138, '06dc2517-ec02-437b-a355-bb36097e62ed', 'ab188966-3a4b-43e8-b6ed-469d0b718d17', 'selfchatbotaccess-app', 'Yth. PIC Kegiatan Test Baruu Mengingatkan bahwa ada kegiatan tersebut Pada :\nTanggal: 16 Maret 2024\nPukul: 09:30\nDeskripsi: Penjelasan', 'Pengingat Kegiatan', 'Yth. PIC Kegiatan Test Baruu Mengingatkan bahwa ada kegiatan tersebut Pada :\nTanggal: 16 Maret 2024\nPukul: 09:30\nDeskripsi: Penjelasan', '1687269582612', '1704071700000', '1687269585394', 1, 1, 1, 1),
	(139, '06dc2517-ec02-437b-a355-bb36097e62ed', '2dcdc7aa-af8b-47e9-b715-4c911b8ebe05', 'selfchatbotaccess-app', 'Yth. PIC Kegiatan Test baruu Mengingatkan bahwa ada kegiatan tersebut Pada :\nTanggal: 14 Maret 2024\nPukul: 16.30 WIB\nDeskripsi: penjelasan kegiatan', 'Pengingat Kegiatan', 'Yth. PIC Kegiatan Test baruu Mengingatkan bahwa ada kegiatan tersebut Pada :\nTanggal: 14 Maret 2024\nPukul: 16.30 WIB\nDeskripsi: penjelasan kegiatan', '1687271101798', '-6826982910871', '1687271106657', 1, 1, 1, 1),
	(140, '06dc2517-ec02-437b-a355-bb36097e62ed', '9252fd82-3f6e-4b40-80c5-a690df5e785a', 'selfchatbotaccess-app', 'Yth. PIC Kegiatan Test Baruu Mengingatkan bahwa ada kegiatan tersebut Pada :\nTanggal: 29 Desember 2023\nPukul: 16.30 WIB\nDeskripsi: Penjelasan', 'Pengingat Kegiatan', 'Yth. PIC Kegiatan Test Baruu Mengingatkan bahwa ada kegiatan tersebut Pada :\nTanggal: 29 Desember 2023\nPukul: 16.30 WIB\nDeskripsi: Penjelasan', '1687271272161', '-6803309310871', '1687271277486', 1, 1, 1, 1),
	(141, '06dc2517-ec02-437b-a355-bb36097e62ed', '93d4018b-d23b-460c-b2ae-ffc54cdc03fd', 'selfchatbotaccess-app', 'Yth. PIC Kegiatan Test Baruu Mengingatkan bahwa ada kegiatan tersebut Pada :\nTanggal: 08 Maret 2024\nPukul: 16.30 WIB\nDeskripsi: penjelasan', 'Pengingat Kegiatan', 'Yth. PIC Kegiatan Test Baruu Mengingatkan bahwa ada kegiatan tersebut Pada :\nTanggal: 08 Maret 2024\nPukul: 16.30 WIB\nDeskripsi: penjelasan', '1687272223741', '1704071700000', '1687272227415', 1, 1, 1, 1),
	(142, '06dc2517-ec02-437b-a355-bb36097e62ed', '007f6df6-a617-4d9c-ab83-6d05c3245162', 'tracerstudyd3tipsdku001-2', 'Testing Baru', 'TEST', 'Testing Baru', '1687272445566', '1717850700000', '-', 1, 1, 1, 1),
	(143, '06dc2517-ec02-437b-a355-bb36097e62ed', 'cd5afcf7-ad90-4553-ac27-8d100af61cd3', 'selfchatbotaccess-app', 'Yth. PIC Kegiatan Test Baruu Mengingatkan bahwa ada kegiatan tersebut Pada :\nTanggal: 21 Maret 2024\nPukul: 16.30 WIB\nDeskripsi: penjelasan', 'Pengingat Kegiatan', 'Yth. PIC Kegiatan Test Baruu Mengingatkan bahwa ada kegiatan tersebut Pada :\nTanggal: 21 Maret 2024\nPukul: 16.30 WIB\nDeskripsi: penjelasan', '1687272888092', '1704071700000', '1687272891048', 1, 1, 1, 1),
	(144, '06dc2517-ec02-437b-a355-bb36097e62ed', '108902ef-ca05-429d-95d2-95d8d478a4d0', 'selfchatbotaccess-app', 'Yth. PIC Kegiatan Tes malam Mengingatkan bahwa ada kegiatan tersebut Pada :\nTanggal: 07 Maret 2024\nPukul: 15.30 WIB\nDeskripsi: penjelasan bro', 'Pengingat Kegiatan', 'Yth. PIC Kegiatan Tes malam Mengingatkan bahwa ada kegiatan tersebut Pada :\nTanggal: 07 Maret 2024\nPukul: 15.30 WIB\nDeskripsi: penjelasan bro', '1687273212218', '1704071700000', '1687273218544', 1, 1, 1, 1),
	(145, '06dc2517-ec02-437b-a355-bb36097e62ed', '4a63eefe-62c1-4539-85ad-c5db45e3e681', 'selfchatbotaccess-app', 'Yth. PIC Kegiatan Test Baruu Mengingatkan bahwa ada kegiatan tersebut Pada :\nTanggal: 07 Maret 2024\nPukul: 16.30 WIB\nDeskripsi: penjelasan slur malam', 'Pengingat Kegiatan', 'Yth. PIC Kegiatan Test Baruu Mengingatkan bahwa ada kegiatan tersebut Pada :\nTanggal: 07 Maret 2024\nPukul: 16.30 WIB\nDeskripsi: penjelasan slur malam', '1687273427955', '-6826982910871', '1687273432980', 1, 1, 1, 1),
	(146, '06dc2517-ec02-437b-a355-bb36097e62ed', 'a0735f77-a50f-4d0f-83a1-310ea3756b50', 'selfchatbotaccess-app', 'Yth. PIC Kegiatan Test Baruu Mengingatkan bahwa ada kegiatan tersebut Pada :\nTanggal: 07 Maret 2024\nPukul: 16.30 WIB\nDeskripsi: penjelasan slur malam', 'Pengingat Kegiatan', 'Yth. PIC Kegiatan Test Baruu Mengingatkan bahwa ada kegiatan tersebut Pada :\nTanggal: 07 Maret 2024\nPukul: 16.30 WIB\nDeskripsi: penjelasan slur malam', '1687273432801', '-6826982910871', '1687273436375', 1, 1, 1, 1),
	(147, '06dc2517-ec02-437b-a355-bb36097e62ed', '8b88e0b1-9056-4cb8-a5f5-cec3f0de43be', 'selfchatbotaccess-app', 'Yth. PIC Kegiatan Test malam Mengingatkan bahwa ada kegiatan tersebut Pada :\nTanggal: 20 Juni 2023\nPukul: 16.30 WIB\nDeskripsi: penjelasan', 'Pengingat Kegiatan', 'Yth. PIC Kegiatan Test malam Mengingatkan bahwa ada kegiatan tersebut Pada :\nTanggal: 20 Juni 2023\nPukul: 16.30 WIB\nDeskripsi: penjelasan', '1687273720715', '-6819120510871', '1687273723662', 1, 1, 1, 1),
	(148, '06dc2517-ec02-437b-a355-bb36097e62ed', 'd9207b48-a5a7-43c2-9b0c-229998b4169f', 'selfchatbotaccess-app', 'Yth. PIC Kegiatan Test Baruu Mengingatkan bahwa ada kegiatan tersebut Pada :\nTanggal: 08 Maret 2024\nPukul: 16.30 WIB\nDeskripsi: penjelasan', 'Pengingat Kegiatan', 'Yth. PIC Kegiatan Test Baruu Mengingatkan bahwa ada kegiatan tersebut Pada :\nTanggal: 08 Maret 2024\nPukul: 16.30 WIB\nDeskripsi: penjelasan', '1687362660779', '-6826982910871', '1687362664768', 1, 1, 1, 1),
	(149, '06dc2517-ec02-437b-a355-bb36097e62ed', '5e7c0023-8eec-4913-86c7-2f2bbb6dac8c', 'selfchatbotaccess-app', 'Yth. PIC Kegiatan Test Baruu Mengingatkan bahwa ada kegiatan tersebut Pada :\nTanggal: 15 Maret 2024\nPukul: 16.15 WIB\nDeskripsi: Penjelasan', 'Pengingat Kegiatan', 'Yth. PIC Kegiatan Test Baruu Mengingatkan bahwa ada kegiatan tersebut Pada :\nTanggal: 15 Maret 2024\nPukul: 16.15 WIB\nDeskripsi: Penjelasan', '1687363544676', '-6826982910871', '1687363549096', 1, 1, 1, 1),
	(150, '06dc2517-ec02-437b-a355-bb36097e62ed', 'f12600fa-595f-44ab-80fc-aec5311b9d26', 'selfchatbotaccess-app', 'Yth. PIC Kegiatan Test Baruu Mengingatkan bahwa ada kegiatan tersebut Pada :\nTanggal: 16 Maret 2024\nPukul: 09.30 WIB\nDeskripsi: Penjelasan ges', 'Pengingat Kegiatan', 'Yth. PIC Kegiatan Test Baruu Mengingatkan bahwa ada kegiatan tersebut Pada :\nTanggal: 16 Maret 2024\nPukul: 09.30 WIB\nDeskripsi: Penjelasan ges', '1687364167687', '-6826982910871', '1687364176205', 1, 1, 1, 1),
	(151, '06dc2517-ec02-437b-a355-bb36097e62ed', 'ccb4cc9f-d57c-4174-b603-b9451c466523', 'selfchatbotaccess-app', 'Yth. PIC Kegiatan Test Baruu Mengingatkan bahwa ada kegiatan tersebut Pada :\nTanggal: 07 Maret 2024\nPukul: 09.30 WIB\nDeskripsi: penjelasan kegiatan', 'Pengingat Kegiatan', 'Yth. PIC Kegiatan Test Baruu Mengingatkan bahwa ada kegiatan tersebut Pada :\nTanggal: 07 Maret 2024\nPukul: 09.30 WIB\nDeskripsi: penjelasan kegiatan', '1687364422645', '-6826982910871', '1687364425580', 1, 1, 1, 1),
	(152, '06dc2517-ec02-437b-a355-bb36097e62ed', 'f497f0df-cd47-48b0-ab8e-f4a271d1d099', 'selfchatbotaccess-app', 'Yth. PIC Kegiatan Test Baruu Mengingatkan bahwa ada kegiatan tersebut Pada :\nTanggal: 08 Maret 2024\nPukul: 09.40 WIB\nDeskripsi: penjelasan kegiatan', 'Pengingat Kegiatan', 'Yth. PIC Kegiatan Test Baruu Mengingatkan bahwa ada kegiatan tersebut Pada :\nTanggal: 08 Maret 2024\nPukul: 09.40 WIB\nDeskripsi: penjelasan kegiatan', '1687364581781', '1704071700000', '1687364584860', 1, 1, 1, 1),
	(153, '06dc2517-ec02-437b-a355-bb36097e62ed', 'e4626545-6288-491a-a9e3-5a7820b41276', 'selfchatbotaccess-app', 'Yth. PIC Kegiatan Test Baruu Mengingatkan bahwa ada kegiatan tersebut Pada :', 'Pengingat Kegiatan', 'Yth. PIC Kegiatan Test Baruu Mengingatkan bahwa ada kegiatan tersebut Pada :', '1687364703492', '1704071700000', '1687364707315', 1, 1, 1, 1),
	(154, '06dc2517-ec02-437b-a355-bb36097e62ed', 'e4626545-6288-491a-a9e3-5a7820b41276', 'selfchatbotaccess-app', 'Test pesan', 'Subject', 'pesan email', '1687364781973', '1704940200000', '-', 1, 1, 1, 0),
	(155, '06dc2517-ec02-437b-a355-bb36097e62ed', '852bd161-bca3-4557-9968-16528278afc8', 'selfchatbotaccess-app', 'Yth. PIC Kegiatan ', 'Pengingat Kegiatan', 'Yth. PIC Kegiatan ', '1687365329104', '1704071700000', '1687365334185', 1, 1, 1, 1),
	(156, '06dc2517-ec02-437b-a355-bb36097e62ed', '852bd161-bca3-4557-9968-16528278afc8', 'selfchatbotaccess-app', 'Halo rendra\r\nini test yaa', 'subject', 'subject', '1687365560354', '1687365600000', '1687365602484', 1, 1, 1, 1),
	(157, '06dc2517-ec02-437b-a355-bb36097e62ed', '852bd161-bca3-4557-9968-16528278afc8', 'selfchatbotaccess-app', 'Halo rendra tes', 'subject', 'Ini pesan tes', '1687365749305', '1687365780000', '1687365781600', 0, 1, 1, 1),
	(158, '06dc2517-ec02-437b-a355-bb36097e62ed', '2451eef2-d866-4b85-a056-5461a4227917', 'selfchatbotaccess-app', 'Yth. PIC Kegiatan ', 'Pengingat Kegiatan', 'Yth. PIC Kegiatan ', '1687365866786', '1704071700000', '1687365871022', 0, 1, 1, 1),
	(159, '06dc2517-ec02-437b-a355-bb36097e62ed', 'a52b03ae-5c40-4b55-a299-82b51e930114', 'selfchatbotaccess-app', 'Yth. PIC Kegiatan ', 'Pengingat Kegiatan', 'Yth. PIC Kegiatan ', '1687366566916', '1704071700000', '1687366569946', 0, 1, 1, 1),
	(160, '06dc2517-ec02-437b-a355-bb36097e62ed', '80b160fb-46ae-4513-8441-f74c43a6d305', 'selfchatbotaccess-app', 'Yth. PIC Kegiatan ', 'Pengingat Kegiatan', 'Yth. PIC Kegiatan ', '1687366787939', '1704244500000', '1687366790393', 0, 1, 1, 1),
	(161, '06dc2517-ec02-437b-a355-bb36097e62ed', '4f1a680c-c5c7-4a3d-8b39-169fc0d85f1a', 'selfchatbotaccess-app', 'Yth. PIC Kegiatan ', 'Pengingat Kegiatan', 'Yth. PIC Kegiatan ', '1687367603752', '-6829747710871', '1687367606103', 0, 1, 1, 1),
	(162, '06dc2517-ec02-437b-a355-bb36097e62ed', 'd081d382-a63d-49d9-afb9-8f5b63875b92', 'selfchatbotaccess-app', 'Yth. PIC Kegiatan ', 'Pengingat Kegiatan', 'Yth. PIC Kegiatan ', '1687367728848', '-6829747710871', '1687367733233', 0, 1, 1, 1),
	(163, '06dc2517-ec02-437b-a355-bb36097e62ed', 'af318106-12b2-433b-9d80-69a2384a748d', 'selfchatbotaccess-app', 'Yth. PIC Kegiatan ', 'Pengingat Kegiatan', 'Yth. PIC Kegiatan ', '1687367954572', '1704244500000', '1687367956485', 0, 1, 1, 1),
	(164, '06dc2517-ec02-437b-a355-bb36097e62ed', 'af318106-12b2-433b-9d80-69a2384a748d', 'selfchatbotaccess-app', 'Ini pesan test ges', 'subject', 'ini pesan email', '1687368024067', '1704244500000', '1687368027086', 0, 1, 1, 1),
	(165, '06dc2517-ec02-437b-a355-bb36097e62ed', '0da63d1f-5037-487d-835f-79db5aee3905', 'selfchatbotaccess-app', 'Yth. PIC Kegiatan ', 'Pengingat Kegiatan', 'Yth. PIC Kegiatan ', '1687368138046', '1704245400000', '1687368140634', 0, 1, 1, 1),
	(166, '06dc2517-ec02-437b-a355-bb36097e62ed', '0da63d1f-5037-487d-835f-79db5aee3905', 'selfchatbotaccess-app', 'Testt', 'default', 'default', '1687368205548', '1704936600000', '-', 0, 1, 0, 0),
	(167, '06dc2517-ec02-437b-a355-bb36097e62ed', '8c90be00-c3b4-4239-b8e8-742afbd7f6df', 'selfchatbotaccess-app', 'Yth. PIC Kegiatan ', 'Pengingat Kegiatan', 'Yth. PIC Kegiatan ', '1687368321825', '1704245400000', '1687368325442', 0, 1, 0, 1),
	(168, '06dc2517-ec02-437b-a355-bb36097e62ed', '16b8544f-e1b6-4cef-bab8-2c462d74fddb', 'selfchatbotaccess-app', 'Yth. PIC Kegiatan ', 'Pengingat Kegiatan', 'Yth. PIC Kegiatan ', '1687391630525', '1704245400000', '1687391632427', 0, 1, 0, 1),
	(169, '06dc2517-ec02-437b-a355-bb36097e62ed', '06af1a0a-87e7-40e6-9366-03672f1ea7bd', 'selfchatbotaccess-app', 'Yth. PIC Kegiatan ', 'Pengingat Kegiatan', 'Yth. PIC Kegiatan ', '1687421300683', '1704245400000', '1687421304615', 0, 1, 0, 1),
	(170, '06dc2517-ec02-437b-a355-bb36097e62ed', '06af1a0a-87e7-40e6-9366-03672f1ea7bd', 'tracerstudyd3tipsdku001-2', 'Testing Baru', 'TEST', 'Testing Baru', '1687421398837', '1704245400000', '1687421404635', 1, 1, 1, 1),
	(171, '06dc2517-ec02-437b-a355-bb36097e62ed', 'b389036b-8f4c-4485-bf18-88a0d28ba8b0', 'selfchatbotaccess-app', 'Yth. PIC Kegiatan ', 'Pengingat Kegiatan', 'Yth. PIC Kegiatan ', '1687421911866', '1696296600000', '-', 0, 1, 0, 0),
	(172, '06dc2517-ec02-437b-a355-bb36097e62ed', '1424ca9b-1488-430f-b717-6a912661569a', 'selfchatbotaccess-app', 'Yth. PIC Kegiatan ', 'Pengingat Kegiatan', 'Yth. PIC Kegiatan ', '1687422569254', '1704245400000', '-', 0, 1, 0, 0),
	(173, '06dc2517-ec02-437b-a355-bb36097e62ed', '609eea53-f404-4753-b13d-42a6a000e300', 'selfchatbotaccess-app', 'Yth. PIC Kegiatan ', 'Pengingat Kegiatan', 'Yth. PIC Kegiatan ', '1687423036821', '1704245400000', '1687423039096', 0, 1, 0, 1),
	(174, '06dc2517-ec02-437b-a355-bb36097e62ed', 'ac4de3dc-bb37-4fb9-909a-6c16f626e6af', 'selfchatbotaccess-app', 'Yth. PIC Kegiatan ', 'Pengingat Kegiatan', 'Yth. PIC Kegiatan ', '1687424141953', '1704245400000', '1687424143899', 0, 1, 0, 1),
	(175, '06dc2517-ec02-437b-a355-bb36097e62ed', 'ac4de3dc-bb37-4fb9-909a-6c16f626e6af', 'selfchatbotaccess-app', 'ini untuk nanti', 'default', 'default', '1687424596379', '1687424700000', '1687424701194', 0, 1, 0, 1),
	(176, '06dc2517-ec02-437b-a355-bb36097e62ed', 'be990a56-ad06-4bd0-ad1f-0f816aed0d93', 'selfchatbotaccess-app', 'Yth. PIC Kegiatan ', 'Pengingat Kegiatan', 'Yth. PIC Kegiatan ', '1687596920384', '1704245400000', '-', 0, 1, 0, 0),
	(177, '06dc2517-ec02-437b-a355-bb36097e62ed', 'be990a56-ad06-4bd0-ad1f-0f816aed0d93', 'selfchatbotaccess-app', 'Ini pengingat ndra sudah dirubah', 'default', 'default', '1687597018812', '1687597140000', '1687597166976', 0, 1, 0, 1),
	(178, '06dc2517-ec02-437b-a355-bb36097e62ed', '1ca7fe94-bf25-4503-95f5-fcb67c1c58e3', 'selfchatbotaccess-app', 'Yth. PIC Kegiatan ', 'Pengingat Kegiatan', 'Yth. PIC Kegiatan ', '1687781392797', '1688347800000', '-', 0, 1, 0, 0),
	(179, '06dc2517-ec02-437b-a355-bb36097e62ed', 'f5d17b01-9edf-44bf-a010-719be4d6d0a8', 'selfchatbotaccess-app', 'Yth. PIC Kegiatan Test Baruu 26 juni Mengingatkan bahwa ada kegiatan tersebut Pada :', 'Pengingat Kegiatan', 'Yth. PIC Kegiatan Test Baruu 26 juni Mengingatkan bahwa ada kegiatan tersebut Pada :', '1687782189745', '1688347800000', '-', 0, 1, 0, 0),
	(180, '06dc2517-ec02-437b-a355-bb36097e62ed', '3c2b594e-fdb3-4bc7-8167-be2c520c5896', 'selfchatbotaccess-app', 'Yth. PIC Kegiatan ini tes 26 juni rufa Mengingatkan bahwa ada kegiatan tersebut Pada :\nTanggal: 7 September 2023\nPukul: 08:30\nDeskripsi: Ini penjelasan untuk pengingat', 'Pengingat Kegiatan', 'Yth. PIC Kegiatan ini tes 26 juni rufa Mengingatkan bahwa ada kegiatan tersebut Pada :\nTanggal: 7 September 2023\nPukul: 08:30\nDeskripsi: Ini penjelasan untuk pengingat', '1687782326308', '1688347800000', '-', 0, 1, 0, 0),
	(181, '06dc2517-ec02-437b-a355-bb36097e62ed', '3c2b594e-fdb3-4bc7-8167-be2c520c5896', 'selfchatbotaccess-app', 'Yth. PIC Kegiatan ini tes 26 juni rufa Mengingatkan bahwa ada kegiatan tersebut Pada :\r\nTanggal: 7 September 2023\r\nPukul: 08:30\r\nDeskripsi: Ini penjelasan untuk pengingat', 'default', 'default', '1687782412934', '1687782600000', '1687782638164', 0, 1, 0, 1),
	(182, '06dc2517-ec02-437b-a355-bb36097e62ed', 'ba14a4b0-999e-4132-916c-f200e5d1183b', 'selfchatbotaccess-app', 'Yth. PIC Kegiatan Test 27 juni Mengingatkan bahwa ada kegiatan tersebut Pada :\r\nTanggal: 15 September 2023\r\nPukul: 08:30\r\nDeskripsi: Ini penjelasan kegiatann slur', 'Pengingat Kegiatan', 'Yth. PIC Kegiatan Test 27 juni Mengingatkan bahwa ada kegiatan tersebut Pada :\r\nTanggal: 15 September 2023\r\nPukul: 08:30\r\nDeskripsi: Ini penjelasan kegiatann slur', '1687845426461', '1688347800000', '-', 0, 1, 0, 0),
	(183, '06dc2517-ec02-437b-a355-bb36097e62ed', 'bb2cdebf-c17d-45c7-be15-f972e007a48d', 'selfchatbotaccess-app', 'Yth. PIC Kegiatan Mencoba di Starbuck Mengingatkan bahwa ada kegiatan tersebut Pada :\nTanggal: 6 Juni 2024\nPukul: 08:20\nDeskripsi: Ini penjelasan', 'Pengingat Kegiatan', 'Yth. PIC Kegiatan Mencoba di Starbuck Mengingatkan bahwa ada kegiatan tersebut Pada :\nTanggal: 6 Juni 2024\nPukul: 08:20\nDeskripsi: Ini penjelasan', '1688118179074', '1712107800000', '-', 0, 1, 0, 0),
	(184, '06dc2517-ec02-437b-a355-bb36097e62ed', 'bb2cdebf-c17d-45c7-be15-f972e007a48d', 'selfchatbotaccess-app', 'Yth. PIC Kegiatan Mencoba di Starbuck Mengingatkan bahwa ada kegiatan tersebut Pada :\r\nTanggal: 6 Juni 2024\r\nPukul: 08:20\r\nDeskripsi: Ini penjelasan', 'default', 'default', '1688118237638', '1688118300000', '1688118301039', 0, 1, 0, 1),
	(185, '06dc2517-ec02-437b-a355-bb36097e62ed', '6520e5c0-5444-4286-832d-abfd7152a6eb', 'selfchatbotaccess-app', 'Yth. PIC Kegiatan Tes 1 juli Mengingatkan bahwa ada kegiatan tersebut Pada :\nTanggal: 7 Desember 2023\nPukul: 08:30\nDeskripsi: ini penjelasan', 'Pengingat Kegiatan', 'Yth. PIC Kegiatan Tes 1 juli Mengingatkan bahwa ada kegiatan tersebut Pada :\nTanggal: 7 Desember 2023\nPukul: 08:30\nDeskripsi: ini penjelasan', '1688220328615', '1696296600000', '-', 0, 1, 0, 0),
	(186, '06dc2517-ec02-437b-a355-bb36097e62ed', 'ac4de3dc-bb37-4fb9-909a-6c16f626e6af', 'selfchatbotaccess-app', 'tes', 'default', 'default', '1688221139661', '1688224920000', '-', 0, 1, 0, 0),
	(187, '06dc2517-ec02-437b-a355-bb36097e62ed', 'ac4de3dc-bb37-4fb9-909a-6c16f626e6af', 'selfchatbotaccess-app', 'tes 2', 'default', 'default', '1688221157146', '1688228580000', '-', 0, 1, 0, 0),
	(188, '06dc2517-ec02-437b-a355-bb36097e62ed', 'f0aa3ceb-6e9e-4692-bc99-ec75a892a757', 'selfchatbotaccess-app', 'Yth. PIC Kegiatan Sidang Tugas Akhir Mengingatkan bahwa ada kegiatan tersebut Pada :\nTanggal: 15 Desember 2023\nPukul: 09:30\nDeskripsi: Ini adalah sidang tugas akhir', 'Pengingat Kegiatan', 'Yth. PIC Kegiatan Sidang Tugas Akhir Mengingatkan bahwa ada kegiatan tersebut Pada :\nTanggal: 15 Desember 2023\nPukul: 09:30\nDeskripsi: Ini adalah sidang tugas akhir', '1688404072941', '1696296600000', '-', 0, 1, 0, 0),
	(189, '06dc2517-ec02-437b-a355-bb36097e62ed', '82bf7a1d-d40f-44d7-bdeb-5e5d9415e7a8', 'selfchatbotaccess-app', 'Yth. PIC Kegiatan Sidang Tugas Akhir Mengingatkan bahwa ada kegiatan tersebut Pada :\r\nTanggal: 9 Desember 2023\r\nPukul: 08:30\r\nDeskripsi: Ini penjelasan kegiatan', 'Pengingat Kegiatan', 'Yth. PIC Kegiatan Sidang Tugas Akhir Mengingatkan bahwa ada kegiatan tersebut Pada :\r\nTanggal: 9 Desember 2023\r\nPukul: 08:30\r\nDeskripsi: Ini penjelasan kegiatan', '1688404326497', '1696123800000', '-', 0, 1, 0, 0),
	(190, '06dc2517-ec02-437b-a355-bb36097e62ed', '82bf7a1d-d40f-44d7-bdeb-5e5d9415e7a8', 'selfchatbotaccess-app', 'Ini harusnya ditermina 00.15', 'default', 'default', '1688404415230', '1688404500000', '1688404501128', 0, 1, 0, 1),
	(191, '06dc2517-ec02-437b-a355-bb36097e62ed', '82bf7a1d-d40f-44d7-bdeb-5e5d9415e7a8', 'selfchatbotaccess-app', 'Ini harusnya tidak diterima', 'default', 'default', '1688404487878', '1688404560000', '-', 0, 1, 0, 0),
	(192, '06dc2517-ec02-437b-a355-bb36097e62ed', '99aba519-c304-4d38-bc6c-b72258420300', 'selfchatbotaccess-app', 'Yth. PIC Kegiatan Kuliah Umum Startup GOTO Mengingatkan bahwa ada kegiatan tersebut Pada :\nTanggal: 8 Desember 2023\nPukul: 08:30\nDeskripsi: Kegiatan ini mengundang backend developer dari GoTo', 'Pengingat Kegiatan', 'Yth. PIC Kegiatan Kuliah Umum Startup GOTO Mengingatkan bahwa ada kegiatan tersebut Pada :\nTanggal: 8 Desember 2023\nPukul: 08:30\nDeskripsi: Kegiatan ini mengundang backend developer dari GoTo', '1688565051438', '1696123800000', '-', 0, 1, 0, 0),
	(193, '06dc2517-ec02-437b-a355-bb36097e62ed', '99aba519-c304-4d38-bc6c-b72258420300', 'selfchatbotaccess-app', 'Pengingat kegiatan', 'default', 'default', '1688565232920', '1688565300000', '1688565301138', 0, 1, 0, 1),
	(194, '06dc2517-ec02-437b-a355-bb36097e62ed', '2d9ecc71-6093-4f92-9fcf-f895db0e584a', 'selfchatbotaccess-app', 'Yth. PIC Kegiatan Sidang Tugas Akhir Mengingatkan bahwa ada kegiatan tersebut Pada :\nTanggal: 8 Desember 2023\nPukul: 08:30\nDeskripsi: Ini penjelasan kegiatan sidang', 'Pengingat Kegiatan', 'Yth. PIC Kegiatan Sidang Tugas Akhir Mengingatkan bahwa ada kegiatan tersebut Pada :\nTanggal: 8 Desember 2023\nPukul: 08:30\nDeskripsi: Ini penjelasan kegiatan sidang', '1688609231429', '1696123800000', '-', 0, 1, 0, 1),
	(195, '06dc2517-ec02-437b-a355-bb36097e62ed', '2d9ecc71-6093-4f92-9fcf-f895db0e584a', 'selfchatbotaccess-app', 'Ini Test pesan pengingat kegiatan', 'default', 'default', '1688609343153', '1688609460000', '1688609460977', 0, 1, 0, 1),
	(196, '06dc2517-ec02-437b-a355-bb36097e62ed', '2d9ecc71-6093-4f92-9fcf-f895db0e584a', 'selfchatbotaccess-app', 'Ini harusnya tidak diterima', 'default', 'default', '1688609385570', '1688609460000', '-', 0, 1, 0, 0);

-- Dumping structure for table d3ti_psdku.bot_otp
CREATE TABLE IF NOT EXISTS `bot_otp` (
  `id_otp` int NOT NULL AUTO_INCREMENT,
  `email` varchar(255) DEFAULT NULL,
  `no_hp` varchar(100) DEFAULT NULL,
  `otp` varchar(10) NOT NULL,
  `time_otp` varchar(100) NOT NULL,
  PRIMARY KEY (`id_otp`)
) ENGINE=InnoDB DEFAULT CHARSET=utf8mb3 COLLATE=utf8mb3_general_ci;

-- Dumping data for table d3ti_psdku.bot_otp: ~0 rows (approximately)

-- Dumping structure for table d3ti_psdku.bot_registered_app
CREATE TABLE IF NOT EXISTS `bot_registered_app` (
  `id` int NOT NULL AUTO_INCREMENT,
  `registered_id` varchar(100) NOT NULL,
  `app_detail` varchar(100) NOT NULL,
  PRIMARY KEY (`id`)
) ENGINE=InnoDB AUTO_INCREMENT=6 DEFAULT CHARSET=utf8mb3 COLLATE=utf8mb3_general_ci;

-- Dumping data for table d3ti_psdku.bot_registered_app: ~4 rows (approximately)
INSERT INTO `bot_registered_app` (`id`, `registered_id`, `app_detail`) VALUES
	(1, 'simlabd3tipsdku001-1', 'SIM (sistem informasi managemen) Laboratoriun D3TI PSDKU UNS'),
	(2, 'tracerstudyd3tipsdku001-2', 'Aplikasi Tracer Study D3TI PSDKU UNS'),
	(3, 'simtamobiled3tipsdku-002-1', 'SIMTA'),
	(5, 'selfchatbotaccess-app', 'Aplikasi Chatbot Untuk Prodi D3TI PSDKU');

-- Dumping structure for table d3ti_psdku.bot_registrasi
CREATE TABLE IF NOT EXISTS `bot_registrasi` (
  `id_registrasi` varchar(50) NOT NULL,
  `nama_lengkap` varchar(255) NOT NULL,
  `email` varchar(255) NOT NULL,
  `no_wa` varchar(100) DEFAULT NULL,
  `pesan_aktivasi` text CHARACTER SET utf8mb3 COLLATE utf8mb3_general_ci,
  `create_at` varchar(255) NOT NULL,
  `regis_status` tinyint(1) NOT NULL,
  PRIMARY KEY (`id_registrasi`)
) ENGINE=InnoDB DEFAULT CHARSET=utf8mb3 COLLATE=utf8mb3_general_ci;

-- Dumping data for table d3ti_psdku.bot_registrasi: ~15 rows (approximately)
INSERT INTO `bot_registrasi` (`id_registrasi`, `nama_lengkap`, `email`, `no_wa`, `pesan_aktivasi`, `create_at`, `regis_status`) VALUES
	('0178-83776', 'Darmawan Lahru Riatma', 'darmawan123@staff.uns.ac.id', '083748343748', 'Jangan merubah pesan ini! silahkan dikirim ke chatbot, validasi:0178-83776.06dc2517-ec02-437b-a355-bb36097e62ed', '1684810321534', 1),
	('3012-29251', 'Rendra Tri Kusuma', 'rendratrikusuma@student.uns.ac.id', '083748343748', 'Jangan merubah pesan ini! silahkan dikirim ke chatbot, validasi:3012-29251.60bbacdf-6533-474d-97d1-a61940141065', '1688606765677', 1),
	('3615-03930', 'Achmat Fajri', 'muhammadhanifarafi@student.uns.ac.id', '083748343748', 'Jangan merubah pesan ini! silahkan dikirim ke chatbot, validasi:3615-03930.3f96e762-8243-4fe6-8edf-c6414fcee6b0', '1684906213875', 1),
	('3884-46740', 'Wibiati Sekar Kinasih', 'wibiatisekark@student.uns.ac.id', '085804712412', 'Jangan merubah pesan ini! silahkan dikirim ke chatbot, validasi:3884-46740.1b73b533-50d7-4002-bcc9-9c9eb146dae6', '1684729943597', 1),
	('3897-54548', 'Rendra Tri Kusuma', 'rendratrikusuma@student.uns.ac.id', '08155449442', 'Jangan merubah pesan ini! silahkan dikirim ke chatbot, validasi:3897-54548.60bbacdf-6533-474d-97d1-a61940141065', '1686894142173', 1),
	('4633-77336', 'Oktarinia Rossa Atanaswati', 'oktariniarossaa14@student.uns.ac.id', '081806829894', 'Jangan merubah pesan ini! silahkan dikirim ke chatbot, validasi:4633-77336.cedaa660-9def-4c2c-947e-6a1c687ee877', '1684773446094', 1),
	('4690-84917', 'Rendra Tri Kusuma', 'rendratrikusuma@student.uns.ac.id', '083748343748', 'Jangan merubah pesan ini! silahkan dikirim ke chatbot, validasi:4690-84917.60bbacdf-6533-474d-97d1-a61940141065', '1688608146319', 1),
	('5181-55645', 'Ridho Walidayin Rifai', 'ridhorifai88@student.uns.ac.id', '0895359409917', 'Jangan merubah pesan ini! silahkan dikirim ke chatbot, validasi:5181-55645.b6f81c6a-2e57-40a9-b58e-7468a635f4a6', '1685086414658', 1),
	('6056-56894', 'Darmawan Lahru Riatma, S.Kom., M.MT.', 'darmawan123@staff.uns.ac.id', '083748343748', 'Jangan merubah pesan ini! silahkan dikirim ke chatbot, validasi:6056-56894.06dc2517-ec02-437b-a355-bb36097e62ed', '1688403154848', 1),
	('6396-27629', 'Achmat Fajri', 'muhammadhanifarafi@student.uns.ac.id', '081333640773', 'Jangan merubah pesan ini! silahkan dikirim ke chatbot, validasi:6396-27629.3f96e762-8243-4fe6-8edf-c6414fcee6b0', '1685090163279', 1),
	('6578-96242', 'Achmat Fajri', 'muhammadhanifarafi@student.uns.ac.id', '083748343748', 'Jangan merubah pesan ini! silahkan dikirim ke chatbot, validasi:6578-96242.3f96e762-8243-4fe6-8edf-c6414fcee6b0', '1684990045474', 1),
	('6934-12681', 'VIORELLA SUNGHAIYON VK', 'viorellasv@student.uns.ac.id', '081333640773', 'Jangan merubah pesan ini! silahkan dikirim ke chatbot, validasi:6934-12681.b0e8f152-ebed-49dd-b978-a5363a0b4105', '1684566374661', 1),
	('7010-44212', 'Rendra Tri Kusuma', 'rendratrikusuma@student.uns.ac.id', '083748343748', 'Jangan merubah pesan ini! silahkan dikirim ke chatbot, validasi:7010-44212.60bbacdf-6533-474d-97d1-a61940141065', '1688563580948', 1),
	('7541-32881', 'Rendra Tri Kusuma', 'rendratrikusuma@student.uns.ac.id', '081554595532', 'Jangan merubah pesan ini! silahkan dikirim ke chatbot, validasi:7541-32881.60bbacdf-6533-474d-97d1-a61940141065', '1684594630477', 1),
	('9361-51024', 'Ahmat Nurwakit, S.Kom', 'ahmatnurwakit@staff.uns.ac.id', '08990743079', 'Jangan merubah pesan ini! silahkan dikirim ke chatbot, validasi:9361-51024.c53dc049-3e56-4cbb-9bb0-03c75134d751', '1684907926334', 1);

-- Dumping structure for table d3ti_psdku.bot_tag_telegram_messages
CREATE TABLE IF NOT EXISTS `bot_tag_telegram_messages` (
  `id_tag` int NOT NULL AUTO_INCREMENT,
  `id_messages` int NOT NULL,
  `tag` varchar(100) NOT NULL,
  PRIMARY KEY (`id_tag`),
  KEY `bot_tag_telegram_messages_FK` (`id_messages`),
  CONSTRAINT `bot_tag_telegram_messages_FK` FOREIGN KEY (`id_messages`) REFERENCES `bot_telegram_messages` (`id`)
) ENGINE=InnoDB AUTO_INCREMENT=43 DEFAULT CHARSET=utf8mb3 COLLATE=utf8mb3_general_ci;

-- Dumping data for table d3ti_psdku.bot_tag_telegram_messages: ~17 rows (approximately)
INSERT INTO `bot_tag_telegram_messages` (`id_tag`, `id_messages`, `tag`) VALUES
	(3, 1, 'halo'),
	(6, 2, 'terima kasih'),
	(7, 3, 'selamat pagi'),
	(14, 3, 'pagi'),
	(19, 30, 'Jangan merubah pesan ini! silahkan dikirim ke chatbot, validasi:'),
	(20, 30, 'Jangan merubah pesan ini'),
	(21, 31, 'tugas akhir'),
	(22, 31, '#ta'),
	(23, 30, 'validasi'),
	(24, 32, 'apa kabar'),
	(25, 33, 'baik'),
	(26, 32, 'kabar'),
	(27, 34, 'kamu siapa'),
	(28, 33, 'oke'),
	(29, 33, 'okay'),
	(40, 42, '#sidang'),
	(42, 2, 'sidang');

-- Dumping structure for table d3ti_psdku.bot_telegram_messages
CREATE TABLE IF NOT EXISTS `bot_telegram_messages` (
  `id` int NOT NULL AUTO_INCREMENT,
  `message` text NOT NULL,
  `create_at` varchar(100) NOT NULL,
  PRIMARY KEY (`id`)
) ENGINE=InnoDB AUTO_INCREMENT=43 DEFAULT CHARSET=utf8mb3 COLLATE=utf8mb3_general_ci;

-- Dumping data for table d3ti_psdku.bot_telegram_messages: ~9 rows (approximately)
INSERT INTO `bot_telegram_messages` (`id`, `message`, `create_at`) VALUES
	(1, 'Halo Juga  %s ', '1677812859487'),
	(2, 'Sama - sama ', '1677812859487'),
	(3, 'Selamat pagi juga %s', '1677812859487'),
	(30, 'Sepertinya anda ingin registrasi lagi, kamu kan sudah registrasi %s ', '1685068787956'),
	(31, 'Tugas Akhir dirancang untuk memungkinkan mahasiswa menerapkan pengetahuan, keterampilan, dan pemahaman yang telah mereka peroleh selama masa studi mereka dalam sebuah proyek yang terstruktur. Tujuan dari Tugas Akhir adalah untuk memungkinkan mahasiswa mendemonstrasikan kemampuan mereka dalam memecahkan masalah, melakukan penelitian, menerapkan metode ilmiah, dan menghasilkan kontribusi yang orisinal atau inovatif di bidang studi mereka. Proyek Tugas Akhir dapat beragam tergantung pada disiplin ilmu dan program studi yang diambil oleh mahasiswa. Dalam bidang ilmu komputer, misalnya, Tugas Akhir dapat berupa pengembangan perangkat lunak, analisis algoritma, desain sistem, atau penelitian tentang topik spesifik. Di bidang teknik, Tugas Akhir dapat berupa perancangan, pembangunan, atau uji coba sistem atau produk teknik.', '1685068950484'),
	(32, 'Alhamdulillah baik, bagaimana kabarmu %s ?', '1685069530122'),
	(33, 'Sipp', '1685069569258'),
	(34, 'Aku kan robot  , Aku ditugaskan oleh admin untuk menjawab pertanyaanmu sebisa mungkin', '1685069994596'),
	(42, 'Syarat pendaftaran sidang adalah :\r\n1. ...\r\n2 ....', '1688608390532');

-- Dumping structure for table d3ti_psdku.bot_user_mahasiswa
CREATE TABLE IF NOT EXISTS `bot_user_mahasiswa` (
  `id_user_bot` int NOT NULL AUTO_INCREMENT,
  `id_mahasiswa` varchar(50) CHARACTER SET utf8mb3 COLLATE utf8mb3_general_ci NOT NULL,
  `email` varchar(255) NOT NULL,
  `no_wa` varchar(100) CHARACTER SET utf8mb3 COLLATE utf8mb3_general_ci NOT NULL,
  `username_telegram` varchar(255) CHARACTER SET utf8mb3 COLLATE utf8mb3_general_ci NOT NULL,
  `id_telegram` varchar(255) CHARACTER SET utf8mb3 COLLATE utf8mb3_general_ci NOT NULL,
  `status_notification` tinyint(1) NOT NULL,
  PRIMARY KEY (`id_user_bot`) USING BTREE,
  KEY `bot_user_mahasiswa_id_mahasiswa_foreign` (`id_mahasiswa`) USING BTREE,
  CONSTRAINT `bot_user_mahasiswa_id_mahasiswa_foreign` FOREIGN KEY (`id_mahasiswa`) REFERENCES `mahasiswa` (`id_mhs`) ON DELETE CASCADE ON UPDATE CASCADE
) ENGINE=InnoDB AUTO_INCREMENT=16 DEFAULT CHARSET=utf8mb3;

-- Dumping data for table d3ti_psdku.bot_user_mahasiswa: ~6 rows (approximately)
INSERT INTO `bot_user_mahasiswa` (`id_user_bot`, `id_mahasiswa`, `email`, `no_wa`, `username_telegram`, `id_telegram`, `status_notification`) VALUES
	(4, 'b0e8f152-ebed-49dd-b978-a5363a0b4105', 'viorellasv@student.uns.ac.id', '081333640773', 'vsvk1', '5780318355', 0),
	(6, '1b73b533-50d7-4002-bcc9-9c9eb146dae6', 'wibiatisekark@student.uns.ac.id', '085804712412', 'wiibby', '1133337434', 0),
	(7, 'cedaa660-9def-4c2c-947e-6a1c687ee877', 'oktariniarossaa14@student.uns.ac.id', '081806829894', 'Rossa14', '1394923656', 1),
	(10, 'b6f81c6a-2e57-40a9-b58e-7468a635f4a6', 'ridhorifai88@student.uns.ac.id', '0895359409917', 'Ridho1408', '1462276084', 1),
	(11, '3f96e762-8243-4fe6-8edf-c6414fcee6b0', 'muhammadhanifarafi@student.uns.ac.id', '081333640773', 'RendraTri1', '840601502', 1),
	(15, '60bbacdf-6533-474d-97d1-a61940141065', 'rendratrikusuma@student.uns.ac.id', '083748343749', 'RendraTri', '840601502', 1);

-- Dumping structure for table d3ti_psdku.bot_user_staff
CREATE TABLE IF NOT EXISTS `bot_user_staff` (
  `id_user_bot` int NOT NULL AUTO_INCREMENT,
  `id_staff` varchar(100) NOT NULL,
  `email` varchar(100) CHARACTER SET utf8mb3 COLLATE utf8mb3_general_ci NOT NULL,
  `no_wa` varchar(100) NOT NULL,
  `username_telegram` varchar(100) NOT NULL,
  `id_telegram` varchar(100) CHARACTER SET utf8mb3 COLLATE utf8mb3_general_ci NOT NULL,
  `status_notification` tinyint(1) NOT NULL,
  PRIMARY KEY (`id_user_bot`),
  KEY `bot_user_staff_FK` (`id_staff`),
  CONSTRAINT `bot_user_staff_FK` FOREIGN KEY (`id_staff`) REFERENCES `staf` (`id_staf`)
) ENGINE=InnoDB AUTO_INCREMENT=6 DEFAULT CHARSET=utf8mb3 COLLATE=utf8mb3_general_ci;

-- Dumping data for table d3ti_psdku.bot_user_staff: ~2 rows (approximately)
INSERT INTO `bot_user_staff` (`id_user_bot`, `id_staff`, `email`, `no_wa`, `username_telegram`, `id_telegram`, `status_notification`) VALUES
	(4, 'c53dc049-3e56-4cbb-9bb0-03c75134d751', 'ahmatnurwakit@staff.uns.ac.id', '08990743079', 'asabiiy', '5198704857', 1),
	(5, '06dc2517-ec02-437b-a355-bb36097e62ed', 'darmawan123@staff.uns.ac.id', '083748343748', 'RendraTri3', '840601502', 1);

-- Dumping structure for table d3ti_psdku.faq
CREATE TABLE IF NOT EXISTS `faq` (
  `id_faq` varchar(50) CHARACTER SET utf8mb3 COLLATE utf8mb3_general_ci NOT NULL,
  `pertanyaan` varchar(255) CHARACTER SET utf8mb3 COLLATE utf8mb3_general_ci NOT NULL,
  `jawaban` varchar(255) CHARACTER SET utf8mb3 COLLATE utf8mb3_general_ci NOT NULL,
  `created_at` varchar(255) DEFAULT NULL,
  `updated_at` varchar(255) DEFAULT NULL,
  PRIMARY KEY (`id_faq`)
) ENGINE=InnoDB DEFAULT CHARSET=utf8mb3 COLLATE=utf8mb3_general_ci;

-- Dumping data for table d3ti_psdku.faq: ~2 rows (approximately)
INSERT INTO `faq` (`id_faq`, `pertanyaan`, `jawaban`, `created_at`, `updated_at`) VALUES
	('992e71d7-2cae-46f1-b38c-31b011e7260a', 'Jika semua pertanyaan sudah diisi dan sudah dianggap selesai, apakah memungkinkan untuk mengganti data isian ?', 'Semua Alumni Unmer bisa mengisi isian dari kuesioner yang disediakan di dalam tracer study UNS', '2023-04-12 02:32:12', '2023-04-12 02:32:12'),
	('af79f85f-85a1-48fa-a9d1-b763e6c8e08c', 'Apakah kami bisa mengerjakan ini?', 'sudah bisa menjawab', '2023-04-11 03:33:49', '2023-04-11 03:33:49');

-- Dumping structure for table d3ti_psdku.mahasiswa
CREATE TABLE IF NOT EXISTS `mahasiswa` (
  `id_mhs` varchar(50) CHARACTER SET utf8mb3 COLLATE utf8mb3_general_ci NOT NULL,
  `id_user` int unsigned NOT NULL,
  `nama` varchar(255) CHARACTER SET utf8mb3 COLLATE utf8mb3_general_ci NOT NULL,
  `nim` varchar(255) CHARACTER SET utf8mb3 COLLATE utf8mb3_general_ci NOT NULL,
  `prodi` varchar(255) CHARACTER SET utf8mb3 COLLATE utf8mb3_general_ci NOT NULL,
  `no_telp` varchar(255) CHARACTER SET utf8mb3 COLLATE utf8mb3_general_ci NOT NULL,
  `th_masuk` int NOT NULL,
  `th_lulus` int NOT NULL,
  `kelas` varchar(255) CHARACTER SET utf8mb3 COLLATE utf8mb3_general_ci NOT NULL,
  `status` enum('0','1') CHARACTER SET utf8mb3 COLLATE utf8mb3_general_ci NOT NULL,
  PRIMARY KEY (`id_mhs`) USING BTREE,
  KEY `id_user` (`id_user`),
  CONSTRAINT `mahasiswa_ibfk_1` FOREIGN KEY (`id_user`) REFERENCES `users` (`id`) ON DELETE CASCADE ON UPDATE CASCADE
) ENGINE=InnoDB DEFAULT CHARSET=utf8mb3 ROW_FORMAT=DYNAMIC;

-- Dumping data for table d3ti_psdku.mahasiswa: ~22 rows (approximately)
INSERT INTO `mahasiswa` (`id_mhs`, `id_user`, `nama`, `nim`, `prodi`, `no_telp`, `th_masuk`, `th_lulus`, `kelas`, `status`) VALUES
	('19084105-c0d3-43ad-a0c0-38d3a39e1b72', 39, 'Syauqi Nur Hibatullah', 'V3921038', 'D3 Teknik Informatika PSDKU', '087567436212', 2021, 2024, 'E', '1'),
	('1b73b533-50d7-4002-bcc9-9c9eb146dae6', 34, 'Wibiati Sekar Kinasih', 'V3920061', 'D3 Teknik Informatika PSDKU', '085804712412', 2022, 2023, 'E', '1'),
	('1c933cc0-43fa-47e5-94ce-f5c17563efea', 97, 'Ivan Fausta Dinata', 'V3920030', 'D3 Teknik Informatika PSDKU', '011849749', 2020, 2023, 'D', '1'),
	('1e335eef-1934-4db3-89de-08ebf53ba95d', 28, 'Ardianita Fauziyah', 'V3920009', 'D3 Teknik Informatika PSDKU', '081352346919', 2020, 2023, 'D', '1'),
	('2dd4d2df-9c45-48d2-9f1e-e99a5a57a4f6', 58, 'Ilham Hidayat Sidik', 'V3920060', 'D3 Teknik Informatika PSDKU', '081245678764', 2020, 2023, 'E', '1'),
	('3f96e762-8243-4fe6-8edf-c6414fcee6b0', 23, 'Achmat Fajri', 'V3920056', 'D3 Teknik Informatika PSDKU', '081273473493', 2020, 2023, 'E', '1'),
	('40549234-bfde-43ed-82cf-33baad4466d3', 14, 'Kreshna Putra Adi Wicaksana', 'V3920032', 'D3 Teknik Informatika PSDKU', '081293438834', 2020, 2023, 'D', '1'),
	('50bb5c83-f6c8-4237-ae68-070041c964a8', 22, 'Muhammad Iqbal Maulana', 'V3920043', 'D3 Teknik Informatika PSDKU', '081274583433', 2020, 2023, 'E', '0'),
	('54bc721b-5b11-49fc-a303-ad6118cbef93', 109, 'Tantri Setiani', 'V3920057', 'Teknik Informatika', '081332387213', 2020, 2023, 'E', '1'),
	('60bbacdf-6533-474d-97d1-a61940141065', 3, 'Rendra Tri Kusuma', 'V3920045', 'Teknik Informatika', '08127748875', 2022, 2023, 'E', '1'),
	('69781e9b-40a5-4343-a018-d8a12e819165', 14, 'Muhammad Hanif Arafi', 'V3920038', 'Teknik Informatika', '081278984422', 2020, 2023, 'E', '1'),
	('7c568b1b-cd4a-4cdc-97e2-ea44ff70dd36', 113, 'Pandu Dwi Saputra', 'V3920048', 'D3 Teknik Informatika', '089376455627346', 2020, 2023, 'E', '1'),
	('84b69020-4e43-4fef-9329-a4990029f737', 96, 'Zulfikar Ahmadi Rafsanjani', 'V3920066', 'D3 Teknik Informarika PSDKU', '081938880499', 2020, 2023, 'E', '1'),
	('9e1fd09a-5c0d-40d7-a9e2-e7658ce9c6e6', 92, 'Subekti Bimo Wicaksono', 'V3922041', 'D3 Teknik Informatika PSDKU', '081276589743', 2022, 2024, 'E', '1'),
	('b0e8f152-ebed-49dd-b978-a5363a0b4105', 101, 'Viorella Sunghaiyon VK', 'V3920059', 'D3 Teknik Informatika PSDKU', '081333640773', 2020, 2023, 'E', '1'),
	('b6f81c6a-2e57-40a9-b58e-7468a635f4a6', 59, 'Ridho Walidhayin Rifai', 'V3920052', 'D3 Teknik Informatika PSDKU', '0895359409917', 2020, 2023, 'E', '1'),
	('ba023000-bb6c-4c20-bb23-76e9e0b51fad', 115, 'Zulfi Masyita Resia Reswati', 'V3920063', 'D3 Teknik Informatika PSDKU', '3456', 2020, 2022, 'E', '1'),
	('cedaa660-9def-4c2c-947e-6a1c687ee877', 33, 'Oktarinia Rossa Atanaswati', 'V3920046', 'D3 Teknik Informatika PSDKU', '0858999999', 2020, 2023, 'E', '1'),
	('dd7c99ca-3c17-40de-9fb8-a73b67fd01c8', 7, 'Linda Ramawati', 'V3920033', 'D3 Teknik Informatika PSDKU', '087789015748', 2020, 2023, 'E', '1'),
	('e79319cb-cbb7-4b33-828d-3897bc2b70c4', 18, 'Ridho Walidaiin', 'V3920078', 'D3 Teknik Informatika PSDKU', '081237347383', 2020, 2023, 'E', '1'),
	('f9b30113-9d07-4747-8ed6-ad9318a587eb', 29, 'Muhammad Yeiko Akbar', 'V3920040', 'D3 Teknik Informatika PSDKU', '81284577533', 2020, 2023, 'E', '1'),
	('fb70a460-5ce2-4b8c-8baf-f9ae257c9aee', 40, 'Nazaruddin Nurcharis Zubaidi', 'V3921023', 'D3 Teknik Informatika PSDKU', '087345678132', 2021, 2024, 'E', '1');

-- Dumping structure for table d3ti_psdku.mata_kuliah
CREATE TABLE IF NOT EXISTS `mata_kuliah` (
  `id_mata_kuliah` varchar(50) CHARACTER SET utf8mb3 COLLATE utf8mb3_general_ci NOT NULL,
  `kode_mata_kuliah` varchar(255) CHARACTER SET utf8mb3 COLLATE utf8mb3_general_ci NOT NULL,
  `nama_mata_kuliah` varchar(255) CHARACTER SET utf8mb3 COLLATE utf8mb3_general_ci NOT NULL,
  `semester` int NOT NULL,
  `sks` varchar(255) NOT NULL,
  `jenis` varchar(255) NOT NULL,
  PRIMARY KEY (`id_mata_kuliah`) USING BTREE
) ENGINE=InnoDB DEFAULT CHARSET=utf8mb3;

-- Dumping data for table d3ti_psdku.mata_kuliah: ~99 rows (approximately)
INSERT INTO `mata_kuliah` (`id_mata_kuliah`, `kode_mata_kuliah`, `nama_mata_kuliah`, `semester`, `sks`, `jenis`) VALUES
	('049fb6b8-30e9-4d2e-921c-42284cd982f5', '21145242011', 'Praktik Pemrograman Berorientasi Objek', 2, '2', 'Praktik'),
	('05c20e22-958a-4a92-a51d-6eab3b25be28', '21145246041', 'Praktik Pengembangan Aplikasi Multi Platform', 4, '4', 'Praktik'),
	('0824ab5d-bc0a-404e-b17a-ef4f115846f3', '21145141005', 'Praktik Komputasi Matematika', 1, '1', 'Praktik'),
	('08e9ab8c-b494-44e3-8911-fdda412dce02', '095523111908', 'Praktik Wireless Communication', 2, '1', 'Praktik'),
	('08fce803-15e6-4ed7-9d92-ce845b3cd327', '095523211905', 'Praktik Pemrograman Web 1', 2, '2', 'Praktik'),
	('0aee756a-c3db-4851-b21a-451acffce809', '21145242043', 'Praktik Keterampilan Komunikasi Proyek', 4, '2', 'Praktik'),
	('0ba6f543-cb6b-4dcc-9909-03b505959253', '21145141025', 'Praktik Rekayasa Perangkat Lunak', 3, '1', 'Praktik'),
	('0ce8ad8c-bcf6-4e3d-8ecc-ac7267ae4659', '21145141037', 'Jaringan Komputer Enterprise', 3, '1', 'Teori'),
	('0da66978-7404-4041-b6d4-1885c912ffbc', '21145141039', 'Game Development', 3, '1', 'Teori'),
	('0e971636-1f69-4224-b2f7-6a9ef9867975', '21145242019', 'Praktik Mikrokontroller', 2, '2', 'Praktik'),
	('0f50d4b8-b8eb-43a2-928e-e5b9566e0ccf', '21145242014', 'Praktik Basis Data', 2, '2', 'Praktik'),
	('11ec6550-4f24-4ab2-a509-d74f4cf9bc5d', '21145141006', 'Jaringan Komputer', 1, '1', 'Teori'),
	('122a3fa2-8360-4195-b339-20a9029f8a16', '21145112003', 'Pendidikan Agama Islam', 1, '2', 'Teori'),
	('13033945-5725-4f4b-af7a-100bfd0bc054', '21145241008', 'Statistika dan Probabilitas', 2, '1', 'Teori'),
	('13ea4df4-577c-43d6-ab06-44bd3b81b17c', '21145146047', 'Proyek Pengembangan front-end', 5, '6', 'Praktik'),
	('14a84708-7f93-4943-9362-88acf922c08a', '21145241021', 'Praktik Cloud Computing', 2, '1', 'Praktik'),
	('1d99128d-b781-405c-8db6-995626cb7508', '21145141028', 'Manajemen Proyek Teknologi Informasi', 3, '1', 'Teori'),
	('1fcc61b6-c824-4819-a1da-ec469e9cd956', '21145141030', 'Praktik Pemrograman Front End', 3, '1', 'Praktik'),
	('25d915e8-e76d-42d7-8fe5-94a983bec929', '21145142004', 'Matematika Informatika', 1, '2', 'Teori'),
	('268f51c8-3865-42cb-8484-958a03c3aa4b', '21145142001', 'Algoritma dan Pemrograman', 1, '2', 'Teori'),
	('296d4042-b428-4b61-9ed3-ef5e62b6c842', '0900012003', 'Pendidikan Pancasila', 1, '2', 'Teori'),
	('32f7cfa5-3516-49ad-91d9-36ff22e2f02f', '21145142027', 'Praktik Aplikasi Mobile', 3, '2', 'Praktik'),
	('3641a827-ca5e-4d40-b02d-634ac9c33aa4', '095512211902', 'Praktikum Algoritma & Pemrograman', 1, '2', 'Praktik'),
	('3bc9932a-2a26-4183-adda-d4232fa02fa1', '21145244045', 'Praktik Pengembangan Infrastruktur Teknologi Informasi ', 4, '4', 'Praktik'),
	('3d146844-4fc7-40b5-b504-1aeaa157233f', '21145112002', 'Pendidikan Agama Hindu', 1, '2', 'Teori'),
	('3e2ce29c-a058-444e-bec0-9458fd17d47b', '21145241020', 'Praktik Pemrograman Python', 2, '1', 'Praktik'),
	('408fb201-0b87-455e-9e60-f341c5d5cce6', '21145142031', 'Praktik Pemrograman Back End', 3, '2', 'Praktik'),
	('4224be5f-3a37-4023-963d-086558bdbee1', '21145241013', 'Basis Data', 2, '1', 'Teori'),
	('44664b61-48dd-4f50-aa33-c24b9a0bc5f0', '21145112010', 'Bahasa Indonesia', 1, '2', 'Teori'),
	('45e3d7fe-962b-44c2-805b-e287d3d0f763', '21145141022', 'Praktik Statistika Teknologi Informasi', 3, '1', 'Praktik'),
	('46bfd9f6-b793-4c0f-8ec1-2baead36b13b', '21145112004', 'Pendidikan Agama Katholik', 1, '2', 'Teori'),
	('4723a6b9-454a-4510-9e92-69c8f9fa49ee', '21145112005', 'Pendidikan Agama Khonghucu', 1, '2', 'Teori'),
	('47350fa5-84a8-411b-82be-a786ebe671c2', '21145141026', 'Aplikasi Mobile', 3, '1', 'Teori'),
	('47cec212-ac54-44f9-8b38-b50474ec7ffd', '21145141036', 'Praktik Sistem Keamanan Data', 3, '1', 'Praktik'),
	('4963c652-4197-476a-a113-896e32f86100', '21145141034', 'Praktik Interaksi Manusia dan Komputer', 3, '1', 'Praktik'),
	('53e72ea2-2854-44e7-abc4-d3e0ddfd8d8d', '21145112009', 'Pancasila', 1, '2', 'Teori'),
	('558f0478-cd24-406a-a375-1ff50debca8e', '21145141029', 'Praktik Manajemen Proyek Teknologi Informasi', 3, '1', 'Praktik'),
	('5645a18d-8a03-4221-abe4-7630dbbc9c38', '095523101906', 'Basis Data', 2, '1', 'Teori'),
	('5786c8f8-ddb4-4e26-aac5-21b8dfbc5503', '21145132001', 'English for Vocational Purposes', 1, '2', 'Teori'),
	('5791d4aa-5bf6-4cac-9ae4-da8e302741df', '21145142050', 'Praktik Interoperabilitas', 5, '2', 'Praktik'),
	('5980c1cf-3b58-4136-abde-c18362cb510d', '095512201905', 'Matematika TI', 1, '2', 'Teori'),
	('5a122161-8bc1-48b2-9451-f7498a320576', '21145141038', 'Praktik Jaringan Komputer Enterprise', 3, '1', 'Praktik'),
	('5ad5ef9b-210d-4d9b-ba73-342403a07c85', '21145242012', 'Praktik Pemrograman Web', 2, '2', 'Praktik'),
	('5afde6e2-ec51-40c6-8284-1df91e628336', '095523111912', 'Praktik Cloud Computing', 2, '1', 'Praktik'),
	('5bef3992-e3d0-4192-b215-29d98118503e', '095524211902', 'Start Up and Technopreneur', 2, '2', 'Teori'),
	('5c8c1903-8ae2-48fc-9192-1df5ff3e5560', '21145142002', 'Praktik Algoritma dan Pemrograman', 1, '2', 'Praktik'),
	('64b31abe-f54b-48ae-997b-3fce36e7417b', '21145222003', 'Kewirausahaan', 2, '2', 'Teori'),
	('64d416d6-35c5-4e17-bfe6-7fdd92a67911', '095523111909', 'Praktik Sistem Operasi', 2, '1', 'Praktik'),
	('6978c065-7c68-4802-98c0-a16ce0097ae0', '21145112008', 'Pendidikan Kewarganegaraan', 3, '2', 'Teori'),
	('6a08903b-0011-463f-8350-3db3bc26d1a7', '21145241009', 'Praktik Statistika dan Probabilitas', 2, '1', 'Praktik'),
	('6c5c3879-2453-42f5-872c-dc8d5298055a', '21145244042', 'Praktik Manajemen Pelaksanaan Proyek', 4, '4', 'Praktik'),
	('6e20977b-6fa2-43ba-95f3-9cb92a3e7eb0', '095515221901', 'English For Vocational Pursposes', 1, '2', 'Teori'),
	('70fb1a89-42ee-443e-a052-8adebec49f19', '095523101904', 'Pemrograman Berorientasi Obyek 1', 2, '1', 'Teori'),
	('746abeb9-4632-4606-a7dc-ea6d1846e5aa', '21145241015', 'Analisis dan Perancangan Sistem Informasi', 2, '1', 'Teori'),
	('7582211e-5e18-48f9-b09f-14d1b12b1a95', '095513101906', 'Jaringan Komputer', 1, '1', 'Teori'),
	('79c33c3b-2ef7-4776-93ef-f38d3898aeed', '095512211904', 'Aplikasi Komputer dan Internet', 1, '2', 'Teori'),
	('7c4c01f6-a3f5-4c02-b18b-5f87dae5fa69', '21145142040', 'Praktik Game Development', 3, '2', 'Praktik'),
	('7f3422cb-5b57-4b6d-bfd2-ec7342629f05', '21145242016', 'Praktik Analisis dan Perancangan Sistem Informasi', 2, '2', 'Praktik'),
	('8693f344-dc63-4a91-83f6-bc89d06d8d1f', '21145241010', 'Pemrograman Berorientasi Objek', 2, '1', 'Teori'),
	('8755933c-e069-498f-af9e-76d45daedd2d', '21145141003', 'Praktik Penulisan Ilmiah', 1, '1', 'Teori'),
	('88f769a2-f886-44d0-b8d9-15c559fea24f', '095514121903', 'Penulisan Ilmiah', 1, '1', 'Teori'),
	('8b78dc91-03f1-4a2b-893f-8dd284941d7d', '21145146048', 'Proyek Pengembangan back-end', 5, '6', 'Praktik'),
	('8d984cf1-669c-4c30-aa70-c2859692dd6f', '21145144046', 'Analisis dan Perancangan Aplikasi', 5, '4', 'Teori'),
	('8e7a39c1-95f9-458c-9187-1540b974244d', '095523211907', 'Praktikum Analisis Perancangan SI', 2, '2', 'Praktik'),
	('95eef4a8-7beb-4427-b05b-aacd2def2060', '21145241017', 'Praktik Wireless Communication', 2, '1', 'Praktik'),
	('96860489-243b-4b17-9862-de664631d095', '095522101901', 'Statistika TI 1', 2, '1', 'Teori'),
	('9846192b-16ce-40ea-b1a1-4c90ac50f058', '21145142049', 'Praktik Pengujian Aplikasi', 5, '2', 'Praktik'),
	('99909954-03fa-4e2c-b13d-0147b4b86d7d', '21145112006', 'Pendidikan Agama Kristen', 1, '2', 'Teori'),
	('9c965372-8faf-4842-9f71-0f3be5c690e2', '095512201902', 'Algoritma & Pemrograman', 1, '2', 'Teori'),
	('9f70a14f-e599-4ecd-bba1-646ecb6abe34', '095512111905', 'Komputasi Matematika', 1, '1', 'Teori'),
	('a5f76fe1-078b-4f87-9ae3-11ca820e5cc8', '095523101907', 'Analisis Perancangan SI', 2, '1', 'Teori'),
	('a65e076a-327b-42f0-a7f7-60d3e4e0f8e4', '21145244044', 'Praktik Manajemen Basisdata', 4, '4', 'Praktik'),
	('aba900bd-929c-430c-9b87-20cd0f5cd1c4', '21145232003', 'Etika dan Komunikasi di Dunia Kerja', 2, '2', 'Teori'),
	('acaf23ec-f735-494b-a59c-6386790cc0df', '095523211904', 'Praktikum Pemrograman Berorientasi Obyek 1', 2, '2', 'Praktik'),
	('ae7a0caf-8ea2-4767-84e4-f42951505506', '095522111901', 'Praktikum Statistika TI 1', 2, '1', 'Praktik'),
	('af7230e6-8a6f-485f-891c-7fa8652fac67', '21145141023', 'Praktik Internet of Things', 3, '1', 'Praktik'),
	('b07f8396-36bd-48bc-bc2b-9bbc98704ed6', '21145141033', 'Interaksi Manusia dan Komputer', 3, '1', 'Teori'),
	('b1945042-742c-4285-b0ba-2a8258e7f514', '21145241018', 'Praktik Sistem Operasi', 2, '1', 'Praktik'),
	('b1ff0abb-8ade-4661-a8c1-b794f5695b14', '21145112001', 'Pendidikan Agama Budha', 1, '2', 'Teori'),
	('b4616df0-47a3-4080-896c-989d7c487e96', '21145141007', 'Praktik Jaringan Komputer', 1, '1', 'Praktik'),
	('b559e964-cd0a-42e0-870c-ef97753b112f', '21145141035', 'Sistem Keamanan Data', 3, '1', 'Teori'),
	('b6ec8ba1-8fdb-4e8a-9c9d-724108ed9ffa', '095521101903', 'Etika Profesi', 2, '1', 'Teori'),
	('bed04180-c395-46f8-b446-7dbe01ce2830', '095513111906', 'Praktikum Jaringan Komputer', 1, '1', 'Praktik'),
	('c6054910-8b3f-42c3-a5dd-2ae6dbdd331a', '21145224004', 'Tugas Akhir', 6, '4', 'Teori'),
	('c84f1596-869e-4fa5-9694-e5f9291f2257', '21145112007', 'Pendidikan Agama Lain', 1, '2', 'Teori'),
	('ceca06f0-15c6-4160-9230-3bae5a269d1a', '21145141024', 'Rekayasa Perangkat Lunak', 3, '1', 'Teori'),
	('de9c7173-9fa3-4a14-b3e9-ff6c6fae5f2f', '0900012004', 'Bahasa Indonesia', 1, '2', 'Teori'),
	('e450a7e9-b498-4499-9075-09e4fff25c8f', '095523211910', 'Praktik Mikrokontroller', 2, '2', 'Praktik'),
	('e7238bfe-d2ca-4c7a-a18b-4db77ca4ec2b', '21145224002', 'Kegiatan Magang Mahasiswa', 6, '4', 'Praktik'),
	('e8d312d2-06e2-4a54-a40d-4d98d7096773', '21145141032', 'Praktik Pemrograman Multi-Platform', 3, '1', 'Praktik'),
	('f865bd95-9bd0-4e40-81f3-79c4053a1ef6', '095523211906', 'Praktikum Basis Data', 2, '2', 'Praktik');

-- Dumping structure for table d3ti_psdku.mbkm_berkas
CREATE TABLE IF NOT EXISTS `mbkm_berkas` (
  `id_berkas` varchar(50) CHARACTER SET utf8mb3 COLLATE utf8mb3_general_ci NOT NULL,
  `nama_berkas` varchar(255) CHARACTER SET utf8mb3 COLLATE utf8mb3_general_ci NOT NULL,
  `file_berkas` varchar(255) CHARACTER SET utf8mb3 COLLATE utf8mb3_general_ci NOT NULL,
  `jenis` enum('pendaftaran','informasi') NOT NULL,
  `created_at` varchar(50) NOT NULL,
  `update_at` varchar(50) NOT NULL,
  PRIMARY KEY (`id_berkas`) USING BTREE
) ENGINE=InnoDB DEFAULT CHARSET=utf8mb3 COLLATE=utf8mb3_general_ci;

-- Dumping data for table d3ti_psdku.mbkm_berkas: ~4 rows (approximately)
INSERT INTO `mbkm_berkas` (`id_berkas`, `nama_berkas`, `file_berkas`, `jenis`, `created_at`, `update_at`) VALUES
	('7dbc5753-17f0-4180-b1f0-98ec6495eac2', 'Surat Rekomendasi', '1686807362_e24de281fa6d26e511e5.pdf', 'pendaftaran', '1686807362876', ''),
	('95e2b2b0-e8fe-4d85-a4b5-57f82706fb28', 'SPTJM', '1686807330_85977523f43900e0adc0.pdf', 'pendaftaran', '1686807330424', ''),
	('b40dc813-e269-4bcc-a334-947fe64a0b4a', 'Surat Pengantar', '1686755874_9d281f067683d1952b55.pdf', 'pendaftaran', '1686755874541', ''),
	('f3ed9888-bea2-4509-b0ee-7cdb4f69b09f', 'Dosen Pembimbing 2020', '1688125309_42254d4d1e230282bf1e.pdf', 'informasi', '1688125309386', '');

-- Dumping structure for table d3ti_psdku.mbkm_bobot
CREATE TABLE IF NOT EXISTS `mbkm_bobot` (
  `id_bobot` varchar(50) CHARACTER SET utf8mb3 COLLATE utf8mb3_general_ci NOT NULL,
  `bobot_dosen` varchar(50) NOT NULL,
  `bobot_mitra` varchar(50) NOT NULL,
  `created_at` varchar(50) NOT NULL,
  `updated_at` varchar(50) NOT NULL,
  PRIMARY KEY (`id_bobot`)
) ENGINE=InnoDB DEFAULT CHARSET=utf8mb3 COLLATE=utf8mb3_general_ci;

-- Dumping data for table d3ti_psdku.mbkm_bobot: ~2 rows (approximately)
INSERT INTO `mbkm_bobot` (`id_bobot`, `bobot_dosen`, `bobot_mitra`, `created_at`, `updated_at`) VALUES
	('fca3f79e-bb56-47ec-bc69-a0ad4c7e520d', '40', '60', '1684070700594', '');

-- Dumping structure for table d3ti_psdku.mbkm_fix
CREATE TABLE IF NOT EXISTS `mbkm_fix` (
  `id_mbkm_fix` varchar(50) CHARACTER SET utf8mb3 COLLATE utf8mb3_general_ci NOT NULL,
  `id_mhs` varchar(50) CHARACTER SET utf8mb3 COLLATE utf8mb3_general_ci NOT NULL,
  `id_mitra` varchar(50) CHARACTER SET utf8mb3 COLLATE utf8mb3_general_ci DEFAULT NULL,
  `id_staf` varchar(50) CHARACTER SET utf8mb3 COLLATE utf8mb3_general_ci NOT NULL,
  `jenis_mbkm` varchar(50) CHARACTER SET utf8mb3 COLLATE utf8mb3_general_ci NOT NULL,
  `status_mahasiswa` enum('pending','proses seleksi','lolos','tidak lolos','diambil','tidak diambil') NOT NULL DEFAULT 'pending',
  `nama_instansi` varchar(255) CHARACTER SET utf8mb3 COLLATE utf8mb3_general_ci NOT NULL,
  `bukti` varchar(50) DEFAULT NULL,
  `lap_akhir` varchar(50) CHARACTER SET utf8mb3 COLLATE utf8mb3_general_ci DEFAULT NULL,
  PRIMARY KEY (`id_mbkm_fix`),
  KEY `FK_mbkm_fix_mahasiswa` (`id_mhs`),
  KEY `FK_mbkm_fix_mitra` (`id_mitra`),
  KEY `FK_mbkm_fix_staf` (`id_staf`),
  CONSTRAINT `FK_mbkm_fix_mahasiswa` FOREIGN KEY (`id_mhs`) REFERENCES `mahasiswa` (`id_mhs`) ON DELETE CASCADE ON UPDATE CASCADE,
  CONSTRAINT `FK_mbkm_fix_mitra` FOREIGN KEY (`id_mitra`) REFERENCES `mitra` (`id_mitra`) ON DELETE CASCADE ON UPDATE CASCADE,
  CONSTRAINT `FK_mbkm_fix_staf` FOREIGN KEY (`id_staf`) REFERENCES `staf` (`id_staf`) ON DELETE CASCADE ON UPDATE CASCADE
) ENGINE=InnoDB DEFAULT CHARSET=utf8mb3;

-- Dumping data for table d3ti_psdku.mbkm_fix: ~2 rows (approximately)
INSERT INTO `mbkm_fix` (`id_mbkm_fix`, `id_mhs`, `id_mitra`, `id_staf`, `jenis_mbkm`, `status_mahasiswa`, `nama_instansi`, `bukti`, `lap_akhir`) VALUES
	('0ed610ac-bfcc-4e17-a0f8-216ffb41ef1e', 'cedaa660-9def-4c2c-947e-6a1c687ee877', 'dfcb7a12-68c0-4dc3-9379-8ac38a84e50d', '4018b49a-d2d6-43d9-a6b8-975ff5973846', 'msib', 'diambil', 'PT Pilihanmu Indonesia Jayaa', '1688303029_5440294b14d1c4c0fb56.pdf', NULL),
	('b30261d6-b193-45ac-b7ba-435c140cabd7', '7c568b1b-cd4a-4cdc-97e2-ea44ff70dd36', 'dfcb7a12-68c0-4dc3-9379-8ac38a84e50d', '4018b49a-d2d6-43d9-a6b8-975ff5973846', 'hibah', 'diambil', 'CV Sukses Jaya', '1688578061_247d2f8dda95e8f4a9bc.pdf', NULL);

-- Dumping structure for table d3ti_psdku.mbkm_hibah
CREATE TABLE IF NOT EXISTS `mbkm_hibah` (
  `id_hibah` varchar(50) NOT NULL,
  `id_mhs` varchar(50) NOT NULL,
  `id_staf` varchar(50) CHARACTER SET utf8mb3 COLLATE utf8mb3_general_ci NOT NULL,
  `jenis_mbkm` enum('hibah') CHARACTER SET utf8mb3 COLLATE utf8mb3_general_ci NOT NULL DEFAULT 'hibah',
  `judul` varchar(255) CHARACTER SET utf8mb3 COLLATE utf8mb3_general_ci NOT NULL,
  `nama_instansi` varchar(255) CHARACTER SET utf8mb3 COLLATE utf8mb3_general_ci NOT NULL,
  `proposal` varchar(255) CHARACTER SET utf8mb3 COLLATE utf8mb3_general_ci NOT NULL,
  `surat_rekom` varchar(255) CHARACTER SET utf8mb3 COLLATE utf8mb3_general_ci DEFAULT 'proses',
  `status_dosen` enum('pending','disetujui','tidak disetujui') CHARACTER SET utf8mb3 COLLATE utf8mb3_general_ci DEFAULT 'pending',
  `status_mahasiswa` enum('pending','proses seleksi','lolos','tidak lolos','diambil','tidak diambil') DEFAULT 'pending',
  `created_at` varchar(255) NOT NULL,
  `updated_at` varchar(255) NOT NULL,
  PRIMARY KEY (`id_hibah`),
  KEY `FK__mahasiswa` (`id_mhs`),
  KEY `FK__staf` (`id_staf`),
  CONSTRAINT `FK__mahasiswa` FOREIGN KEY (`id_mhs`) REFERENCES `mahasiswa` (`id_mhs`) ON DELETE CASCADE ON UPDATE CASCADE,
  CONSTRAINT `FK__staf` FOREIGN KEY (`id_staf`) REFERENCES `staf` (`id_staf`) ON DELETE CASCADE ON UPDATE CASCADE
) ENGINE=InnoDB DEFAULT CHARSET=utf8mb3;

-- Dumping data for table d3ti_psdku.mbkm_hibah: ~4 rows (approximately)
INSERT INTO `mbkm_hibah` (`id_hibah`, `id_mhs`, `id_staf`, `jenis_mbkm`, `judul`, `nama_instansi`, `proposal`, `surat_rekom`, `status_dosen`, `status_mahasiswa`, `created_at`, `updated_at`) VALUES
	('0eb1a253-7f51-446b-9127-6ab1c1399bd6', '84b69020-4e43-4fef-9329-a4990029f737', '4018b49a-d2d6-43d9-a6b8-975ff5973846', 'hibah', 'Sistem Manajemen Logistik', 'CV Sukses Jaya', '1687433544_8676e78a55ae0b79a424.pdf', 'proses', 'pending', 'pending', '1687433544278', ''),
	('6d7e64a2-f8e3-4ec8-99cd-a20a52cb90b3', '54bc721b-5b11-49fc-a303-ad6118cbef93', '4018b49a-d2d6-43d9-a6b8-975ff5973846', 'hibah', 'Rancang Bangun Aplikasi Logistik', 'PT Sukses Jaya', '1686930810_49f713b56eb41ff795e3.pdf', '1687097950_99536bb701bd3aacfdd1.pdf', 'disetujui', 'pending', '1686930810225', ''),
	('d6d5fe07-e35f-4c1f-ad9c-1a25e98d5bab', '7c568b1b-cd4a-4cdc-97e2-ea44ff70dd36', '4018b49a-d2d6-43d9-a6b8-975ff5973846', 'hibah', 'Development Sistem Absensi Karyawan Berbasis App Mobile', 'CV Sukses Jaya', '1686931523_12073e50af3bbebcc0ff.pdf', '1688309294_75b717bc920180b0a8ad.pdf', 'disetujui', 'diambil', '1686931523484', ''),
	('d87e078d-0cc4-4476-8e7a-dd2b9e475a35', 'cedaa660-9def-4c2c-947e-6a1c687ee877', '4018b49a-d2d6-43d9-a6b8-975ff5973846', 'hibah', 'Development Sistem Logistik Barang Berbasis Website', 'CV Sukses Jaya', '1687355662_2188f70af65f05fc945f.pdf', 'proses', 'pending', 'tidak diambil', '1687355662305', '');

-- Dumping structure for table d3ti_psdku.mbkm_monitoring
CREATE TABLE IF NOT EXISTS `mbkm_monitoring` (
  `id_monitoring` varchar(50) CHARACTER SET utf8mb3 COLLATE utf8mb3_general_ci NOT NULL,
  `id_mbkm_fix` varchar(255) CHARACTER SET utf8mb3 COLLATE utf8mb3_general_ci NOT NULL,
  `tanggal` varchar(255) CHARACTER SET utf8mb3 COLLATE utf8mb3_general_ci NOT NULL,
  `deskripsi` varchar(255) NOT NULL,
  `feedback` varchar(255) CHARACTER SET utf8mb3 COLLATE utf8mb3_general_ci DEFAULT NULL,
  `created_at` varchar(255) NOT NULL,
  `updated_at` varchar(255) NOT NULL,
  PRIMARY KEY (`id_monitoring`),
  KEY `FK_mbkm_monitoring_mbkm_fix` (`id_mbkm_fix`),
  CONSTRAINT `FK_mbkm_monitoring_mbkm_fix` FOREIGN KEY (`id_mbkm_fix`) REFERENCES `mbkm_fix` (`id_mbkm_fix`) ON DELETE CASCADE ON UPDATE CASCADE
) ENGINE=InnoDB DEFAULT CHARSET=utf8mb3 COLLATE=utf8mb3_general_ci;

-- Dumping data for table d3ti_psdku.mbkm_monitoring: ~0 rows (approximately)

-- Dumping structure for table d3ti_psdku.mbkm_msib
CREATE TABLE IF NOT EXISTS `mbkm_msib` (
  `id_msib` varchar(50) CHARACTER SET utf8mb3 COLLATE utf8mb3_general_ci NOT NULL,
  `id_mhs` varchar(50) CHARACTER SET utf8mb3 COLLATE utf8mb3_general_ci NOT NULL,
  `id_staf` varchar(50) CHARACTER SET utf8mb3 COLLATE utf8mb3_general_ci NOT NULL,
  `jenis_mbkm` enum('msib') CHARACTER SET utf8mb3 COLLATE utf8mb3_general_ci NOT NULL DEFAULT 'msib',
  `nama_instansi` varchar(255) CHARACTER SET utf8mb3 COLLATE utf8mb3_general_ci NOT NULL,
  `link_msib` varchar(255) CHARACTER SET utf8mb3 COLLATE utf8mb3_general_ci NOT NULL,
  `surat_rekom` varchar(255) CHARACTER SET utf8mb3 COLLATE utf8mb3_general_ci DEFAULT NULL,
  `sptjm` varchar(255) CHARACTER SET utf8mb3 COLLATE utf8mb3_general_ci DEFAULT NULL,
  `status_dosen` enum('pending','tidak disetujui','disetujui') CHARACTER SET utf8mb3 COLLATE utf8mb3_general_ci DEFAULT 'pending',
  `status_mahasiswa` enum('pending','proses seleksi','lolos','tidak lolos','diambil','tidak diambil') DEFAULT 'pending',
  `created_at` varchar(50) NOT NULL,
  `updated_at` varchar(50) NOT NULL,
  PRIMARY KEY (`id_msib`),
  KEY `FK_mbkm_msib_mahasiswa` (`id_mhs`),
  KEY `FK_mbkm_msib_staf` (`id_staf`),
  CONSTRAINT `FK_mbkm_msib_mahasiswa` FOREIGN KEY (`id_mhs`) REFERENCES `mahasiswa` (`id_mhs`) ON DELETE CASCADE ON UPDATE CASCADE,
  CONSTRAINT `FK_mbkm_msib_staf` FOREIGN KEY (`id_staf`) REFERENCES `staf` (`id_staf`) ON DELETE CASCADE ON UPDATE CASCADE
) ENGINE=InnoDB DEFAULT CHARSET=utf8mb3 COLLATE=utf8mb3_general_ci;

-- Dumping data for table d3ti_psdku.mbkm_msib: ~6 rows (approximately)
INSERT INTO `mbkm_msib` (`id_msib`, `id_mhs`, `id_staf`, `jenis_mbkm`, `nama_instansi`, `link_msib`, `surat_rekom`, `sptjm`, `status_dosen`, `status_mahasiswa`, `created_at`, `updated_at`) VALUES
	('0255e7b9-6a5b-48af-a661-bfb4e94db528', '54bc721b-5b11-49fc-a303-ad6118cbef93', '4018b49a-d2d6-43d9-a6b8-975ff5973846', 'msib', 'PT Pilihanmu Indonesia Jaya', 'https://kampusmerdeka.kemdikbud.go.id/program/magang/browse/55f69414-f20a-4925-81f5-e7eaa75e009a/0c7d3a93-f5e5-11ed-a659-6ec94102ee07', '1687097325_35efccf6acc87822f5db.pdf', '1687097663_1464ccc6d79bcd9d4101.pdf', 'disetujui', 'pending', '1686930664037', ''),
	('43f2cf46-43e9-40a5-b5fd-d480e2d9417b', '2dd4d2df-9c45-48d2-9f1e-e99a5a57a4f6', '06dc2517-ec02-437b-a355-bb36097e62ed', 'msib', 'PT.Garuda Cyber Indonesia ', 'https://kampusmerdeka.kemdikbud.go.id/program/magang/browse/e60fe502-36d3-41a4-971b-b77d1d8239a1/200d40dd-e8c9-11ed-9378-3a560b51e5d9', '1687097679_0c75e795fc3cae43f6c4.pdf', '1687097691_47dc795a02984ee88e01.pdf', 'disetujui', 'pending', '1686918142881', ''),
	('514ae6d2-dab0-4191-a180-85cec141f1ae', '1c933cc0-43fa-47e5-94ce-f5c17563efea', '4018b49a-d2d6-43d9-a6b8-975ff5973846', 'msib', 'PT Pilihanmu Indonesia Jaya', 'https://kampusmerdeka.kemdikbud.go.id/program/magang/browse/55f69414-f20a-4925-81f5-e7eaa75e009a/5f4c9b53-f5e5-11ed-8cc5-f247a4efcb93', '1687491759_20e1318c5ac5f57840c9.pdf', '1687491776_5b07f6e15dd47848c7d2.pdf', 'disetujui', 'pending', '1686919422376', ''),
	('9caf826f-9c41-4dc9-bd34-d2f6663a6776', 'cedaa660-9def-4c2c-947e-6a1c687ee877', '4018b49a-d2d6-43d9-a6b8-975ff5973846', 'msib', 'PT Pilihanmu Indonesia Jayaa', 'https://kampusmerdeka.kemdikbud.go.id/program/magang/browse/55f69414-f20a-4925-81f5-e7eaa75e009a/0c7d3a93-f5e5-11ed-a659-6ec94102ee07', '1687097710_e394985f5f02c1d8f8fe.pdf', '1687097730_59a68f0d90386589d1d7.pdf', 'disetujui', 'diambil', '1686917791427', ''),
	('9e25e244-305e-4398-ba84-af51caced6f5', '1c933cc0-43fa-47e5-94ce-f5c17563efea', '4018b49a-d2d6-43d9-a6b8-975ff5973846', 'msib', 'PT.Garuda Cyber Indonesia ', 'https://kampusmerdeka.kemdikbud.go.id/program/magang/browse/e60fe502-36d3-41a4-971b-b77d1d8239a1/200d40dd-e8c9-11ed-9378-3a560b51e5d9', NULL, NULL, 'pending', 'pending', '1686919492236', ''),
	('a94856e4-a648-411d-b02a-b88ed3fe3eca', '84b69020-4e43-4fef-9329-a4990029f737', '4018b49a-d2d6-43d9-a6b8-975ff5973846', 'msib', 'PT Pilihanmu Indonesia Jaya', 'https://kampusmerdeka.kemdikbud.go.id/program/magang/browse/e60fe502-36d3-41a4-971b-b77d1d8239a1/200d40dd-e8c9-11ed-9378-3a560b51e5d9', NULL, NULL, 'disetujui', 'pending', '1687490440691', '');

-- Dumping structure for table d3ti_psdku.mbkm_nilai_konversi
CREATE TABLE IF NOT EXISTS `mbkm_nilai_konversi` (
  `id_nilai_konversi` varchar(50) NOT NULL,
  `id_mbkm_fix` varchar(50) CHARACTER SET utf8mb3 COLLATE utf8mb3_general_ci NOT NULL,
  `nilai_konversi` varchar(50) CHARACTER SET utf8mb3 COLLATE utf8mb3_general_ci NOT NULL DEFAULT '0',
  PRIMARY KEY (`id_nilai_konversi`),
  KEY `FK_mbkm_nilai_konversi_mbkm_fix` (`id_mbkm_fix`),
  CONSTRAINT `FK_mbkm_nilai_konversi_mbkm_fix` FOREIGN KEY (`id_mbkm_fix`) REFERENCES `mbkm_fix` (`id_mbkm_fix`) ON DELETE CASCADE ON UPDATE CASCADE
) ENGINE=InnoDB DEFAULT CHARSET=utf8mb3 COLLATE=utf8mb3_general_ci;

-- Dumping data for table d3ti_psdku.mbkm_nilai_konversi: ~2 rows (approximately)
INSERT INTO `mbkm_nilai_konversi` (`id_nilai_konversi`, `id_mbkm_fix`, `nilai_konversi`) VALUES
	('024e718b-c0f1-4573-9f8c-c6c67522dfd8', '0ed610ac-bfcc-4e17-a0f8-216ffb41ef1e', '89.75'),
	('03452bde-89c5-47c7-ba17-336318e7cf1a', 'b30261d6-b193-45ac-b7ba-435c140cabd7', '88.3');

-- Dumping structure for table d3ti_psdku.mbkm_penilaian_uas
CREATE TABLE IF NOT EXISTS `mbkm_penilaian_uas` (
  `id_penilaian_uas` varchar(50) CHARACTER SET utf8mb3 COLLATE utf8mb3_general_ci NOT NULL,
  `id_mbkm_fix` varchar(50) CHARACTER SET utf8mb3 COLLATE utf8mb3_general_ci NOT NULL,
  `id_pertanyaan_uas` varchar(50) CHARACTER SET utf8mb3 COLLATE utf8mb3_general_ci NOT NULL,
  `nilai` varchar(50) NOT NULL,
  PRIMARY KEY (`id_penilaian_uas`),
  KEY `FK_mbkm_penilaian_uas_mbkm_fix` (`id_mbkm_fix`),
  KEY `FK_mbkm_penilaian_uas_mbkm_pertanyaan_uas` (`id_pertanyaan_uas`),
  CONSTRAINT `FK_mbkm_penilaian_uas_mbkm_fix` FOREIGN KEY (`id_mbkm_fix`) REFERENCES `mbkm_fix` (`id_mbkm_fix`) ON DELETE CASCADE ON UPDATE CASCADE,
  CONSTRAINT `FK_mbkm_penilaian_uas_mbkm_pertanyaan_uas` FOREIGN KEY (`id_pertanyaan_uas`) REFERENCES `mbkm_pertanyaan_uas` (`id_pertanyaan_uas`) ON DELETE CASCADE ON UPDATE CASCADE
) ENGINE=InnoDB DEFAULT CHARSET=utf8mb3 COLLATE=utf8mb3_general_ci;

-- Dumping data for table d3ti_psdku.mbkm_penilaian_uas: ~16 rows (approximately)
INSERT INTO `mbkm_penilaian_uas` (`id_penilaian_uas`, `id_mbkm_fix`, `id_pertanyaan_uas`, `nilai`) VALUES
	('684d3fe2-e751-4ea7-be8e-b638ef5d1f02', '0ed610ac-bfcc-4e17-a0f8-216ffb41ef1e', '083c27cb-a287-4329-b1b3-d7c4c76c14d6', '100'),
	('684d3fe2-e751-4ea7-be8e-b638ef5d1f03', '0ed610ac-bfcc-4e17-a0f8-216ffb41ef1e', '1a1398e5-ab75-4aa6-87e0-d8ad75439aac', '100'),
	('684d3fe2-e751-4ea7-be8e-b638ef5d1f04', '0ed610ac-bfcc-4e17-a0f8-216ffb41ef1e', '67054dd5-8e40-45ef-9c72-0776a77ee8f8', '80'),
	('684d3fe2-e751-4ea7-be8e-b638ef5d1f05', '0ed610ac-bfcc-4e17-a0f8-216ffb41ef1e', 'c6769b1d-4f74-4692-af4d-15d5072dacc2', '90'),
	('7c47b92e-c900-4af8-be5c-f7183354b5c1', 'b30261d6-b193-45ac-b7ba-435c140cabd7', '083c27cb-a287-4329-b1b3-d7c4c76c14d6', '100'),
	('7c47b92e-c900-4af8-be5c-f7183354b5c2', 'b30261d6-b193-45ac-b7ba-435c140cabd7', '1a1398e5-ab75-4aa6-87e0-d8ad75439aac', '82'),
	('7c47b92e-c900-4af8-be5c-f7183354b5c3', 'b30261d6-b193-45ac-b7ba-435c140cabd7', '67054dd5-8e40-45ef-9c72-0776a77ee8f8', '86'),
	('7c47b92e-c900-4af8-be5c-f7183354b5c4', 'b30261d6-b193-45ac-b7ba-435c140cabd7', 'c6769b1d-4f74-4692-af4d-15d5072dacc2', '80'),
	('c2e2e1e9-20ea-44ea-9c1f-3809d1caf3ee', 'b30261d6-b193-45ac-b7ba-435c140cabd7', '3c71e561-753b-43cd-a575-a1e5a1815ce8', '80'),
	('c2e2e1e9-20ea-44ea-9c1f-3809d1caf3ef', 'b30261d6-b193-45ac-b7ba-435c140cabd7', '4e7dbf64-b7c9-488e-b77e-c3eff7addef8', '90'),
	('c2e2e1e9-20ea-44ea-9c1f-3809d1caf3eg', 'b30261d6-b193-45ac-b7ba-435c140cabd7', 'bc673e9b-2df8-4be5-9167-62cf5063ef16', '100'),
	('c2e2e1e9-20ea-44ea-9c1f-3809d1caf3eh', 'b30261d6-b193-45ac-b7ba-435c140cabd7', 'dfcae0a1-440b-4020-a927-18a1b4072cb2', '100'),
	('d7808f69-08c0-463b-b2c9-6fc20e2e2d28', '0ed610ac-bfcc-4e17-a0f8-216ffb41ef1e', '3c71e561-753b-43cd-a575-a1e5a1815ce8', '100'),
	('d7808f69-08c0-463b-b2c9-6fc20e2e2d29', '0ed610ac-bfcc-4e17-a0f8-216ffb41ef1e', '4e7dbf64-b7c9-488e-b77e-c3eff7addef8', '90'),
	('d7808f69-08c0-463b-b2c9-6fc20e2e2d30', '0ed610ac-bfcc-4e17-a0f8-216ffb41ef1e', 'bc673e9b-2df8-4be5-9167-62cf5063ef16', '90'),
	('d7808f69-08c0-463b-b2c9-6fc20e2e2d31', '0ed610ac-bfcc-4e17-a0f8-216ffb41ef1e', 'dfcae0a1-440b-4020-a927-18a1b4072cb2', '90');

-- Dumping structure for table d3ti_psdku.mbkm_penilaian_uts
CREATE TABLE IF NOT EXISTS `mbkm_penilaian_uts` (
  `id_penilaian_uts` varchar(50) CHARACTER SET utf8mb3 COLLATE utf8mb3_general_ci NOT NULL,
  `id_mbkm_fix` varchar(50) CHARACTER SET utf8mb3 COLLATE utf8mb3_general_ci NOT NULL,
  `id_pertanyaan_uts` varchar(50) CHARACTER SET utf8mb3 COLLATE utf8mb3_general_ci NOT NULL,
  `nilai` varchar(50) NOT NULL DEFAULT '0',
  `nilai_mitra_uts` varchar(50) NOT NULL DEFAULT '0',
  PRIMARY KEY (`id_penilaian_uts`) USING BTREE,
  KEY `FK__mbkm_fix` (`id_mbkm_fix`),
  KEY `FK__mbkm_pertanyaan_nilai` (`id_pertanyaan_uts`) USING BTREE,
  CONSTRAINT `FK__mbkm_fix` FOREIGN KEY (`id_mbkm_fix`) REFERENCES `mbkm_fix` (`id_mbkm_fix`) ON DELETE CASCADE ON UPDATE CASCADE,
  CONSTRAINT `FK_mbkm_penilaian_mbkm_pertanyaan_uts` FOREIGN KEY (`id_pertanyaan_uts`) REFERENCES `mbkm_pertanyaan_uts` (`id_pertanyaan_uts`) ON DELETE CASCADE ON UPDATE CASCADE
) ENGINE=InnoDB DEFAULT CHARSET=utf8mb3 COLLATE=utf8mb3_general_ci;

-- Dumping data for table d3ti_psdku.mbkm_penilaian_uts: ~16 rows (approximately)
INSERT INTO `mbkm_penilaian_uts` (`id_penilaian_uts`, `id_mbkm_fix`, `id_pertanyaan_uts`, `nilai`, `nilai_mitra_uts`) VALUES
	('00c49cfd-a631-4d45-a426-b63d28645bfc', '0ed610ac-bfcc-4e17-a0f8-216ffb41ef1e', '0953eae2-a40d-4a2d-94ee-9a3218c48884', '80', '0'),
	('00c49cfd-a631-4d45-a426-b63d28645bfd', '0ed610ac-bfcc-4e17-a0f8-216ffb41ef1e', '1ccc2833-eb9d-448f-8a2b-f30f64e3c6e8', '80', '0'),
	('00c49cfd-a631-4d45-a426-b63d28645bfe', '0ed610ac-bfcc-4e17-a0f8-216ffb41ef1e', '51c48685-ef92-48e7-b4a5-4dfc4227f397', '90', '0'),
	('00c49cfd-a631-4d45-a426-b63d28645bff', '0ed610ac-bfcc-4e17-a0f8-216ffb41ef1e', 'c5cb1f30-4650-4efe-a7c4-2aacfd47127d', '90', '0'),
	('1f699108-f21e-4b2d-8e0d-22b6ff0f3979', '0ed610ac-bfcc-4e17-a0f8-216ffb41ef1e', '4651081f-e9e7-4dcb-93e7-747758a81f3b', '90', '0'),
	('1f699108-f21e-4b2d-8e0d-22b6ff0f3980', '0ed610ac-bfcc-4e17-a0f8-216ffb41ef1e', '618d35bd-6611-4ad3-831e-7e0224205930', '90', '0'),
	('1f699108-f21e-4b2d-8e0d-22b6ff0f3981', '0ed610ac-bfcc-4e17-a0f8-216ffb41ef1e', '6909367a-ab73-467c-aa6c-ffb74ad03782', '90', '0'),
	('1f699108-f21e-4b2d-8e0d-22b6ff0f3982', '0ed610ac-bfcc-4e17-a0f8-216ffb41ef1e', '97ef45f3-da60-4ccb-ae51-f97c827c7e31', '90', '0'),
	('4c13587a-733f-4519-81ee-e5fdb924a558', 'b30261d6-b193-45ac-b7ba-435c140cabd7', '4651081f-e9e7-4dcb-93e7-747758a81f3b', '90', '0'),
	('4c13587a-733f-4519-81ee-e5fdb924a559', 'b30261d6-b193-45ac-b7ba-435c140cabd7', '618d35bd-6611-4ad3-831e-7e0224205930', '90', '0'),
	('4c13587a-733f-4519-81ee-e5fdb924a560', 'b30261d6-b193-45ac-b7ba-435c140cabd7', '6909367a-ab73-467c-aa6c-ffb74ad03782', '80', '0'),
	('4c13587a-733f-4519-81ee-e5fdb924a561', 'b30261d6-b193-45ac-b7ba-435c140cabd7', '97ef45f3-da60-4ccb-ae51-f97c827c7e31', '90', '0'),
	('8baaf141-737b-4ca3-bd93-82dc269789b4', 'b30261d6-b193-45ac-b7ba-435c140cabd7', '0953eae2-a40d-4a2d-94ee-9a3218c48884', '90', '0'),
	('8baaf141-737b-4ca3-bd93-82dc269789b5', 'b30261d6-b193-45ac-b7ba-435c140cabd7', '1ccc2833-eb9d-448f-8a2b-f30f64e3c6e8', '80', '0'),
	('8baaf141-737b-4ca3-bd93-82dc269789b6', 'b30261d6-b193-45ac-b7ba-435c140cabd7', '51c48685-ef92-48e7-b4a5-4dfc4227f397', '92', '0'),
	('8baaf141-737b-4ca3-bd93-82dc269789b7', 'b30261d6-b193-45ac-b7ba-435c140cabd7', 'c5cb1f30-4650-4efe-a7c4-2aacfd47127d', '80', '0');

-- Dumping structure for table d3ti_psdku.mbkm_pertanyaan_uas
CREATE TABLE IF NOT EXISTS `mbkm_pertanyaan_uas` (
  `id_pertanyaan_uas` varchar(50) CHARACTER SET utf8mb3 COLLATE utf8mb3_general_ci NOT NULL,
  `nama_mata_kuliah` varchar(255) CHARACTER SET utf8mb3 COLLATE utf8mb3_general_ci DEFAULT NULL,
  `pertanyaan` varchar(255) NOT NULL,
  `jenis_penilai` enum('dosen','mitra') CHARACTER SET utf8mb3 COLLATE utf8mb3_general_ci NOT NULL,
  `created_at` varchar(50) CHARACTER SET utf8mb3 COLLATE utf8mb3_general_ci NOT NULL,
  `updated_at` varchar(50) NOT NULL,
  PRIMARY KEY (`id_pertanyaan_uas`)
) ENGINE=InnoDB DEFAULT CHARSET=utf8mb3 COLLATE=utf8mb3_general_ci;

-- Dumping data for table d3ti_psdku.mbkm_pertanyaan_uas: ~8 rows (approximately)
INSERT INTO `mbkm_pertanyaan_uas` (`id_pertanyaan_uas`, `nama_mata_kuliah`, `pertanyaan`, `jenis_penilai`, `created_at`, `updated_at`) VALUES
	('083c27cb-a287-4329-b1b3-d7c4c76c14d6', 'Praktik Pemrograman Back End', 'Kemampuan Akhir Pengembangan Back End ', 'dosen', '', ''),
	('1a1398e5-ab75-4aa6-87e0-d8ad75439aac', 'Praktik Pemrograman Front End', 'Kemampuan Akhir Pengembangan Front End', 'dosen', '', ''),
	('3c71e561-753b-43cd-a575-a1e5a1815ce8', '', 'Kemampuan akhir dalam bekerjasama dengan tim', 'mitra', '', ''),
	('4e7dbf64-b7c9-488e-b77e-c3eff7addef8', 'Praktik Pemrograman Front End', 'Kemampuan Akhir Pengembangan Front End', 'mitra', '', ''),
	('67054dd5-8e40-45ef-9c72-0776a77ee8f8', 'Analisis Perancangan SI', 'Perancangan akhir sistem pada project', 'dosen', '', ''),
	('bc673e9b-2df8-4be5-9167-62cf5063ef16', '', 'Tingkat Kepuasan mitra terhadap hasil project magang', 'mitra', '', ''),
	('c6769b1d-4f74-4692-af4d-15d5072dacc2', 'Praktik Pengujian Aplikasi', 'Pengujian akhir aplikasi', 'dosen', '', ''),
	('dfcae0a1-440b-4020-a927-18a1b4072cb2', 'Praktik Pemrograman Back End', 'Kemampuan Akhir Pengembangan Back End', 'mitra', '', '');

-- Dumping structure for table d3ti_psdku.mbkm_pertanyaan_uts
CREATE TABLE IF NOT EXISTS `mbkm_pertanyaan_uts` (
  `id_pertanyaan_uts` varchar(50) CHARACTER SET utf8mb3 COLLATE utf8mb3_general_ci NOT NULL,
  `nama_mata_kuliah` varchar(255) CHARACTER SET utf8mb3 COLLATE utf8mb3_general_ci DEFAULT NULL,
  `jenis_penilai` enum('dosen','mitra') CHARACTER SET utf8mb3 COLLATE utf8mb3_general_ci NOT NULL,
  `pertanyaan` varchar(50) CHARACTER SET utf8mb3 COLLATE utf8mb3_general_ci NOT NULL,
  `created_at` varchar(255) NOT NULL,
  `updated_at` varchar(255) NOT NULL,
  PRIMARY KEY (`id_pertanyaan_uts`) USING BTREE
) ENGINE=InnoDB DEFAULT CHARSET=utf8mb3 COLLATE=utf8mb3_general_ci;

-- Dumping data for table d3ti_psdku.mbkm_pertanyaan_uts: ~8 rows (approximately)
INSERT INTO `mbkm_pertanyaan_uts` (`id_pertanyaan_uts`, `nama_mata_kuliah`, `jenis_penilai`, `pertanyaan`, `created_at`, `updated_at`) VALUES
	('0953eae2-a40d-4a2d-94ee-9a3218c48884', 'Praktik Pemrograman Back End', 'mitra', 'Kemampuan Pengembangan Back End', '1686808905555', ''),
	('1ccc2833-eb9d-448f-8a2b-f30f64e3c6e8', 'Praktik Pemrograman Front End', 'mitra', 'Kemampuan Pengembangan Front End', '1686808931544', ''),
	('4651081f-e9e7-4dcb-93e7-747758a81f3b', 'Praktik Pemrograman Back End', 'dosen', 'Skill Pemograman BackEnd    ', '1684843289141', ''),
	('51c48685-ef92-48e7-b4a5-4dfc4227f397', '', 'mitra', 'Kemampuan dalam bekerjasama dengan tim', '1686810576904', ''),
	('618d35bd-6611-4ad3-831e-7e0224205930', 'Praktik Pemrograman Front End', 'dosen', 'Skill Pemograman FrontEnd ', '1684895381330', ''),
	('6909367a-ab73-467c-aa6c-ffb74ad03782', 'Analisis Perancangan SI', 'dosen', 'Perancangan sistem pada project', '1684895401827', ''),
	('97ef45f3-da60-4ccb-ae51-f97c827c7e31', 'Praktik Pengujian Aplikasi', 'dosen', 'Pengujian aplikasi', '1685811180290', ''),
	('c5cb1f30-4650-4efe-a7c4-2aacfd47127d', '', 'mitra', 'Tingkat tanggung jawab, disiplin dan etika kerja', '1686810538560', '');

-- Dumping structure for table d3ti_psdku.mbkm_prodi
CREATE TABLE IF NOT EXISTS `mbkm_prodi` (
  `id_mprodi` varchar(50) CHARACTER SET utf8mb3 COLLATE utf8mb3_general_ci NOT NULL,
  `id_mhs` varchar(50) CHARACTER SET utf8mb3 COLLATE utf8mb3_general_ci NOT NULL,
  `id_staf` varchar(50) CHARACTER SET utf8mb3 COLLATE utf8mb3_general_ci NOT NULL,
  `jenis_mbkm` enum('prodi') CHARACTER SET utf8mb3 COLLATE utf8mb3_general_ci NOT NULL DEFAULT 'prodi',
  `nama_instansi` varchar(255) NOT NULL,
  `surat_rekom` varchar(255) CHARACTER SET utf8mb3 COLLATE utf8mb3_general_ci DEFAULT NULL,
  `status_dosen` enum('pending','tidak disetujui','disetujui') CHARACTER SET utf8mb3 COLLATE utf8mb3_general_ci DEFAULT 'pending',
  `status_mahasiswa` enum('pending','proses seleksi','lolos','tidak lolos','diambil','tidak diambil') DEFAULT 'pending',
  `created_at` varchar(50) NOT NULL,
  `updated_at` varchar(50) NOT NULL,
  PRIMARY KEY (`id_mprodi`),
  KEY `FK_mbkm_prodi_mahasiswa` (`id_mhs`),
  KEY `FK_mbkm_prodi_staf` (`id_staf`),
  CONSTRAINT `FK_mbkm_prodi_mahasiswa` FOREIGN KEY (`id_mhs`) REFERENCES `mahasiswa` (`id_mhs`) ON DELETE CASCADE ON UPDATE CASCADE,
  CONSTRAINT `FK_mbkm_prodi_staf` FOREIGN KEY (`id_staf`) REFERENCES `staf` (`id_staf`) ON DELETE CASCADE ON UPDATE CASCADE
) ENGINE=InnoDB DEFAULT CHARSET=utf8mb3 COLLATE=utf8mb3_general_ci;

-- Dumping data for table d3ti_psdku.mbkm_prodi: ~6 rows (approximately)
INSERT INTO `mbkm_prodi` (`id_mprodi`, `id_mhs`, `id_staf`, `jenis_mbkm`, `nama_instansi`, `surat_rekom`, `status_dosen`, `status_mahasiswa`, `created_at`, `updated_at`) VALUES
	('1bea39cc-8400-4235-a4c1-dc4c2460197a', '7c568b1b-cd4a-4cdc-97e2-ea44ff70dd36', '4018b49a-d2d6-43d9-a6b8-975ff5973846', 'prodi', 'Dinas Perpustakaan Kabupaten Madiun', '1687097858_a75ce096e17f52377d73.pdf', 'disetujui', 'tidak diambil', '1686931460297', ''),
	('23c7ad56-188c-4b55-90e8-f3c08e3562fa', '3f96e762-8243-4fe6-8edf-c6414fcee6b0', '06dc2517-ec02-437b-a355-bb36097e62ed', 'prodi', 'CV Sukses Jaya', '1687097871_82caba322dd19eef0311.pdf', 'disetujui', 'pending', '1686917056021', ''),
	('7f9b10ec-1d4e-4c5e-93b7-ad6090ee6e47', 'cedaa660-9def-4c2c-947e-6a1c687ee877', '4018b49a-d2d6-43d9-a6b8-975ff5973846', 'prodi', 'PT Alfahuma', NULL, 'pending', 'tidak diambil', '1686917833309', ''),
	('99445b27-8218-48c3-a975-48851353de8c', '84b69020-4e43-4fef-9329-a4990029f737', '4018b49a-d2d6-43d9-a6b8-975ff5973846', 'prodi', 'CV Anugerah', NULL, 'pending', 'pending', '1687433453660', ''),
	('e1aa4066-8620-4999-9c81-eb7a8d44402b', '2dd4d2df-9c45-48d2-9f1e-e99a5a57a4f6', '06dc2517-ec02-437b-a355-bb36097e62ed', 'prodi', 'Dinas Pariwisata Kabupaten Madiun', NULL, 'disetujui', 'pending', '1686918028315', '');

-- Dumping structure for table d3ti_psdku.mbkm_total_uas
CREATE TABLE IF NOT EXISTS `mbkm_total_uas` (
  `id_total_uas` varchar(50) CHARACTER SET utf8mb3 COLLATE utf8mb3_general_ci NOT NULL,
  `id_mbkm_fix` varchar(50) CHARACTER SET utf8mb3 COLLATE utf8mb3_general_ci NOT NULL,
  `nilai_dosen_uas` varchar(50) CHARACTER SET utf8mb3 COLLATE utf8mb3_general_ci NOT NULL DEFAULT '0',
  `nilai_mitra_uas` varchar(50) CHARACTER SET utf8mb3 COLLATE utf8mb3_general_ci NOT NULL DEFAULT '0',
  `nilai_final_uas` varchar(50) CHARACTER SET utf8mb3 COLLATE utf8mb3_general_ci NOT NULL DEFAULT '0',
  PRIMARY KEY (`id_total_uas`),
  KEY `FK_mbkm_total_uas_mbkm_fix` (`id_mbkm_fix`),
  CONSTRAINT `FK_mbkm_total_uas_mbkm_fix` FOREIGN KEY (`id_mbkm_fix`) REFERENCES `mbkm_fix` (`id_mbkm_fix`) ON DELETE CASCADE ON UPDATE CASCADE
) ENGINE=InnoDB DEFAULT CHARSET=utf8mb3 COLLATE=utf8mb3_general_ci;

-- Dumping data for table d3ti_psdku.mbkm_total_uas: ~2 rows (approximately)
INSERT INTO `mbkm_total_uas` (`id_total_uas`, `id_mbkm_fix`, `nilai_dosen_uas`, `nilai_mitra_uas`, `nilai_final_uas`) VALUES
	('b2f3b850-d0c0-4203-a230-2461735d2a2f', 'b30261d6-b193-45ac-b7ba-435c140cabd7', '34.8', '55.5', '90.3'),
	('fb771762-5762-4c8a-ba4d-4017c28e2e91', '0ed610ac-bfcc-4e17-a0f8-216ffb41ef1e', '37', '55.5', '92.5');

-- Dumping structure for table d3ti_psdku.mbkm_total_uts
CREATE TABLE IF NOT EXISTS `mbkm_total_uts` (
  `id_total_uts` varchar(50) CHARACTER SET utf8mb3 COLLATE utf8mb3_general_ci NOT NULL,
  `id_mbkm_fix` varchar(50) CHARACTER SET utf8mb3 COLLATE utf8mb3_general_ci NOT NULL,
  `nilai_dosen_uts` varchar(50) NOT NULL DEFAULT '0',
  `nilai_mitra_uts` varchar(50) NOT NULL DEFAULT '0',
  `nilai_final_uts` varchar(50) NOT NULL DEFAULT '0',
  PRIMARY KEY (`id_total_uts`) USING BTREE,
  KEY `FK_mbkm_total_uts_mbkm_penilaian_uts` (`id_mbkm_fix`) USING BTREE,
  CONSTRAINT `FK_mbkm_total_uts_mbkm_fix` FOREIGN KEY (`id_mbkm_fix`) REFERENCES `mbkm_fix` (`id_mbkm_fix`) ON DELETE CASCADE ON UPDATE CASCADE
) ENGINE=InnoDB DEFAULT CHARSET=utf8mb3 COLLATE=utf8mb3_general_ci;

-- Dumping data for table d3ti_psdku.mbkm_total_uts: ~2 rows (approximately)
INSERT INTO `mbkm_total_uts` (`id_total_uts`, `id_mbkm_fix`, `nilai_dosen_uts`, `nilai_mitra_uts`, `nilai_final_uts`) VALUES
	('10710601-7a3b-4a9d-a528-6b76b3413f09', 'b30261d6-b193-45ac-b7ba-435c140cabd7', '35', '51.3', '86.3'),
	('b722ae0e-b8f3-4fd7-b38c-7ffbdf492fc5', '0ed610ac-bfcc-4e17-a0f8-216ffb41ef1e', '36', '51', '87');

-- Dumping structure for table d3ti_psdku.migrations
CREATE TABLE IF NOT EXISTS `migrations` (
  `id` bigint unsigned NOT NULL AUTO_INCREMENT,
  `version` varchar(255) CHARACTER SET utf8mb3 COLLATE utf8mb3_general_ci NOT NULL,
  `class` varchar(255) CHARACTER SET utf8mb3 COLLATE utf8mb3_general_ci NOT NULL,
  `group` varchar(255) CHARACTER SET utf8mb3 COLLATE utf8mb3_general_ci NOT NULL,
  `namespace` varchar(255) CHARACTER SET utf8mb3 COLLATE utf8mb3_general_ci NOT NULL,
  `time` int NOT NULL,
  `batch` int unsigned NOT NULL,
  PRIMARY KEY (`id`) USING BTREE
) ENGINE=InnoDB AUTO_INCREMENT=2 DEFAULT CHARSET=utf8mb3;

-- Dumping data for table d3ti_psdku.migrations: ~0 rows (approximately)
INSERT INTO `migrations` (`id`, `version`, `class`, `group`, `namespace`, `time`, `batch`) VALUES
	(1, '2017-11-20-223112', 'Myth\\Auth\\Database\\Migrations\\CreateAuthTables', 'default', 'Myth\\Auth', 1678027924, 1);

-- Dumping structure for table d3ti_psdku.mitra
CREATE TABLE IF NOT EXISTS `mitra` (
  `id_mitra` varchar(50) CHARACTER SET utf8mb3 COLLATE utf8mb3_general_ci NOT NULL,
  `id_user` int unsigned NOT NULL,
  `nama_instansi` varchar(255) CHARACTER SET utf8mb3 COLLATE utf8mb3_general_ci NOT NULL,
  `nama_pimpinan` varchar(255) CHARACTER SET utf8mb3 COLLATE utf8mb3_general_ci NOT NULL,
  `nama_mentor` varchar(255) CHARACTER SET utf8mb3 COLLATE utf8mb3_general_ci NOT NULL,
  `alamat` varchar(255) CHARACTER SET utf8mb3 COLLATE utf8mb3_general_ci NOT NULL,
  `no_telp` varchar(255) CHARACTER SET utf8mb3 COLLATE utf8mb3_general_ci NOT NULL,
  `created_at` varchar(50) DEFAULT NULL,
  `updated_at` varchar(50) DEFAULT NULL,
  PRIMARY KEY (`id_mitra`),
  KEY `mitra_FK` (`id_user`),
  CONSTRAINT `mitra_FK` FOREIGN KEY (`id_user`) REFERENCES `users` (`id`) ON DELETE CASCADE ON UPDATE CASCADE
) ENGINE=InnoDB DEFAULT CHARSET=utf8mb3;

-- Dumping data for table d3ti_psdku.mitra: ~5 rows (approximately)
INSERT INTO `mitra` (`id_mitra`, `id_user`, `nama_instansi`, `nama_pimpinan`, `nama_mentor`, `alamat`, `no_telp`, `created_at`, `updated_at`) VALUES
	('1f5731e8-2051-4330-a724-23b741d5453f', 100, 'Dinas Perpustakaan dan Kearsipan Kabupaten Madiun', 'Eko Yunianto', 'Habib A', 'Madiun', '09824061864', '1684543381973', '1684543475006'),
	('631121dd-18dd-42d9-87b7-df281eaad5b1', 99, 'CV. Sukses Jaya Sentosa', 'Jaya Sentosa', 'Filda Azhar', 'Madiun', '0812847583934', '1684534489584', '1684543235692'),
	('8d3a4b0c-0ea9-4733-99fe-ff959e2b0c48', 108, 'Dinas Pariwisata Pemuda dan Olahraga', 'Anang Sulistijono, S.Sos., M.Si.', 'Mokh. Hamzah Nugrohanto, SE', 'Madiun', '03513890983', '1684744065401', '1684744065401'),
	('dfcb7a12-68c0-4dc3-9379-8ac38a84e50d', 110, 'PT Pilihanmu Indonesia Jaya', 'Jaka', 'Azvya', 'Jakarta Timur', '08180672823', '1684754926531', '1684754926531');

-- Dumping structure for table d3ti_psdku.mitra_detail
CREATE TABLE IF NOT EXISTS `mitra_detail` (
  `id_mitra_detail` varchar(50) NOT NULL,
  `id_mitra` varchar(50) NOT NULL,
  `jenis` varchar(100) CHARACTER SET utf8mb3 COLLATE utf8mb3_general_ci NOT NULL,
  PRIMARY KEY (`id_mitra_detail`),
  KEY `mitra_detail_FK` (`id_mitra`),
  CONSTRAINT `mitra_detail_FK` FOREIGN KEY (`id_mitra`) REFERENCES `mitra` (`id_mitra`) ON DELETE CASCADE ON UPDATE CASCADE
) ENGINE=InnoDB DEFAULT CHARSET=utf8mb3;

-- Dumping data for table d3ti_psdku.mitra_detail: ~7 rows (approximately)
INSERT INTO `mitra_detail` (`id_mitra_detail`, `id_mitra`, `jenis`) VALUES
	('653c79e2-fa75-4edc-8531-e980b954fa49', '1f5731e8-2051-4330-a724-23b741d5453f', 'MBKM'),
	('9114d2b8-7c50-4b47-a5d2-9466a3e8a64a', '8d3a4b0c-0ea9-4733-99fe-ff959e2b0c48', 'KMM'),
	('9114d2b8-7c50-4b47-a5d2-9466a3e8a64b', '8d3a4b0c-0ea9-4733-99fe-ff959e2b0c48', 'MBKM'),
	('96b84b62-5b22-422f-958f-ae5ccf28aca4', '631121dd-18dd-42d9-87b7-df281eaad5b1', 'KMM'),
	('9aa6bae4-f2bb-4cad-a539-67690541a068', '1f5731e8-2051-4330-a724-23b741d5453f', 'KMM'),
	('a0efeb36-8a23-4f88-bf4d-dd541dbf1017', 'dfcb7a12-68c0-4dc3-9379-8ac38a84e50d', 'MBKM');

-- Dumping structure for table d3ti_psdku.pbl
CREATE TABLE IF NOT EXISTS `pbl` (
  `id_pbl` int DEFAULT NULL
) ENGINE=InnoDB DEFAULT CHARSET=utf8mb3 COLLATE=utf8mb3_general_ci;

-- Dumping data for table d3ti_psdku.pbl: ~0 rows (approximately)

-- Dumping structure for table d3ti_psdku.simkmm_berkas
CREATE TABLE IF NOT EXISTS `simkmm_berkas` (
  `id_berkas` varchar(50) NOT NULL,
  `berkas` varchar(255) NOT NULL,
  `ket_berkas` varchar(255) NOT NULL,
  `created_at` varchar(50) DEFAULT NULL,
  `updated_at` varchar(50) DEFAULT NULL,
  PRIMARY KEY (`id_berkas`)
) ENGINE=InnoDB DEFAULT CHARSET=utf8mb3;

-- Dumping data for table d3ti_psdku.simkmm_berkas: ~2 rows (approximately)
INSERT INTO `simkmm_berkas` (`id_berkas`, `berkas`, `ket_berkas`, `created_at`, `updated_at`) VALUES
	('2015fd6b-2306-402d-befb-0728c835addc', '1684104760_13b742f9840f1edada29.pdf', 'Template Laporan Akhir KMM', '1684104760517', '1684104760517'),
	('22f87bbb-b297-4269-96a1-30928503a765', '1684024139_a179a9c0c0e2a91fae1d.pdf', 'Template Proposal KMM', '1684023950007', '1684024139774'),
	('b4eff647-afdb-42a5-b2bd-b652915415f4', '1687535767_c01a0d614c1b3fb0e82e.pdf', 'Daftar Pembagian Dosen Pembimbing KMM', '1687535713090', '1687535767940'),
	('c77282b3-2a6d-4c4d-9a29-b9130ccb0f35', '1684104809_534e960f0ddcae0c1d41.pdf', 'Template Logbook KMM', '1684104809027', '1684104809027');

-- Dumping structure for table d3ti_psdku.simkmm_bobot
CREATE TABLE IF NOT EXISTS `simkmm_bobot` (
  `id_bobot` int unsigned NOT NULL AUTO_INCREMENT,
  `bobot_dosen` varchar(100) NOT NULL,
  `bobot_mitra` varchar(100) NOT NULL,
  PRIMARY KEY (`id_bobot`)
) ENGINE=InnoDB AUTO_INCREMENT=2 DEFAULT CHARSET=utf8mb3;

-- Dumping data for table d3ti_psdku.simkmm_bobot: ~0 rows (approximately)
INSERT INTO `simkmm_bobot` (`id_bobot`, `bobot_dosen`, `bobot_mitra`) VALUES
	(1, '40', '60');

-- Dumping structure for table d3ti_psdku.simkmm_kmm
CREATE TABLE IF NOT EXISTS `simkmm_kmm` (
  `id_kmm` varchar(50) NOT NULL,
  `id_mhs` varchar(50) NOT NULL,
  `id_staf` varchar(50) CHARACTER SET utf8mb3 COLLATE utf8mb3_general_ci NOT NULL,
  `id_mitra` varchar(50) NOT NULL,
  `proposal` varchar(255) DEFAULT NULL,
  `surat_pengantar` varchar(255) DEFAULT NULL,
  `tgl_mulai` date DEFAULT NULL,
  `tgl_selesai` date DEFAULT NULL,
  `loa` varchar(255) DEFAULT NULL,
  `bukti_gagal` varchar(255) DEFAULT NULL,
  `status_lolos` enum('pending','lolos','tidak lolos') CHARACTER SET utf8mb3 COLLATE utf8mb3_general_ci DEFAULT 'pending',
  `logbook` varchar(255) CHARACTER SET utf8mb3 COLLATE utf8mb3_general_ci DEFAULT NULL,
  `laporan_akhir` varchar(255) DEFAULT NULL,
  `status_laporan` enum('pending','disetujui','revisi') CHARACTER SET utf8mb3 COLLATE utf8mb3_general_ci DEFAULT 'pending',
  `catatan_lap_akhir` varchar(255) CHARACTER SET utf8mb3 COLLATE utf8mb3_general_ci DEFAULT NULL,
  `judul_kmm` text CHARACTER SET utf8mb3 COLLATE utf8mb3_general_ci,
  `tgl_seminar` date DEFAULT NULL,
  `created_at` varchar(50) DEFAULT NULL,
  `updated_at` varchar(50) DEFAULT NULL,
  PRIMARY KEY (`id_kmm`),
  KEY `simkmm_kmm_FK` (`id_mhs`),
  KEY `simkmm_kmm_FK_1` (`id_mitra`),
  KEY `simkmm_kmm_FK_2` (`id_staf`),
  CONSTRAINT `simkmm_kmm_FK` FOREIGN KEY (`id_mhs`) REFERENCES `mahasiswa` (`id_mhs`) ON DELETE CASCADE ON UPDATE CASCADE,
  CONSTRAINT `simkmm_kmm_FK_1` FOREIGN KEY (`id_mitra`) REFERENCES `mitra` (`id_mitra`) ON DELETE CASCADE ON UPDATE CASCADE,
  CONSTRAINT `simkmm_kmm_FK_2` FOREIGN KEY (`id_staf`) REFERENCES `staf` (`id_staf`) ON DELETE CASCADE ON UPDATE CASCADE
) ENGINE=InnoDB DEFAULT CHARSET=utf8mb3;

-- Dumping data for table d3ti_psdku.simkmm_kmm: ~5 rows (approximately)
INSERT INTO `simkmm_kmm` (`id_kmm`, `id_mhs`, `id_staf`, `id_mitra`, `proposal`, `surat_pengantar`, `tgl_mulai`, `tgl_selesai`, `loa`, `bukti_gagal`, `status_lolos`, `logbook`, `laporan_akhir`, `status_laporan`, `catatan_lap_akhir`, `judul_kmm`, `tgl_seminar`, `created_at`, `updated_at`) VALUES
	('6b7a1e5e-22ab-437a-a429-37d13fb63e1e', '1c933cc0-43fa-47e5-94ce-f5c17563efea', '4018b49a-d2d6-43d9-a6b8-975ff5973846', '631121dd-18dd-42d9-87b7-df281eaad5b1', '1687870778_2a02e088d0edf66bb9aa.pdf', '1687870778_867b9337e6770f97a4b2.pdf', '2023-02-10', '2023-03-10', '1687870822_a034b6fdc0689c377801.pdf', NULL, 'lolos', '1687871123_3a9299382b872d78edab.pdf', '1687870939_d14852a3dc5bfabfbeac.pdf', 'disetujui', 'Tidak Ada Catatan', 'kmm', '2023-01-30', '1687870778098', '1687871172416'),
	('bf03fca2-4b74-41e1-a385-f0fdc02879bc', '1e335eef-1934-4db3-89de-08ebf53ba95d', 'a824dac5-f9e3-4d88-b45c-12db0abde21f', '631121dd-18dd-42d9-87b7-df281eaad5b1', '1687276966_35293caf035209933217.pdf', '1687276966_918501cee7a274600728.pdf', '2023-03-20', '2023-04-20', '1687276984_86ea1c632a22c1700d35.pdf', NULL, 'lolos', '1687277047_e7093b8c51fdbc57842c.pdf', '1687277007_0115057b23bd36ba4a69.pdf', 'disetujui', 'Tidak Ada Catatan', 'Kegiatan Magang Mahasiswa (KMM) Pembuatan Sistem Informasi Manajemen Magang Mahasiswa di Sekolah Vokasi Universitas Sebelas Maret Kampus Madiun', '2023-04-25', '1687276966461', '1687277066088'),
	('c67e85a1-8b4b-449a-bc3a-6b1bec9fa795', '3f96e762-8243-4fe6-8edf-c6414fcee6b0', '4018b49a-d2d6-43d9-a6b8-975ff5973846', '631121dd-18dd-42d9-87b7-df281eaad5b1', '1688367188_83d154b818c2ce1d843e.pdf', '1688367188_84cbb83d277437912b4e.pdf', '2023-02-03', '2023-03-03', NULL, NULL, 'pending', NULL, NULL, 'pending', NULL, NULL, NULL, '1688367188456', '1688367188456'),
	('d3d03cce-d43a-42a3-8b97-7cd4735a17b3', 'cedaa660-9def-4c2c-947e-6a1c687ee877', '4018b49a-d2d6-43d9-a6b8-975ff5973846', '631121dd-18dd-42d9-87b7-df281eaad5b1', '1687560905_551072a2ca7c7f01b4e9.pdf', '1687560905_3321634b68af27075e2a.pdf', '2023-03-10', '2023-04-11', NULL, '1687564352_fe7c5d3ce2a0b6eaab9b.pdf', 'tidak lolos', NULL, NULL, 'pending', NULL, NULL, NULL, '1687560905859', '1687563580100'),
	('e123ab54-1107-40f5-b163-3e0f5e952127', '1c933cc0-43fa-47e5-94ce-f5c17563efea', '4018b49a-d2d6-43d9-a6b8-975ff5973846', '631121dd-18dd-42d9-87b7-df281eaad5b1', '1687839674_7a3695969c266de5d62f.pdf', '1687839674_b5d67e82595cfea39536.pdf', '2023-02-10', '2023-03-10', NULL, '1687846069_e57a10c5399a05af2622.pdf', 'tidak lolos', NULL, NULL, 'pending', NULL, NULL, NULL, '1687839674096', '1687839674096');

-- Dumping structure for table d3ti_psdku.simkmm_pengajuan_proposal
CREATE TABLE IF NOT EXISTS `simkmm_pengajuan_proposal` (
  `id_proposal` varchar(50) CHARACTER SET utf8mb3 COLLATE utf8mb3_general_ci NOT NULL,
  `id_mhs` varchar(50) CHARACTER SET utf8mb3 COLLATE utf8mb3_general_ci NOT NULL,
  `id_staf` varchar(50) CHARACTER SET utf8mb3 COLLATE utf8mb3_general_ci NOT NULL,
  `id_mitra` varchar(50) CHARACTER SET utf8mb3 COLLATE utf8mb3_general_ci NOT NULL,
  `proposal_awal` varchar(255) CHARACTER SET utf8mb3 COLLATE utf8mb3_general_ci DEFAULT NULL,
  `status_proposal` enum('disetujui','pending','revisi','tidak disetujui') CHARACTER SET utf8mb3 COLLATE utf8mb3_general_ci DEFAULT 'pending',
  `catatan` varchar(255) CHARACTER SET utf8mb3 COLLATE utf8mb3_general_ci DEFAULT NULL,
  `created_at` varchar(50) DEFAULT NULL,
  `updated_at` varchar(50) DEFAULT NULL,
  PRIMARY KEY (`id_proposal`),
  KEY `simkmm_pengajuan_proposal_FK_1` (`id_staf`),
  KEY `simkmm_pengajuan_proposal_FK` (`id_mhs`),
  KEY `simkmm_pengajuan_proposal_FK_2` (`id_mitra`),
  CONSTRAINT `simkmm_pengajuan_proposal_FK` FOREIGN KEY (`id_mhs`) REFERENCES `mahasiswa` (`id_mhs`) ON DELETE CASCADE ON UPDATE CASCADE,
  CONSTRAINT `simkmm_pengajuan_proposal_FK_1` FOREIGN KEY (`id_staf`) REFERENCES `staf` (`id_staf`) ON DELETE CASCADE ON UPDATE CASCADE,
  CONSTRAINT `simkmm_pengajuan_proposal_FK_2` FOREIGN KEY (`id_mitra`) REFERENCES `mitra` (`id_mitra`) ON DELETE CASCADE ON UPDATE CASCADE
) ENGINE=InnoDB DEFAULT CHARSET=utf8mb3;

-- Dumping data for table d3ti_psdku.simkmm_pengajuan_proposal: ~5 rows (approximately)
INSERT INTO `simkmm_pengajuan_proposal` (`id_proposal`, `id_mhs`, `id_staf`, `id_mitra`, `proposal_awal`, `status_proposal`, `catatan`, `created_at`, `updated_at`) VALUES
	('0f26e47e-ea07-4720-a50b-9865b1c51aae', '1c933cc0-43fa-47e5-94ce-f5c17563efea', '4018b49a-d2d6-43d9-a6b8-975ff5973846', '631121dd-18dd-42d9-87b7-df281eaad5b1', '1688087607_35646bd5c96816c3ee18.pdf', 'pending', NULL, '1688087607603', '1688087607603'),
	('116a2a73-920e-46d1-9ab5-cc9470533cba', '3f96e762-8243-4fe6-8edf-c6414fcee6b0', '4018b49a-d2d6-43d9-a6b8-975ff5973846', '631121dd-18dd-42d9-87b7-df281eaad5b1', '1687840089_6b0fd6175828ca804b5b.pdf', 'disetujui', 'Tidak Ada Catatan', '1687840089370', '1687840089370'),
	('1dbf3d76-789d-4df1-8a8d-ee2cb715039d', 'cedaa660-9def-4c2c-947e-6a1c687ee877', '4018b49a-d2d6-43d9-a6b8-975ff5973846', '631121dd-18dd-42d9-87b7-df281eaad5b1', '1687313184_4b57528ff688da113912.pdf', 'tidak disetujui', 'Mitra tidak sesuai. Silahkan ajukan kembali proposal KMM yang baru', '1687313184286', '1687313184286'),
	('32ed6ffb-cf9f-439b-b814-6b178bb5fa25', 'cedaa660-9def-4c2c-947e-6a1c687ee877', '4018b49a-d2d6-43d9-a6b8-975ff5973846', '8d3a4b0c-0ea9-4733-99fe-ff959e2b0c48', '1687313253_98a261e48626f82a9ffc.pdf', 'disetujui', 'Tidak Ada Catatan', '1687313253797', '1687313253797'),
	('8c99acf7-ef30-40f8-b3eb-3106a9844112', '1e335eef-1934-4db3-89de-08ebf53ba95d', 'a824dac5-f9e3-4d88-b45c-12db0abde21f', '631121dd-18dd-42d9-87b7-df281eaad5b1', '1687276904_f6463f86a876decdb617.pdf', 'disetujui', 'Tidak Ada Catatan', '1687276904332', '1687276904332');

-- Dumping structure for table d3ti_psdku.simkmm_penilaian
CREATE TABLE IF NOT EXISTS `simkmm_penilaian` (
  `id_penilaian` varchar(50) NOT NULL,
  `id_kmm` varchar(50) NOT NULL,
  `id_pertanyaan` varchar(50) NOT NULL,
  `nilai` varchar(50) DEFAULT NULL,
  PRIMARY KEY (`id_penilaian`),
  KEY `simkmm_penilaian_FK` (`id_kmm`),
  KEY `simkmm_penilaian_FK_1` (`id_pertanyaan`),
  CONSTRAINT `simkmm_penilaian_FK` FOREIGN KEY (`id_kmm`) REFERENCES `simkmm_kmm` (`id_kmm`) ON DELETE CASCADE ON UPDATE CASCADE,
  CONSTRAINT `simkmm_penilaian_FK_1` FOREIGN KEY (`id_pertanyaan`) REFERENCES `simkmm_pertanyaan_nilai` (`id_pertanyaan`) ON DELETE CASCADE ON UPDATE CASCADE
) ENGINE=InnoDB DEFAULT CHARSET=utf8mb3;

-- Dumping data for table d3ti_psdku.simkmm_penilaian: ~0 rows (approximately)

-- Dumping structure for table d3ti_psdku.simkmm_pertanyaan_nilai
CREATE TABLE IF NOT EXISTS `simkmm_pertanyaan_nilai` (
  `id_pertanyaan` varchar(50) CHARACTER SET utf8mb3 COLLATE utf8mb3_general_ci NOT NULL,
  `pertanyaan` varchar(500) CHARACTER SET utf8mb3 COLLATE utf8mb3_general_ci DEFAULT NULL,
  `jenis_pertanyaan` enum('dosen','mitra') CHARACTER SET utf8mb3 COLLATE utf8mb3_general_ci DEFAULT NULL,
  `nilai_maks` varchar(50) CHARACTER SET utf8mb3 COLLATE utf8mb3_general_ci DEFAULT NULL,
  `created_at` varchar(50) DEFAULT NULL,
  `updated_at` varchar(50) DEFAULT NULL,
  PRIMARY KEY (`id_pertanyaan`)
) ENGINE=InnoDB DEFAULT CHARSET=utf8mb3;

-- Dumping data for table d3ti_psdku.simkmm_pertanyaan_nilai: ~15 rows (approximately)
INSERT INTO `simkmm_pertanyaan_nilai` (`id_pertanyaan`, `pertanyaan`, `jenis_pertanyaan`, `nilai_maks`, `created_at`, `updated_at`) VALUES
	('018f2cca-d492-4d86-87f8-7e47900e92b7', 'Kemampuan adaptasi/kemampuan mengkomunikasikan gagasan', 'mitra', '100', '1685311545898', '1686523277140'),
	('04dd3b97-1f7a-4c36-9255-be4605ee2111', 'Keluasan dan kedalaman materi', 'dosen', '10', '1685490472678', '1686523393212'),
	('0b2db387-2c55-4898-b02f-ff6e9cbb26a3', 'Kedisiplinan', 'mitra', '100', '1683902956334', '1686523297040'),
	('13873035-4a46-48ab-a1cb-5ea9afb859a8', 'Kerjasama tim/kerja dalam kelompok', 'mitra', '100', '1683902985554', '1686523312126'),
	('46b55d17-dfaf-44c0-a1b2-8ccded143400', 'Sistematika dan format tulisan', 'dosen', '10', '1685490128656', '1686523412059'),
	('4c10b443-b756-4eb7-8295-00b863a8a259', 'Aktivitas kolsultasi, ketepatan waktu penyelesaian tugas, kerapian, penampilan, dan kreativitas', 'dosen', '10', '1685314700931', '1685314700931'),
	('514a5e09-5f80-4202-a737-8dce8cdd3033', 'Manfaat', 'dosen', '5', '1683903213805', '1686523428443'),
	('621e3bd7-c807-4314-8aa1-03daf636f2c3', 'Sikap ilmiah dan kemampuan diskusi/berargumentasi', 'dosen', '15', '1685490186481', '1685490186481'),
	('7aabe9bc-8d10-4be6-93e8-a02f2249354a', 'Penguasaan materi', 'dosen', '15', '1685490160276', '1685490160276'),
	('9b5048e2-36cc-4eb4-80a2-c0cdc9a587a3', 'Kemampuan/ketrampilan praktik', 'mitra', '100', '1685311529092', '1686523326744'),
	('c4ed75aa-339a-4b4c-8245-e0749abc0029', 'Keaslian', 'dosen', '5', '1683903237142', '1683903237142'),
	('c52629da-11db-42d8-ac3b-ab9a81216895', 'Inisiatif/kreativitas', 'mitra', '100', '1683902929437', '1686523341251'),
	('e0ce03eb-3e34-467c-9440-96327609cd81', 'Metode pelaksanaan', 'dosen', '5', '1685490310968', '1685490310968'),
	('e4b77ba4-01d3-4e98-b025-4e5a802b6d25', 'Bahasa, ketepatan, dan kejelasan redaksi', 'dosen', '10', '1685489997635', '1686523372843'),
	('eebe1f29-47cb-40a1-86de-7a5c08e491b5', 'Kelancaran presentasi', 'dosen', '15', '1685490015867', '1686523446541');

-- Dumping structure for table d3ti_psdku.simkmm_total_nilai
CREATE TABLE IF NOT EXISTS `simkmm_total_nilai` (
  `id_total_nilai` varchar(50) NOT NULL,
  `id_kmm` varchar(50) CHARACTER SET utf8mb3 COLLATE utf8mb3_general_ci NOT NULL,
  `nilai_total_dosen` varchar(50) DEFAULT NULL,
  `nilai_total_mitra` varchar(50) DEFAULT NULL,
  `nilai_akhir` varchar(50) DEFAULT NULL,
  PRIMARY KEY (`id_total_nilai`),
  KEY `simkmm_total_nilai_FK` (`id_kmm`),
  CONSTRAINT `simkmm_total_nilai_FK` FOREIGN KEY (`id_kmm`) REFERENCES `simkmm_kmm` (`id_kmm`) ON DELETE CASCADE ON UPDATE CASCADE
) ENGINE=InnoDB DEFAULT CHARSET=utf8mb3 COLLATE=utf8mb3_general_ci;

-- Dumping data for table d3ti_psdku.simkmm_total_nilai: ~2 rows (approximately)
INSERT INTO `simkmm_total_nilai` (`id_total_nilai`, `id_kmm`, `nilai_total_dosen`, `nilai_total_mitra`, `nilai_akhir`) VALUES
	('7fa5be7c-551a-44c6-9244-5c099e2db71f', 'bf03fca2-4b74-41e1-a385-f0fdc02879bc', NULL, NULL, NULL),
	('fae7f780-f39f-4fb1-b0b4-7dc5da231f8e', '6b7a1e5e-22ab-437a-a429-37d13fb63e1e', NULL, NULL, NULL);

-- Dumping structure for table d3ti_psdku.simlab_alat_laboratorium
CREATE TABLE IF NOT EXISTS `simlab_alat_laboratorium` (
  `id_alat` varchar(50) CHARACTER SET utf8mb3 COLLATE utf8mb3_general_ci NOT NULL,
  `id_kategori` varchar(50) NOT NULL,
  `id_ruang` varchar(50) NOT NULL,
  `no_inventaris` varchar(50) CHARACTER SET utf8mb3 COLLATE utf8mb3_general_ci DEFAULT NULL,
  `nama_alat` varchar(255) CHARACTER SET utf8mb3 COLLATE utf8mb3_general_ci NOT NULL,
  `tanggal_masuk` varchar(50) NOT NULL,
  `jumlah_masuk` int NOT NULL,
  `stok` int NOT NULL,
  `satuan` varchar(50) CHARACTER SET utf8mb3 COLLATE utf8mb3_general_ci NOT NULL,
  `kondisi` varchar(50) CHARACTER SET utf8mb3 COLLATE utf8mb3_general_ci NOT NULL,
  `gambar` varchar(255) CHARACTER SET utf8mb3 COLLATE utf8mb3_general_ci DEFAULT NULL,
  `tanggal_perubahan` varchar(50) CHARACTER SET utf8mb3 COLLATE utf8mb3_general_ci DEFAULT NULL,
  PRIMARY KEY (`id_alat`),
  KEY `id_kategori` (`id_kategori`),
  KEY `id_ruang` (`id_ruang`),
  CONSTRAINT `FK_simlab_alat_laboratorium_simlab_kategori` FOREIGN KEY (`id_kategori`) REFERENCES `simlab_kategori` (`id_kategori`) ON DELETE CASCADE ON UPDATE CASCADE,
  CONSTRAINT `FK_simlab_alat_laboratorium_simlab_ruang_laboratorium` FOREIGN KEY (`id_ruang`) REFERENCES `simlab_ruang_laboratorium` (`id_ruang`) ON DELETE CASCADE ON UPDATE CASCADE
) ENGINE=InnoDB DEFAULT CHARSET=utf8mb3 COLLATE=utf8mb3_general_ci;

-- Dumping data for table d3ti_psdku.simlab_alat_laboratorium: ~20 rows (approximately)
INSERT INTO `simlab_alat_laboratorium` (`id_alat`, `id_kategori`, `id_ruang`, `no_inventaris`, `nama_alat`, `tanggal_masuk`, `jumlah_masuk`, `stok`, `satuan`, `kondisi`, `gambar`, `tanggal_perubahan`) VALUES
	('06502dba-9b60-4b7b-adb9-45196301a3d0', '0e0a40dd-66e8-4e31-bdd8-27db226d3084', 'e1ddf047-1f04-423f-953c-e22f8111dbda', '30502010033', 'Kursi Besi/Metal', '2023-06-13', 1, 1, 'Buah', 'Baik', '1686535944_1b371270c03ab28b2df8.jpg', '2023-06-12'),
	('15da775c-7a79-4d6b-a204-7c5a1a7266a7', '0e0a40dd-66e8-4e31-bdd8-27db226d3084', '768309ef-450e-4b9e-9c76-9ce452ee69e9', '3050105058', 'Focusing Screen/Layar LCD Projector', '2022-01-28', 1, 1, 'Buah', 'Baik', '1685810419_378ba06458773ce83950.jpg', NULL),
	('1cf3978b-b9da-4513-9374-2e3aa3fb3f0d', '0e0a40dd-66e8-4e31-bdd8-27db226d3084', '768309ef-450e-4b9e-9c76-9ce452ee69e9', '30502010035', 'Kursi Besi/Metal', '2023-06-12', 1, 1, 'Buah', 'Baik', '1686546838_bdf2e8bb66b20c62d68e.jpg', NULL),
	('21585b9a-03de-48c4-94ad-19758959b258', '0e0a40dd-66e8-4e31-bdd8-27db226d3084', '768309ef-450e-4b9e-9c76-9ce452ee69e9', '30502010098', 'Meja Komputer', '2022-06-22', 1, 1, 'Buah', 'Baik', '1687448284_0967e12060d441d55121.jpg', NULL),
	('2a364fb0-1a5a-4588-ac08-1cace87ec2d9', '0e0a40dd-66e8-4e31-bdd8-27db226d3084', '768309ef-450e-4b9e-9c76-9ce452ee69e9', '30502010036', 'Kursi Besi/Metal', '2023-06-23', 1, 1, 'Buah', 'Baik', '1687507406_36bd0f3124c3c75c4e65.jpg', NULL),
	('2cfaa252-0600-41cf-86e1-cfa03d52b842', '0e0a40dd-66e8-4e31-bdd8-27db226d3084', '768309ef-450e-4b9e-9c76-9ce452ee69e9', '30502010094', 'Meja Komputer', '2022-06-22', 1, 1, 'Buah', 'Baik', '1687448106_4d3b1bf7a32661f7f4c7.jpg', NULL),
	('2e4cc03a-9321-489e-b12b-61b5d2ebe494', '0e0a40dd-66e8-4e31-bdd8-27db226d3084', '768309ef-450e-4b9e-9c76-9ce452ee69e9', '3050104003', 'Rak Besi', '2023-06-01', 1, 1, 'Buah', 'Baik', '1685810218_7d7d82a0dbd1053b0d7e.jpg', '2023-06-03'),
	('4bddf689-a44e-4326-b729-34db7763b336', '0e0a40dd-66e8-4e31-bdd8-27db226d3084', '768309ef-450e-4b9e-9c76-9ce452ee69e9', '30502010091', 'Meja Komputer', '2023-01-01', 1, 1, 'Buah', 'Baik', '1685810854_41eae89c2e2bd63876d1.jpg', '2023-06-06'),
	('4dc88159-b5d1-4c25-9afc-1e11d5937cf5', '0e0a40dd-66e8-4e31-bdd8-27db226d3084', '768309ef-450e-4b9e-9c76-9ce452ee69e9', '30502010095', 'Meja Komputer', '2022-06-22', 1, 1, 'Buah', 'Baik', '1687448169_f9b3f5bd05290a6eb7a2.jpg', NULL),
	('5232c739-6107-45f5-9af5-af335601207e', '0e0a40dd-66e8-4e31-bdd8-27db226d3084', '768309ef-450e-4b9e-9c76-9ce452ee69e9', '30502010097', 'Meja Komputer', '2022-06-22', 1, 1, 'Buah', 'Baik', '1687448250_ec38dc747712544de01a.jpg', NULL),
	('53301b64-891c-450e-a94a-a410f948207c', '0e0a40dd-66e8-4e31-bdd8-27db226d3084', '768309ef-450e-4b9e-9c76-9ce452ee69e9', '3050105048', 'LCD/Projector Infocus', '2022-02-08', 1, 1, 'Buah', 'Rusak', '1686145145_dc99bd8710002bf26ce8.jpg', '2023-06-23'),
	('562f045c-7a75-4897-aefc-4df9d9dc4c9b', '0e0a40dd-66e8-4e31-bdd8-27db226d3084', 'd6989273-4a0f-4959-a9c1-998e29ce9a54', '31002040261', 'Access Point', '2022-12-30', 1, 1, 'Buah', 'Baik', '1686142068_b61cc8e16255dc07cc9c.jpg', '2023-06-22'),
	('727d9983-9523-4fbc-8c6c-db765009e56f', '84b249d0-7c0e-4e85-988b-29af5e6b73d1', 'e1ddf047-1f04-423f-953c-e22f8111dbda', '', 'Kabel LAN', '2022-05-05', 50, 50, 'Buah', 'Baik', '1685811425_ee24f035caabb95b8772.jpg', NULL),
	('77cf2043-f4fc-4c76-9f9a-9beaf3be01a1', '84b249d0-7c0e-4e85-988b-29af5e6b73d1', 'e1ddf047-1f04-423f-953c-e22f8111dbda', '', 'RJ45 Connector', '2022-06-30', 30, 30, 'Buah', 'Baik', '1685811144_265940f13c6d29510048.jpg', '2023-06-07'),
	('962501c7-1cf3-4eee-8428-8c640d428f3b', '0e0a40dd-66e8-4e31-bdd8-27db226d3084', '768309ef-450e-4b9e-9c76-9ce452ee69e9', '30502010032', 'Kursi Besi/Metal', '2023-05-28', 1, 1, 'Buah', 'Baik', '1687508264_7da499c7d2eaedb399fb.jpg', '2023-06-23'),
	('a00e343e-1155-4c4b-8d07-bbb16b69b28e', '0e0a40dd-66e8-4e31-bdd8-27db226d3084', '768309ef-450e-4b9e-9c76-9ce452ee69e9', '3050105010', 'White Board', '2022-01-26', 1, 1, 'Buah', 'Baik', '1685810285_79411a29f308150e64c4.jpg', NULL),
	('a469558f-8965-4ee2-9db9-e7b92f11b396', '0e0a40dd-66e8-4e31-bdd8-27db226d3084', '768309ef-450e-4b9e-9c76-9ce452ee69e9', '30502010092', 'Meja Komputer', '2023-06-30', 1, 1, 'Buah', 'Rusak', '1685810923_bdd8bb1a4d7730302eb4.jpg', '2023-06-01'),
	('b0511610-35a4-4efc-8820-4ee185c93931', '0e0a40dd-66e8-4e31-bdd8-27db226d3084', '768309ef-450e-4b9e-9c76-9ce452ee69e9', '30502010093', 'Meja Komputer', '2022-06-22', 1, 1, 'Buah', 'Baik', '1687448046_1a5d16e36f18cf529640.jpg', NULL),
	('b6c7ffa1-ff8a-4ae7-924d-179b1fefd8e5', '0e0a40dd-66e8-4e31-bdd8-27db226d3084', '768309ef-450e-4b9e-9c76-9ce452ee69e9', '30502010031', 'Kursi Besi/Metal', '2022-01-24', 1, 1, 'Buah', 'Rusak', '1685810591_7490971a1f9823d8dcd2.jpg', '2023-06-12'),
	('bbf541d4-e8d2-49db-b946-bf6e0460ce48', '0e0a40dd-66e8-4e31-bdd8-27db226d3084', '768309ef-450e-4b9e-9c76-9ce452ee69e9', '30502010096', 'Meja Komputer', '2022-06-22', 1, 1, 'Buah', 'Baik', '1687448217_7e6cf69f083411bd99e0.jpg', NULL),
	('ecfda242-8364-4f16-9391-13e8e045f0a0', '0e0a40dd-66e8-4e31-bdd8-27db226d3084', '768309ef-450e-4b9e-9c76-9ce452ee69e9', '31002040262', 'Access Point', '2022-12-30', 1, 1, 'Buah', 'Baik', '1686622990_6da98b14e6555cedbcee.jpg', '2023-06-22');

-- Dumping structure for table d3ti_psdku.simlab_detail_peminjaman_alat
CREATE TABLE IF NOT EXISTS `simlab_detail_peminjaman_alat` (
  `id_pinjam_alat` varchar(50) NOT NULL,
  `id_alat` varchar(50) NOT NULL,
  `jumlah_pinjam` int NOT NULL,
  `kondisi_pengembalian` varchar(100) CHARACTER SET utf8mb3 COLLATE utf8mb3_general_ci NOT NULL,
  KEY `id_pinjam_alat` (`id_pinjam_alat`),
  KEY `id_alat` (`id_alat`),
  CONSTRAINT `FK_simlab_detail_peminjaman_alat_simlab_alat_laboratorium` FOREIGN KEY (`id_alat`) REFERENCES `simlab_alat_laboratorium` (`id_alat`) ON DELETE CASCADE ON UPDATE CASCADE,
  CONSTRAINT `FK_simlab_detail_peminjaman_alat_simlab_peminjaman_alat` FOREIGN KEY (`id_pinjam_alat`) REFERENCES `simlab_peminjaman_alat` (`id_pinjam_alat`) ON DELETE CASCADE ON UPDATE CASCADE
) ENGINE=InnoDB DEFAULT CHARSET=utf8mb3 COLLATE=utf8mb3_general_ci;

-- Dumping data for table d3ti_psdku.simlab_detail_peminjaman_alat: ~36 rows (approximately)
INSERT INTO `simlab_detail_peminjaman_alat` (`id_pinjam_alat`, `id_alat`, `jumlah_pinjam`, `kondisi_pengembalian`) VALUES
	('600345d9-bac2-4a7a-b202-bf6ba58a6c08', '562f045c-7a75-4897-aefc-4df9d9dc4c9b', 1, ''),
	('4e868d93-bd6d-498a-a375-91e93d32987b', '562f045c-7a75-4897-aefc-4df9d9dc4c9b', 1, ''),
	('44110b18-0140-4f9b-91c1-9472069cf005', '562f045c-7a75-4897-aefc-4df9d9dc4c9b', 1, ''),
	('5e414efa-51c6-4752-9385-5a35b57adfad', '562f045c-7a75-4897-aefc-4df9d9dc4c9b', 1, ''),
	('2db3e34f-0b4b-4eb1-9275-10611ddf6c07', '727d9983-9523-4fbc-8c6c-db765009e56f', 1, 'Baik'),
	('c904b15f-6694-4a7c-a8ca-601152d83657', '727d9983-9523-4fbc-8c6c-db765009e56f', 1, ''),
	('f3ee0c16-182a-44ff-9701-8e0bbfee9bae', '77cf2043-f4fc-4c76-9f9a-9beaf3be01a1', 1, ''),
	('11da082d-906b-4915-beeb-f091b1463869', '562f045c-7a75-4897-aefc-4df9d9dc4c9b', 1, 'Rusak'),
	('11da082d-906b-4915-beeb-f091b1463869', '77cf2043-f4fc-4c76-9f9a-9beaf3be01a1', 1, 'Baik'),
	('b144c750-30e5-4f93-8692-85475151a1b8', '562f045c-7a75-4897-aefc-4df9d9dc4c9b', 1, ''),
	('b144c750-30e5-4f93-8692-85475151a1b8', 'bbf541d4-e8d2-49db-b946-bf6e0460ce48', 1, ''),
	('b144c750-30e5-4f93-8692-85475151a1b8', '77cf2043-f4fc-4c76-9f9a-9beaf3be01a1', 1, ''),
	('0206b8cd-9527-4638-9178-462037fa5442', '06502dba-9b60-4b7b-adb9-45196301a3d0', 1, 'Baik'),
	('0206b8cd-9527-4638-9178-462037fa5442', 'a00e343e-1155-4c4b-8d07-bbb16b69b28e', 1, 'Baik'),
	('cb77677a-a59d-41c2-814b-5b7492423980', '15da775c-7a79-4d6b-a204-7c5a1a7266a7', 1, ''),
	('cb77677a-a59d-41c2-814b-5b7492423980', '21585b9a-03de-48c4-94ad-19758959b258', 1, ''),
	('2c859371-7c26-4009-b33f-daaf545d3ed7', 'b0511610-35a4-4efc-8820-4ee185c93931', 1, 'Baik'),
	('2c859371-7c26-4009-b33f-daaf545d3ed7', '06502dba-9b60-4b7b-adb9-45196301a3d0', 1, 'Baik'),
	('2c859371-7c26-4009-b33f-daaf545d3ed7', 'ecfda242-8364-4f16-9391-13e8e045f0a0', 1, 'Baik'),
	('898c0bb3-5fdf-4e3b-a374-16c68a6ad1f8', 'bbf541d4-e8d2-49db-b946-bf6e0460ce48', 1, 'Baik'),
	('898c0bb3-5fdf-4e3b-a374-16c68a6ad1f8', '77cf2043-f4fc-4c76-9f9a-9beaf3be01a1', 1, 'Baik'),
	('c7e3b267-94fa-405c-9544-62c00734c0c7', '962501c7-1cf3-4eee-8428-8c640d428f3b', 1, ''),
	('c7e3b267-94fa-405c-9544-62c00734c0c7', '2cfaa252-0600-41cf-86e1-cfa03d52b842', 1, ''),
	('a32f8e76-4742-4740-81fd-b2825fe7c952', '1cf3978b-b9da-4513-9374-2e3aa3fb3f0d', 1, ''),
	('a32f8e76-4742-4740-81fd-b2825fe7c952', '77cf2043-f4fc-4c76-9f9a-9beaf3be01a1', 2, ''),
	('a865a3a3-9e43-4f27-9774-0c34b615e111', '21585b9a-03de-48c4-94ad-19758959b258', 1, 'Rusak'),
	('a865a3a3-9e43-4f27-9774-0c34b615e111', 'ecfda242-8364-4f16-9391-13e8e045f0a0', 1, 'Baik'),
	('309db340-9e9f-4b3e-ab34-a85f0fb1fcea', '77cf2043-f4fc-4c76-9f9a-9beaf3be01a1', 1, 'Baik'),
	('309db340-9e9f-4b3e-ab34-a85f0fb1fcea', '2e4cc03a-9321-489e-b12b-61b5d2ebe494', 1, 'Baik'),
	('22b4fb76-3bf0-4235-98a7-615ba2a0ad95', '77cf2043-f4fc-4c76-9f9a-9beaf3be01a1', 1, ''),
	('22b4fb76-3bf0-4235-98a7-615ba2a0ad95', '727d9983-9523-4fbc-8c6c-db765009e56f', 1, ''),
	('b8ffff1a-be65-4170-8bf8-f121ef7dd784', '727d9983-9523-4fbc-8c6c-db765009e56f', 1, 'Baik'),
	('b8ffff1a-be65-4170-8bf8-f121ef7dd784', '2a364fb0-1a5a-4588-ac08-1cace87ec2d9', 1, 'Baik'),
	('b8ffff1a-be65-4170-8bf8-f121ef7dd784', '21585b9a-03de-48c4-94ad-19758959b258', 1, 'Baik'),
	('745cff8e-8ede-474d-8f5c-a00830202296', '727d9983-9523-4fbc-8c6c-db765009e56f', 1, 'Baik'),
	('745cff8e-8ede-474d-8f5c-a00830202296', '06502dba-9b60-4b7b-adb9-45196301a3d0', 1, 'Rusak');

-- Dumping structure for table d3ti_psdku.simlab_jadwal_ruang
CREATE TABLE IF NOT EXISTS `simlab_jadwal_ruang` (
  `id_jadwal` varchar(50) NOT NULL,
  `id_mata_kuliah` varchar(50) CHARACTER SET utf8mb3 COLLATE utf8mb3_general_ci NOT NULL,
  `id_ruang` varchar(50) NOT NULL,
  `kelas` varchar(10) CHARACTER SET utf8mb3 COLLATE utf8mb3_general_ci NOT NULL,
  `hari` varchar(50) CHARACTER SET utf8mb3 COLLATE utf8mb3_general_ci NOT NULL,
  `tahun_ajaran` varchar(10) CHARACTER SET utf8mb3 COLLATE utf8mb3_general_ci NOT NULL,
  `semester` varchar(50) CHARACTER SET utf8mb3 COLLATE utf8mb3_general_ci NOT NULL,
  `waktu_mulai` varchar(50) CHARACTER SET utf8mb3 COLLATE utf8mb3_general_ci NOT NULL,
  `waktu_selesai` varchar(50) CHARACTER SET utf8mb3 COLLATE utf8mb3_general_ci NOT NULL,
  PRIMARY KEY (`id_jadwal`),
  KEY `id_ruang` (`id_ruang`),
  KEY `id_mata_kuliah` (`id_mata_kuliah`),
  CONSTRAINT `FK_simlab_jadwal_ruang_mata_kuliah` FOREIGN KEY (`id_mata_kuliah`) REFERENCES `mata_kuliah` (`id_mata_kuliah`) ON DELETE CASCADE ON UPDATE CASCADE,
  CONSTRAINT `FK_simlab_jadwal_ruang_simlab_ruang_laboratorium` FOREIGN KEY (`id_ruang`) REFERENCES `simlab_ruang_laboratorium` (`id_ruang`) ON DELETE CASCADE ON UPDATE CASCADE
) ENGINE=InnoDB DEFAULT CHARSET=utf8mb3 COLLATE=utf8mb3_general_ci;

-- Dumping data for table d3ti_psdku.simlab_jadwal_ruang: ~11 rows (approximately)
INSERT INTO `simlab_jadwal_ruang` (`id_jadwal`, `id_mata_kuliah`, `id_ruang`, `kelas`, `hari`, `tahun_ajaran`, `semester`, `waktu_mulai`, `waktu_selesai`) VALUES
	('45712f99-4608-48a5-b2ce-33184ecb9ecc', '6c5c3879-2453-42f5-872c-dc8d5298055a', '768309ef-450e-4b9e-9c76-9ce452ee69e9', 'D', 'Senin', '2023', 'B (Genap)', '15:30', '16:20'),
	('46540feb-63bc-4b96-aa13-3a8936cd0be3', 'e8d312d2-06e2-4a54-a40d-4d98d7096773', 'd6989273-4a0f-4959-a9c1-998e29ce9a54', 'D', 'Selasa', '2023', 'B (Genap)', '13:55', '14:45'),
	('4b5a06c5-a3d8-4a5e-bc90-e20197c357ba', '0aee756a-c3db-4851-b21a-451acffce809', 'e1ddf047-1f04-423f-953c-e22f8111dbda', 'D', 'Selasa', '2023', 'B (Genap)', '19:30', '20:20'),
	('52149ba8-e166-4cf0-870f-0fb94d6dd447', '3bc9932a-2a26-4183-adda-d4232fa02fa1', '768309ef-450e-4b9e-9c76-9ce452ee69e9', 'E', 'Jumat', '2023', 'B (Genap)', '18:10', '19:00'),
	('53bc0b28-f636-47a4-ae4a-2874dc369edf', '3bc9932a-2a26-4183-adda-d4232fa02fa1', 'e1ddf047-1f04-423f-953c-e22f8111dbda', 'D', 'Selasa', '2023', 'B (Genap)', '07:30', '08:20'),
	('80f14662-5ae7-4ba9-b5de-d4527ef6d3f5', '3bc9932a-2a26-4183-adda-d4232fa02fa1', '768309ef-450e-4b9e-9c76-9ce452ee69e9', 'E', 'Jumat', '2023', 'B (Genap)', '19:30', '20:20'),
	('c447443f-9717-4d76-ba3e-2c4d8f85a903', '6c5c3879-2453-42f5-872c-dc8d5298055a', '768309ef-450e-4b9e-9c76-9ce452ee69e9', 'D', 'Senin', '2023', 'B (Genap)', '13:00', '13:50'),
	('cc00ef69-b7fd-4f48-9008-b93de5c231f6', '049fb6b8-30e9-4d2e-921c-42284cd982f5', '768309ef-450e-4b9e-9c76-9ce452ee69e9', 'D', 'Senin', '2022', 'A (Ganjil)', '08:00', '10:00'),
	('da6aad12-a581-4671-b262-08b16be2496b', '6c5c3879-2453-42f5-872c-dc8d5298055a', '768309ef-450e-4b9e-9c76-9ce452ee69e9', 'D', 'Senin', '2023', 'B (Genap)', '13:55', '14:45'),
	('e1d13fdd-9a25-48d1-a291-82560d379a7d', '6c5c3879-2453-42f5-872c-dc8d5298055a', '768309ef-450e-4b9e-9c76-9ce452ee69e9', 'D', 'Senin', '2023', 'B (Genap)', '11:10', '12:00'),
	('eda6c8c6-5b19-4b5b-a390-4cd05bb111b0', 'e8d312d2-06e2-4a54-a40d-4d98d7096773', 'd6989273-4a0f-4959-a9c1-998e29ce9a54', 'D', 'Selasa', '2023', 'B (Genap)', '11:10', '12:00'),
	('f310ce8d-70db-4ef6-bca7-7e3d920d05b9', 'e8d312d2-06e2-4a54-a40d-4d98d7096773', 'd6989273-4a0f-4959-a9c1-998e29ce9a54', 'D', 'Selasa', '2023', 'B (Genap)', '13:00', '13:50');

-- Dumping structure for table d3ti_psdku.simlab_kategori
CREATE TABLE IF NOT EXISTS `simlab_kategori` (
  `id_kategori` varchar(50) NOT NULL,
  `nama_kategori` varchar(255) NOT NULL,
  PRIMARY KEY (`id_kategori`)
) ENGINE=InnoDB DEFAULT CHARSET=utf8mb3 COLLATE=utf8mb3_general_ci;

-- Dumping data for table d3ti_psdku.simlab_kategori: ~2 rows (approximately)
INSERT INTO `simlab_kategori` (`id_kategori`, `nama_kategori`) VALUES
	('0e0a40dd-66e8-4e31-bdd8-27db226d3084', 'Peralatan'),
	('84b249d0-7c0e-4e85-988b-29af5e6b73d1', 'Barang Habis Pakai');

-- Dumping structure for table d3ti_psdku.simlab_peminjaman_alat
CREATE TABLE IF NOT EXISTS `simlab_peminjaman_alat` (
  `id_pinjam_alat` varchar(50) NOT NULL,
  `id_mahasiswa` varchar(50) CHARACTER SET utf8mb3 COLLATE utf8mb3_general_ci DEFAULT NULL,
  `id_staff` varchar(50) CHARACTER SET utf8mb3 COLLATE utf8mb3_general_ci DEFAULT NULL,
  `keperluan` varchar(255) CHARACTER SET utf8mb3 COLLATE utf8mb3_general_ci NOT NULL,
  `tanggal_ajuan` varchar(50) CHARACTER SET utf8mb3 COLLATE utf8mb3_general_ci NOT NULL,
  `tanggal_pinjam` varchar(50) CHARACTER SET utf8mb3 COLLATE utf8mb3_general_ci NOT NULL,
  `tanggal_kembali` varchar(50) CHARACTER SET utf8mb3 COLLATE utf8mb3_general_ci NOT NULL,
  `status_ajuan` enum('Pengajuan','Disetujui','Ditolak') CHARACTER SET utf8mb3 COLLATE utf8mb3_general_ci DEFAULT 'Pengajuan',
  `waktu_konfirmasi_kembali` varchar(50) CHARACTER SET utf8mb3 COLLATE utf8mb3_general_ci DEFAULT NULL,
  `status_peminjaman` enum('Sedang Digunakan','Dikembalikan') CHARACTER SET utf8mb3 COLLATE utf8mb3_general_ci DEFAULT NULL,
  `keterangan` varchar(255) CHARACTER SET utf8mb3 COLLATE utf8mb3_general_ci DEFAULT NULL,
  PRIMARY KEY (`id_pinjam_alat`),
  KEY `id_mahasiswa` (`id_mahasiswa`),
  KEY `id_staff` (`id_staff`),
  CONSTRAINT `FK_simlab_peminjaman_alat_mahasiswa` FOREIGN KEY (`id_mahasiswa`) REFERENCES `mahasiswa` (`id_mhs`) ON DELETE CASCADE ON UPDATE CASCADE,
  CONSTRAINT `FK_simlab_peminjaman_alat_staf` FOREIGN KEY (`id_staff`) REFERENCES `staf` (`id_staf`) ON DELETE CASCADE ON UPDATE CASCADE
) ENGINE=InnoDB DEFAULT CHARSET=utf8mb3 COLLATE=utf8mb3_general_ci;

-- Dumping data for table d3ti_psdku.simlab_peminjaman_alat: ~20 rows (approximately)
INSERT INTO `simlab_peminjaman_alat` (`id_pinjam_alat`, `id_mahasiswa`, `id_staff`, `keperluan`, `tanggal_ajuan`, `tanggal_pinjam`, `tanggal_kembali`, `status_ajuan`, `waktu_konfirmasi_kembali`, `status_peminjaman`, `keterangan`) VALUES
	('0206b8cd-9527-4638-9178-462037fa5442', NULL, 'c53dc049-3e56-4cbb-9bb0-03c75134d751', 'Test', '1688406674131', '2023-07-04', '1688662800000', 'Disetujui', '1688435971829', 'Dikembalikan', NULL),
	('11da082d-906b-4915-beeb-f091b1463869', NULL, 'c53dc049-3e56-4cbb-9bb0-03c75134d751', 'Praktikum', '1688120089868', '2023-07-03', '1688490000000', 'Disetujui', '1688436215662', 'Dikembalikan', NULL),
	('22b4fb76-3bf0-4235-98a7-615ba2a0ad95', '1b73b533-50d7-4002-bcc9-9c9eb146dae6', NULL, 'Praktikum', '1687448742898', '2023-06-23', '1687107600000', 'Disetujui', '1688434669182', 'Dikembalikan', NULL),
	('2c859371-7c26-4009-b33f-daaf545d3ed7', NULL, 'c53dc049-3e56-4cbb-9bb0-03c75134d751', 'Test', '1688407157973', '2023-07-05', '1688749200000', 'Disetujui', '1688436003564', 'Dikembalikan', NULL),
	('2db3e34f-0b4b-4eb1-9275-10611ddf6c07', '1b73b533-50d7-4002-bcc9-9c9eb146dae6', NULL, 'Praktikum', '1687507544412', '2023-06-23', '1687539600000', 'Disetujui', '1688435939706', 'Dikembalikan', NULL),
	('309db340-9e9f-4b3e-ab34-a85f0fb1fcea', '1b73b533-50d7-4002-bcc9-9c9eb146dae6', NULL, 'Test', '1688433113619', '2023-07-06', '1689008400000', 'Disetujui', '1688436785797', 'Dikembalikan', NULL),
	('44110b18-0140-4f9b-91c1-9472069cf005', '1b73b533-50d7-4002-bcc9-9c9eb146dae6', NULL, 'Praktikum', '1687498402249', '2023-06-23', '1687539600000', 'Disetujui', '1687507826148', 'Dikembalikan', NULL),
	('4e868d93-bd6d-498a-a375-91e93d32987b', '1b73b533-50d7-4002-bcc9-9c9eb146dae6', NULL, 'Praktikum', '1687448931411', '2023-06-26', '1688058000000', 'Ditolak', NULL, NULL, 'access point tidak tersedia'),
	('5e414efa-51c6-4752-9385-5a35b57adfad', '54bc721b-5b11-49fc-a303-ad6118cbef93', NULL, 'Praktikum', '1687498529378', '2023-06-24', '1687626000000', 'Ditolak', NULL, NULL, 'alat tidak tersedia'),
	('600345d9-bac2-4a7a-b202-bf6ba58a6c08', NULL, 'c53dc049-3e56-4cbb-9bb0-03c75134d751', 'Praktikum', '1687448925320', '2023-06-26', '1687885200000', 'Disetujui', '1687449873608', 'Dikembalikan', NULL),
	('745cff8e-8ede-474d-8f5c-a00830202296', NULL, 'c53dc049-3e56-4cbb-9bb0-03c75134d751', 'Test', '1688628261588', '2023-07-06', '1688576400000', 'Disetujui', '1688628308958', 'Dikembalikan', NULL),
	('898c0bb3-5fdf-4e3b-a374-16c68a6ad1f8', NULL, 'c53dc049-3e56-4cbb-9bb0-03c75134d751', 'Praktikum', '1688409286673', '2023-07-06', '1688749200000', 'Disetujui', '1688435954777', 'Dikembalikan', NULL),
	('a32f8e76-4742-4740-81fd-b2825fe7c952', '1b73b533-50d7-4002-bcc9-9c9eb146dae6', NULL, 'Test', '1688433024598', '2023-07-05', '1688662800000', 'Disetujui', '1688434377108', 'Dikembalikan', NULL),
	('a865a3a3-9e43-4f27-9774-0c34b615e111', '1b73b533-50d7-4002-bcc9-9c9eb146dae6', NULL, 'Test', '1688433066040', '2023-07-05', '1688576400000', 'Disetujui', '1688436499006', 'Dikembalikan', NULL),
	('b144c750-30e5-4f93-8692-85475151a1b8', NULL, 'c53dc049-3e56-4cbb-9bb0-03c75134d751', 'Praktikum', '1688405858984', '2023-07-06', '1688749200000', 'Disetujui', '1688409208312', 'Dikembalikan', NULL),
	('b8ffff1a-be65-4170-8bf8-f121ef7dd784', '1b73b533-50d7-4002-bcc9-9c9eb146dae6', NULL, 'Test', '1688456258369', '2023-07-05', '1688749200000', 'Disetujui', '1688456339589', 'Dikembalikan', NULL),
	('c7e3b267-94fa-405c-9544-62c00734c0c7', '1b73b533-50d7-4002-bcc9-9c9eb146dae6', NULL, 'Test', '1688432947799', '2023-07-05', '1688749200000', 'Disetujui', '1688434323333', 'Dikembalikan', NULL),
	('c904b15f-6694-4a7c-a8ca-601152d83657', '1b73b533-50d7-4002-bcc9-9c9eb146dae6', NULL, 'Praktikum', '1687507575655', '2023-06-23', '1687539600000', 'Disetujui', '1688408417374', 'Dikembalikan', NULL),
	('cb77677a-a59d-41c2-814b-5b7492423980', NULL, 'c53dc049-3e56-4cbb-9bb0-03c75134d751', 'Test', '1688407111437', '2023-07-04', '1688576400000', 'Disetujui', '1688409474034', 'Dikembalikan', NULL),
	('f3ee0c16-182a-44ff-9701-8e0bbfee9bae', NULL, 'c53dc049-3e56-4cbb-9bb0-03c75134d751', 'Mengerjakan TA', '1688106721906', '2023-06-30', '1688576400000', 'Disetujui', '1688405759161', 'Dikembalikan', NULL);

-- Dumping structure for table d3ti_psdku.simlab_peminjaman_ruang
CREATE TABLE IF NOT EXISTS `simlab_peminjaman_ruang` (
  `id_pinjam_ruang` varchar(50) NOT NULL,
  `id_ruang` varchar(50) NOT NULL,
  `id_mahasiswa` varchar(50) CHARACTER SET utf8mb3 COLLATE utf8mb3_general_ci DEFAULT NULL,
  `id_staff` varchar(50) DEFAULT NULL,
  `keperluan` varchar(255) CHARACTER SET utf8mb3 COLLATE utf8mb3_general_ci NOT NULL,
  `tanggal_ajuan` varchar(50) CHARACTER SET utf8mb3 COLLATE utf8mb3_general_ci NOT NULL,
  `hari` varchar(50) CHARACTER SET utf8mb3 COLLATE utf8mb3_general_ci NOT NULL,
  `tanggal_pinjam` varchar(50) NOT NULL DEFAULT '',
  `waktu_mulai` varchar(50) CHARACTER SET utf8mb3 COLLATE utf8mb3_general_ci NOT NULL,
  `waktu_selesai` varchar(50) CHARACTER SET utf8mb3 COLLATE utf8mb3_general_ci NOT NULL,
  `status_ajuan` enum('Pengajuan','Disetujui','Ditolak') CHARACTER SET utf8mb3 COLLATE utf8mb3_general_ci NOT NULL DEFAULT 'Pengajuan',
  `waktu_konfirmasi_kembali` varchar(50) CHARACTER SET utf8mb3 COLLATE utf8mb3_general_ci DEFAULT NULL,
  `status_peminjaman` enum('Sedang Digunakan','Dikembalikan') CHARACTER SET utf8mb3 COLLATE utf8mb3_general_ci DEFAULT NULL,
  `keterangan` varchar(255) CHARACTER SET utf8mb3 COLLATE utf8mb3_general_ci DEFAULT NULL,
  PRIMARY KEY (`id_pinjam_ruang`) USING BTREE,
  KEY `id_alat` (`id_ruang`) USING BTREE,
  KEY `id_mahasiswa` (`id_mahasiswa`),
  KEY `id_staff` (`id_staff`),
  CONSTRAINT `FK_simlab_peminjaman_ruang_mahasiswa` FOREIGN KEY (`id_mahasiswa`) REFERENCES `mahasiswa` (`id_mhs`) ON DELETE CASCADE ON UPDATE CASCADE,
  CONSTRAINT `FK_simlab_peminjaman_ruang_simlab_ruang_laboratorium` FOREIGN KEY (`id_ruang`) REFERENCES `simlab_ruang_laboratorium` (`id_ruang`) ON DELETE CASCADE ON UPDATE CASCADE,
  CONSTRAINT `FK_simlab_peminjaman_ruang_staf` FOREIGN KEY (`id_staff`) REFERENCES `staf` (`id_staf`) ON DELETE CASCADE ON UPDATE CASCADE
) ENGINE=InnoDB DEFAULT CHARSET=utf8mb3 COLLATE=utf8mb3_general_ci ROW_FORMAT=DYNAMIC;

-- Dumping data for table d3ti_psdku.simlab_peminjaman_ruang: ~10 rows (approximately)
INSERT INTO `simlab_peminjaman_ruang` (`id_pinjam_ruang`, `id_ruang`, `id_mahasiswa`, `id_staff`, `keperluan`, `tanggal_ajuan`, `hari`, `tanggal_pinjam`, `waktu_mulai`, `waktu_selesai`, `status_ajuan`, `waktu_konfirmasi_kembali`, `status_peminjaman`, `keterangan`) VALUES
	('4d98f91f-d348-4b95-bf0c-bdfdc826cc47', '768309ef-450e-4b9e-9c76-9ce452ee69e9', '1b73b533-50d7-4002-bcc9-9c9eb146dae6', NULL, 'Mengerjakan TA', '1687507743128', 'Senin', '2023-06-26', '16:30', '19:00', 'Ditolak', NULL, NULL, 'RUANG LABORATORIUM SUDAH DIGUNAKAN'),
	('50dbbc24-4152-4944-9927-fba4c5199e83', '768309ef-450e-4b9e-9c76-9ce452ee69e9', '1b73b533-50d7-4002-bcc9-9c9eb146dae6', NULL, 'Mengerjakan TA', '1687538939980', 'Senin', '2023-06-26', '08:00', '10:00', 'Ditolak', NULL, NULL, 'c'),
	('6127f94f-98a1-42d5-8833-103c59e5e572', '768309ef-450e-4b9e-9c76-9ce452ee69e9', '1b73b533-50d7-4002-bcc9-9c9eb146dae6', NULL, 'Mengerjakan TA', '1687450293088', 'Senin', '2023-06-26', '16:30', '20:00', 'Disetujui', '1687498300303', 'Dikembalikan', NULL),
	('62a54dd1-b97b-4db4-b046-52dd39aea431', '768309ef-450e-4b9e-9c76-9ce452ee69e9', '1b73b533-50d7-4002-bcc9-9c9eb146dae6', NULL, 'Mengerjakan TA', '1687538761435', 'Senin', '2023-06-26', '11:10', '12:00', 'Pengajuan', NULL, NULL, NULL),
	('943a289c-7b6d-4680-9a2e-399ab2fc36e9', '768309ef-450e-4b9e-9c76-9ce452ee69e9', NULL, 'c53dc049-3e56-4cbb-9bb0-03c75134d751', 'Mengerjakan TA', '1687673238670', 'Senin', '2023-06-26', '08:00', '10:00', 'Pengajuan', NULL, NULL, NULL),
	('b75a69b7-bc90-428e-a756-724162a283c5', '768309ef-450e-4b9e-9c76-9ce452ee69e9', '1b73b533-50d7-4002-bcc9-9c9eb146dae6', NULL, 'Mengerjakan TA', '1687498318495', 'Senin', '2023-06-26', '16:30', '20:00', 'Disetujui', '1688436478488', 'Dikembalikan', NULL),
	('d6dd30f4-7989-4e04-90a5-7584459b4a4f', '768309ef-450e-4b9e-9c76-9ce452ee69e9', '1b73b533-50d7-4002-bcc9-9c9eb146dae6', NULL, 'Mengerjakan TA', '1687449467500', 'Senin', '2023-06-26', '16:30', '20:00', 'Disetujui', '1687450165571', 'Dikembalikan', NULL),
	('ef44d29a-ffb6-41b4-949e-5b79ced5c745', '768309ef-450e-4b9e-9c76-9ce452ee69e9', '1b73b533-50d7-4002-bcc9-9c9eb146dae6', NULL, 'Mengerjakan TA', '1687539049318', 'Senin', '2023-06-23', '11:10', '12:00', 'Pengajuan', NULL, NULL, NULL),
	('f1d961d2-41f4-489c-89a2-453c04dec02d', '768309ef-450e-4b9e-9c76-9ce452ee69e9', '1b73b533-50d7-4002-bcc9-9c9eb146dae6', NULL, 'Mengerjakan TA', '1687538608124', 'Senin', '2023-06-26', '08:00', '10:00', 'Pengajuan', NULL, NULL, NULL),
	('f90cafec-a699-46e9-a2d6-af2166a0c703', '768309ef-450e-4b9e-9c76-9ce452ee69e9', '54bc721b-5b11-49fc-a303-ad6118cbef93', NULL, 'Mengerjakan TA', '1687450559696', 'Senin', '2023-06-26', '16:30', '19:00', 'Ditolak', NULL, NULL, 'Ruang laboratorium sudah digunakan pada hari dan waktu tersebut!');

-- Dumping structure for table d3ti_psdku.simlab_penghapusan_aset
CREATE TABLE IF NOT EXISTS `simlab_penghapusan_aset` (
  `id_penghapusan_aset` varchar(50) CHARACTER SET utf8mb3 COLLATE utf8mb3_general_ci NOT NULL,
  `id_alat` varchar(50) CHARACTER SET utf8mb3 COLLATE utf8mb3_general_ci NOT NULL,
  `tanggal_penghapusan` varchar(50) CHARACTER SET utf8mb3 COLLATE utf8mb3_general_ci NOT NULL,
  `jumlah_penghapusan` int NOT NULL,
  PRIMARY KEY (`id_penghapusan_aset`) USING BTREE,
  KEY `id_alat` (`id_alat`),
  CONSTRAINT `FK_simlab_alat_keluar_simlab_alat_laboratorium` FOREIGN KEY (`id_alat`) REFERENCES `simlab_alat_laboratorium` (`id_alat`) ON DELETE CASCADE ON UPDATE CASCADE
) ENGINE=InnoDB DEFAULT CHARSET=utf8mb3 COLLATE=utf8mb3_general_ci;

-- Dumping data for table d3ti_psdku.simlab_penghapusan_aset: ~1 rows (approximately)
INSERT INTO `simlab_penghapusan_aset` (`id_penghapusan_aset`, `id_alat`, `tanggal_penghapusan`, `jumlah_penghapusan`) VALUES
	('ccad7221-f277-445b-95c0-6766096d9013', '77cf2043-f4fc-4c76-9f9a-9beaf3be01a1', '2023-06-12', 2);

-- Dumping structure for table d3ti_psdku.simlab_perawatan_alat
CREATE TABLE IF NOT EXISTS `simlab_perawatan_alat` (
  `id_perawatan_alat` varchar(50) NOT NULL,
  `id_alat` varchar(50) NOT NULL,
  `jenis` enum('Software','Hardware') NOT NULL,
  `level` enum('Ringan','Sedang','Fatal') NOT NULL,
  `tanggal` varchar(50) CHARACTER SET utf8mb3 COLLATE utf8mb3_general_ci NOT NULL,
  PRIMARY KEY (`id_perawatan_alat`),
  KEY `id_alat` (`id_alat`),
  CONSTRAINT `FK_simlab_perawatan_alat_simlab_alat_laboratorium` FOREIGN KEY (`id_alat`) REFERENCES `simlab_alat_laboratorium` (`id_alat`) ON DELETE CASCADE ON UPDATE CASCADE
) ENGINE=InnoDB DEFAULT CHARSET=utf8mb3 COLLATE=utf8mb3_general_ci;

-- Dumping data for table d3ti_psdku.simlab_perawatan_alat: ~0 rows (approximately)
INSERT INTO `simlab_perawatan_alat` (`id_perawatan_alat`, `id_alat`, `jenis`, `level`, `tanggal`) VALUES
	('1da991e3-2acf-4c32-877f-8c89e872efac', '562f045c-7a75-4897-aefc-4df9d9dc4c9b', 'Hardware', 'Sedang', '2023-06-13');

-- Dumping structure for table d3ti_psdku.simlab_ruang_laboratorium
CREATE TABLE IF NOT EXISTS `simlab_ruang_laboratorium` (
  `id_ruang` varchar(50) NOT NULL,
  `nama_ruang` varchar(255) CHARACTER SET utf8mb3 COLLATE utf8mb3_general_ci NOT NULL,
  `gedung` enum('Gedung 1','Gedung 2') CHARACTER SET utf8mb3 COLLATE utf8mb3_general_ci NOT NULL,
  `lantai` enum('Lantai 1','Lantai 2','Lantai 3') CHARACTER SET utf8mb3 COLLATE utf8mb3_general_ci NOT NULL,
  PRIMARY KEY (`id_ruang`)
) ENGINE=InnoDB DEFAULT CHARSET=utf8mb3 COLLATE=utf8mb3_general_ci;

-- Dumping data for table d3ti_psdku.simlab_ruang_laboratorium: ~2 rows (approximately)
INSERT INTO `simlab_ruang_laboratorium` (`id_ruang`, `nama_ruang`, `gedung`, `lantai`) VALUES
	('768309ef-450e-4b9e-9c76-9ce452ee69e9', 'Lab Komputer 2', 'Gedung 2', 'Lantai 2'),
	('d6989273-4a0f-4959-a9c1-998e29ce9a54', 'Lab Komputer 3', 'Gedung 2', 'Lantai 2'),
	('e1ddf047-1f04-423f-953c-e22f8111dbda', 'Lab Mikrokontroller', 'Gedung 2', 'Lantai 2');

-- Dumping structure for table d3ti_psdku.simta_berkas
CREATE TABLE IF NOT EXISTS `simta_berkas` (
  `id_berkas` varchar(50) CHARACTER SET utf8mb3 COLLATE utf8mb3_general_ci NOT NULL,
  `nama_berkas` varchar(255) CHARACTER SET utf8mb3 COLLATE utf8mb3_general_ci NOT NULL,
  `file_berkas` varchar(255) CHARACTER SET utf8mb3 COLLATE utf8mb3_general_ci NOT NULL,
  `created_at` varchar(255) CHARACTER SET utf8mb3 COLLATE utf8mb3_general_ci NOT NULL,
  `updated_at` varchar(255) CHARACTER SET utf8mb3 COLLATE utf8mb3_general_ci NOT NULL,
  PRIMARY KEY (`id_berkas`)
) ENGINE=InnoDB DEFAULT CHARSET=utf8mb3 COLLATE=utf8mb3_general_ci;

-- Dumping data for table d3ti_psdku.simta_berkas: ~2 rows (approximately)
INSERT INTO `simta_berkas` (`id_berkas`, `nama_berkas`, `file_berkas`, `created_at`, `updated_at`) VALUES
	('4dcf8f01-ae8d-4c80-b7a5-5feaad89ff4d', 'TATA TERTIB UJIAN PROPOSAL TA', '1684074220_f67800f5ccc6364f3d4f.pdf', '', ''),
	('58588496-a066-4c95-9226-f60bf960b2ad', 'PEDOMAN TA TAHUN AJARAN 2022-2023', '1684074253_eebea87f4b315d422c0d.pdf', '', '');

-- Dumping structure for table d3ti_psdku.simta_bobot
CREATE TABLE IF NOT EXISTS `simta_bobot` (
  `id_bobot` varchar(50) CHARACTER SET utf8mb3 COLLATE utf8mb3_general_ci NOT NULL,
  `bobot_ujianproposal` varchar(50) CHARACTER SET utf8mb3 COLLATE utf8mb3_general_ci NOT NULL,
  `bobot_seminarhasil` varchar(50) NOT NULL,
  `bobot_ujianta` varchar(50) CHARACTER SET utf8mb3 COLLATE utf8mb3_general_ci NOT NULL,
  `created_at` varchar(50) NOT NULL,
  `updated_at` varchar(50) NOT NULL,
  PRIMARY KEY (`id_bobot`) USING BTREE
) ENGINE=InnoDB DEFAULT CHARSET=utf8mb3 COLLATE=utf8mb3_general_ci;

-- Dumping data for table d3ti_psdku.simta_bobot: ~1 rows (approximately)
INSERT INTO `simta_bobot` (`id_bobot`, `bobot_ujianproposal`, `bobot_seminarhasil`, `bobot_ujianta`, `created_at`, `updated_at`) VALUES
	('8f4bd04c-daa4-435e-b9c7-5024cfcaff93', '10', '30', '60', '1686042568742', '');

-- Dumping structure for table d3ti_psdku.simta_hasilakhir
CREATE TABLE IF NOT EXISTS `simta_hasilakhir` (
  `id_hasilakhir` varchar(50) CHARACTER SET utf8mb3 COLLATE utf8mb3_general_ci NOT NULL,
  `Id_ujianproposal` varchar(50) CHARACTER SET utf8mb3 COLLATE utf8mb3_general_ci DEFAULT NULL,
  `id_seminarhasil` varchar(50) DEFAULT NULL,
  `nilai_ujianproposal` varchar(50) CHARACTER SET utf8mb3 COLLATE utf8mb3_general_ci DEFAULT NULL,
  `nilai_seminarhasil` varchar(50) CHARACTER SET utf8mb3 COLLATE utf8mb3_general_ci DEFAULT NULL,
  `nilai_ujianta` varchar(50) CHARACTER SET utf8mb3 COLLATE utf8mb3_general_ci DEFAULT NULL,
  `hasilakhir` varchar(50) CHARACTER SET utf8mb3 COLLATE utf8mb3_general_ci DEFAULT NULL,
  `created_at` varchar(50) DEFAULT NULL,
  `updated_at` varchar(50) DEFAULT NULL,
  PRIMARY KEY (`id_hasilakhir`),
  KEY `Id_ujianproposal` (`Id_ujianproposal`),
  KEY `id_seminarhasil` (`id_seminarhasil`),
  CONSTRAINT `FK_simta_hasilakhir_simta_seminarhasil` FOREIGN KEY (`id_seminarhasil`) REFERENCES `simta_seminarhasil` (`id_seminarhasil`) ON DELETE CASCADE ON UPDATE CASCADE,
  CONSTRAINT `FK_simta_hasilakhir_simta_ujianproposal` FOREIGN KEY (`Id_ujianproposal`) REFERENCES `simta_ujianproposal` (`id_ujianproposal`) ON DELETE CASCADE ON UPDATE CASCADE
) ENGINE=InnoDB DEFAULT CHARSET=utf8mb3 COLLATE=utf8mb3_general_ci;

-- Dumping data for table d3ti_psdku.simta_hasilakhir: ~0 rows (approximately)
INSERT INTO `simta_hasilakhir` (`id_hasilakhir`, `Id_ujianproposal`, `id_seminarhasil`, `nilai_ujianproposal`, `nilai_seminarhasil`, `nilai_ujianta`, `hasilakhir`, `created_at`, `updated_at`) VALUES
	('7db608d7-30cb-400a-9cd0-dacb789449ab', '20489be4-302b-424b-af1d-a6ff22038e77', NULL, '7', '27.5', '80.49', '114.99', NULL, NULL);

-- Dumping structure for table d3ti_psdku.simta_pengajuanbimbingan
CREATE TABLE IF NOT EXISTS `simta_pengajuanbimbingan` (
  `id_bimbingan` int NOT NULL AUTO_INCREMENT,
  `id_mhs` varchar(50) CHARACTER SET utf8mb3 COLLATE utf8mb3_general_ci DEFAULT NULL,
  `id_staf` varchar(50) CHARACTER SET utf8mb3 COLLATE utf8mb3_general_ci DEFAULT NULL,
  `jadwal_bimbingan` varchar(100) CHARACTER SET utf8mb3 COLLATE utf8mb3_general_ci DEFAULT NULL,
  `ruang_bimbingan` varchar(100) DEFAULT NULL,
  `jam_mulai` varchar(100) DEFAULT NULL,
  `hasil_bimbingan` text CHARACTER SET utf8mb3 COLLATE utf8mb3_general_ci,
  `status_ajuan` enum('diterima','ditolak','pending') CHARACTER SET utf8mb3 COLLATE utf8mb3_general_ci DEFAULT 'pending',
  `created_at` varchar(100) DEFAULT NULL,
  `update_at` varchar(100) DEFAULT NULL,
  PRIMARY KEY (`id_bimbingan`),
  KEY `simta_pengajuanbimbingan_FK` (`id_staf`),
  KEY `simta_pengajuanbimbingan_FK_1` (`id_mhs`),
  CONSTRAINT `simta_pengajuanbimbingan_FK` FOREIGN KEY (`id_staf`) REFERENCES `staf` (`id_staf`) ON DELETE CASCADE ON UPDATE CASCADE,
  CONSTRAINT `simta_pengajuanbimbingan_FK_1` FOREIGN KEY (`id_mhs`) REFERENCES `mahasiswa` (`id_mhs`) ON DELETE CASCADE ON UPDATE CASCADE
) ENGINE=InnoDB AUTO_INCREMENT=72 DEFAULT CHARSET=utf8mb3 COLLATE=utf8mb3_general_ci;

-- Dumping data for table d3ti_psdku.simta_pengajuanbimbingan: ~3 rows (approximately)
INSERT INTO `simta_pengajuanbimbingan` (`id_bimbingan`, `id_mhs`, `id_staf`, `jadwal_bimbingan`, `ruang_bimbingan`, `jam_mulai`, `hasil_bimbingan`, `status_ajuan`, `created_at`, `update_at`) VALUES
	(5, 'dd7c99ca-3c17-40de-9fb8-a73b67fd01c8', 'a824dac5-f9e3-4d88-b45c-12db0abde21f', '1678467600000', 'Lab 5', NULL, NULL, 'diterima', '1687743180472', NULL),
	(70, 'b6f81c6a-2e57-40a9-b58e-7468a635f4a6', '06dc2517-ec02-437b-a355-bb36097e62ed', '1687366800000', 'ruang lab 5', NULL, 'pemerintah', 'diterima', '1687251644451', NULL),
	(71, 'dd7c99ca-3c17-40de-9fb8-a73b67fd01c8', 'a824dac5-f9e3-4d88-b45c-12db0abde21f', '1678467600000', 'Lab 5', NULL, 'Masih kurang ', 'diterima', '1687705551245', NULL);

-- Dumping structure for table d3ti_psdku.simta_pengajuanjudul
CREATE TABLE IF NOT EXISTS `simta_pengajuanjudul` (
  `id_pengajuanjudul` varchar(50) NOT NULL,
  `id_mhs` varchar(50) CHARACTER SET utf8mb3 COLLATE utf8mb3_general_ci NOT NULL,
  `id_staf` varchar(50) CHARACTER SET utf8mb3 COLLATE utf8mb3_general_ci DEFAULT NULL,
  `nama_judul1` varchar(255) CHARACTER SET utf8mb3 COLLATE utf8mb3_general_ci NOT NULL,
  `deskripsi_sistem1` varchar(255) CHARACTER SET utf8mb3 COLLATE utf8mb3_general_ci NOT NULL,
  `nama_judul2` varchar(255) CHARACTER SET utf8mb3 COLLATE utf8mb3_general_ci NOT NULL,
  `deskripsi_sistem2` varchar(255) CHARACTER SET utf8mb3 COLLATE utf8mb3_general_ci NOT NULL,
  `nama_judul3` varchar(255) CHARACTER SET utf8mb3 COLLATE utf8mb3_general_ci NOT NULL,
  `deskripsi_sistem3` varchar(255) CHARACTER SET utf8mb3 COLLATE utf8mb3_general_ci NOT NULL,
  `catatan` varchar(255) CHARACTER SET utf8mb3 COLLATE utf8mb3_general_ci DEFAULT NULL,
  `status_pj` enum('DIAJUKAN','DISETUJUI PILIHAN 1','DISETUJUI PILIHAN 2','DISETUJUI PILIHAN 3','DITOLAK') CHARACTER SET utf8mb3 COLLATE utf8mb3_general_ci DEFAULT 'DIAJUKAN',
  `created_at` varchar(50) CHARACTER SET utf8mb3 COLLATE utf8mb3_general_ci DEFAULT NULL,
  `updated_at` varchar(50) CHARACTER SET utf8mb3 COLLATE utf8mb3_general_ci DEFAULT NULL,
  PRIMARY KEY (`id_pengajuanjudul`),
  KEY `id_mhs` (`id_mhs`),
  KEY `id_staf` (`id_staf`),
  CONSTRAINT `FK_simta_pengajuanjudul_mahasiswa` FOREIGN KEY (`id_mhs`) REFERENCES `mahasiswa` (`id_mhs`) ON DELETE CASCADE ON UPDATE CASCADE,
  CONSTRAINT `FK_simta_pengajuanjudul_staf` FOREIGN KEY (`id_staf`) REFERENCES `staf` (`id_staf`) ON DELETE CASCADE ON UPDATE CASCADE
) ENGINE=InnoDB DEFAULT CHARSET=utf8mb3 COLLATE=utf8mb3_general_ci;

-- Dumping data for table d3ti_psdku.simta_pengajuanjudul: ~3 rows (approximately)
INSERT INTO `simta_pengajuanjudul` (`id_pengajuanjudul`, `id_mhs`, `id_staf`, `nama_judul1`, `deskripsi_sistem1`, `nama_judul2`, `deskripsi_sistem2`, `nama_judul3`, `deskripsi_sistem3`, `catatan`, `status_pj`, `created_at`, `updated_at`) VALUES
	('076dd218-cdb3-4978-afd6-7bd21e2fd844', 'dd7c99ca-3c17-40de-9fb8-a73b67fd01c8', 'a824dac5-f9e3-4d88-b45c-12db0abde21f', 'judul1', 'desk 1', 'judul 2', 'desk2 ', 'judul 3', 'desk3', 'Bagus banget', 'DISETUJUI PILIHAN 2', '1687743011930', '1687743515829'),
	('8457466487jfjh7g72g', 'b6f81c6a-2e57-40a9-b58e-7468a635f4a6', '06dc2517-ec02-437b-a355-bb36097e62ed', 'baru', 'ggwp', 'anyar', 'iyaa', 'new', 'uwow', 'Bagus', 'DISETUJUI PILIHAN 1', '1686148635345', '1687070690933'),
	('abcbc926-1f7e-4e2f-b9e0-e6b58f13dffc', 'dd7c99ca-3c17-40de-9fb8-a73b67fd01c8', 'a824dac5-f9e3-4d88-b45c-12db0abde21f', 'judul 1', 'desk 1', 'judul 2', 'desk 2', 'judul 3', 'desk 3', 'Bagus banget', 'DISETUJUI PILIHAN 1', '1687704767804', '1687706063343');

-- Dumping structure for table d3ti_psdku.simta_penguji_ujianproposal
CREATE TABLE IF NOT EXISTS `simta_penguji_ujianproposal` (
  `id_penguji_ujianproposal` varchar(50) NOT NULL,
  `id_staf` varchar(50) NOT NULL,
  `id_ujianproposal` varchar(50) NOT NULL,
  `nama_penguji` enum('PENGUJI 1','PENGUJI 2') CHARACTER SET utf8mb3 COLLATE utf8mb3_general_ci DEFAULT NULL,
  `nilai_ujianproposal` varchar(50) DEFAULT NULL,
  `status_up` enum('diajukan','lulus','lulus dengan revisi','gagal') DEFAULT NULL,
  `catatan` varchar(50) DEFAULT NULL,
  `created_at` varchar(50) DEFAULT NULL,
  `updated_at` varchar(50) DEFAULT NULL,
  PRIMARY KEY (`id_penguji_ujianproposal`),
  KEY `id_staf` (`id_staf`),
  KEY `id_ujianproposal` (`id_ujianproposal`),
  CONSTRAINT `FK_simta_penguji_ujianproposal_simta_ujianproposal` FOREIGN KEY (`id_ujianproposal`) REFERENCES `simta_ujianproposal` (`id_ujianproposal`) ON DELETE CASCADE ON UPDATE CASCADE,
  CONSTRAINT `FK_simta_penguji_ujianproposal_staf` FOREIGN KEY (`id_staf`) REFERENCES `staf` (`id_staf`) ON DELETE CASCADE ON UPDATE CASCADE
) ENGINE=InnoDB DEFAULT CHARSET=utf8mb3 COLLATE=utf8mb3_general_ci;

-- Dumping data for table d3ti_psdku.simta_penguji_ujianproposal: ~6 rows (approximately)
INSERT INTO `simta_penguji_ujianproposal` (`id_penguji_ujianproposal`, `id_staf`, `id_ujianproposal`, `nama_penguji`, `nilai_ujianproposal`, `status_up`, `catatan`, `created_at`, `updated_at`) VALUES
	('07eb4aac-ae2d-4cab-bded-3a30d41b5658', '06dc2517-ec02-437b-a355-bb36097e62ed', '62875101-351e-428a-9882-9663b41c0a30', 'PENGUJI 2', NULL, NULL, NULL, '1688134206300', NULL),
	('2de1c55b-e001-45b6-b9ab-8af13d74d958', '5eae0306-19ab-4227-9668-a1dec13182c3', '62875101-351e-428a-9882-9663b41c0a30', 'PENGUJI 1', NULL, NULL, NULL, '1688134257395', NULL),
	('6c23e850-6c15-4cd4-b2c7-16a3402a1614', '5eae0306-19ab-4227-9668-a1dec13182c3', '62875101-351e-428a-9882-9663b41c0a30', 'PENGUJI 1', NULL, NULL, NULL, '1688134206300', NULL),
	('922103f5-f5c7-4ec7-9455-ce75858b3c68', 'a824dac5-f9e3-4d88-b45c-12db0abde21f', '20489be4-302b-424b-af1d-a6ff22038e77', 'PENGUJI 1', '60', 'lulus dengan revisi', 'simta', '1687846211175', NULL),
	('9524f44e-4eea-4467-ab12-edfba24b90f4', '06dc2517-ec02-437b-a355-bb36097e62ed', '62875101-351e-428a-9882-9663b41c0a30', 'PENGUJI 2', NULL, NULL, NULL, '1688134257395', NULL),
	('b0bf6bb7-0096-43fe-a05d-048caa08bf59', '4018b49a-d2d6-43d9-a6b8-975ff5973846', '20489be4-302b-424b-af1d-a6ff22038e77', 'PENGUJI 2', '85', 'lulus dengan revisi', 'simta', '1687846211175', NULL);

-- Dumping structure for table d3ti_psdku.simta_penguji_ujianta
CREATE TABLE IF NOT EXISTS `simta_penguji_ujianta` (
  `id_penguji_ujianta` varchar(50) NOT NULL,
  `id_staf` varchar(50) NOT NULL,
  `id_ujianta` varchar(50) NOT NULL,
  `nama_penguji` enum('PENGUJI 1','PENGUJI 2','PENGUJI 3') CHARACTER SET utf8mb3 COLLATE utf8mb3_general_ci NOT NULL,
  `nilai_ujianta` varchar(50) CHARACTER SET utf8mb3 COLLATE utf8mb3_general_ci NOT NULL,
  `status_ut` enum('diajukan','lulus','lulus dengan revisi','gagal') NOT NULL DEFAULT 'diajukan',
  `catatan` varchar(50) NOT NULL,
  `created_at` varchar(50) NOT NULL,
  `updated_at` varchar(50) NOT NULL,
  PRIMARY KEY (`id_penguji_ujianta`),
  KEY `id_staf` (`id_staf`),
  KEY `id_ujianta` (`id_ujianta`),
  CONSTRAINT `FK_simta_penguji_ujianta_simta_ujianta` FOREIGN KEY (`id_ujianta`) REFERENCES `simta_ujianta` (`id_ujianta`) ON DELETE CASCADE ON UPDATE CASCADE,
  CONSTRAINT `FK_simta_penguji_ujianta_staf` FOREIGN KEY (`id_staf`) REFERENCES `staf` (`id_staf`) ON DELETE CASCADE ON UPDATE CASCADE
) ENGINE=InnoDB DEFAULT CHARSET=utf8mb3 COLLATE=utf8mb3_general_ci;

-- Dumping data for table d3ti_psdku.simta_penguji_ujianta: ~2 rows (approximately)
INSERT INTO `simta_penguji_ujianta` (`id_penguji_ujianta`, `id_staf`, `id_ujianta`, `nama_penguji`, `nilai_ujianta`, `status_ut`, `catatan`, `created_at`, `updated_at`) VALUES
	('10cb2e20-df04-4dc1-9848-4ccb76e52e94', 'f248b15e-5d9a-44a6-a8e7-aed6ba444054', '825425b8-1f45-41f8-aa03-5464da7e6918', 'PENGUJI 3', '75', 'lulus dengan revisi', 'simta', '1687846675376', ''),
	('b792c63e-238e-49d9-b59c-33d64df004f8', 'd1fb9b43-40ef-4ba6-885c-07b57ddd40f4', '825425b8-1f45-41f8-aa03-5464da7e6918', 'PENGUJI 2', '75', 'diajukan', 'simtaS', '1687846675376', ''),
	('fd44ffa1-3f57-452d-8d91-4f11aaf12213', '4018b49a-d2d6-43d9-a6b8-975ff5973846', '825425b8-1f45-41f8-aa03-5464da7e6918', 'PENGUJI 1', '88', 'lulus', 'Bagus', '1687846675376', '1688050045141');

-- Dumping structure for table d3ti_psdku.simta_persyaratansetelahlulus
CREATE TABLE IF NOT EXISTS `simta_persyaratansetelahlulus` (
  `id_persyaratan` varchar(100) CHARACTER SET utf8mb3 COLLATE utf8mb3_general_ci NOT NULL,
  `id_mhs` varchar(100) CHARACTER SET utf8mb3 COLLATE utf8mb3_general_ci DEFAULT NULL,
  `Laporan_lengkap` varchar(100) DEFAULT NULL,
  `halaman_pengesahan` varchar(100) DEFAULT NULL,
  `halaman_persetujuandosen` varchar(100) DEFAULT NULL,
  `source_code` varchar(100) DEFAULT NULL,
  `manual_book` varchar(100) DEFAULT NULL,
  `ktp` varchar(100) DEFAULT NULL,
  PRIMARY KEY (`id_persyaratan`),
  KEY `simta_persyaratansetelahlulus_FK` (`id_mhs`),
  CONSTRAINT `simta_persyaratansetelahlulus_FK` FOREIGN KEY (`id_mhs`) REFERENCES `mahasiswa` (`id_mhs`)
) ENGINE=InnoDB DEFAULT CHARSET=utf8mb3 COLLATE=utf8mb3_general_ci;

-- Dumping data for table d3ti_psdku.simta_persyaratansetelahlulus: ~1 rows (approximately)
INSERT INTO `simta_persyaratansetelahlulus` (`id_persyaratan`, `id_mhs`, `Laporan_lengkap`, `halaman_pengesahan`, `halaman_persetujuandosen`, `source_code`, `manual_book`, `ktp`) VALUES
	('a7bc184d-59c1-4e86-82f5-077e3abcb25f', 'b6f81c6a-2e57-40a9-b58e-7468a635f4a6', '1688544071_9da7687733af34553d2f.pdf', '1688544072_20765498a75b3dd43860.pdf', '1688544072_4313f12856fcaff04a04.pdf', 'uuy', '1688544073_ee3b9f9b9d8ee96f2103.pdf', '1688544073_0e2ecffd72e187578568.pdf');

-- Dumping structure for table d3ti_psdku.simta_rekomendasi
CREATE TABLE IF NOT EXISTS `simta_rekomendasi` (
  `id_rekomendasi` varchar(50) NOT NULL,
  `id_staf` varchar(50) NOT NULL,
  `id_pengajuanjudul` varchar(50) NOT NULL,
  `nama_rekomendasi` enum('REKOMENDASI 1','REKOMENDASI 2') CHARACTER SET utf8mb3 COLLATE utf8mb3_general_ci NOT NULL,
  `created_at` varchar(50) DEFAULT NULL,
  `updated_at` varchar(50) DEFAULT NULL,
  PRIMARY KEY (`id_rekomendasi`),
  KEY `id_staf` (`id_staf`),
  KEY `id_pengajuanjudul` (`id_pengajuanjudul`),
  CONSTRAINT `FK_simta_rekomendasi_simta_pengajuanjudul` FOREIGN KEY (`id_pengajuanjudul`) REFERENCES `simta_pengajuanjudul` (`id_pengajuanjudul`) ON DELETE CASCADE ON UPDATE CASCADE,
  CONSTRAINT `FK_simta_rekomendasi_staf` FOREIGN KEY (`id_staf`) REFERENCES `staf` (`id_staf`) ON DELETE CASCADE ON UPDATE CASCADE
) ENGINE=InnoDB DEFAULT CHARSET=utf8mb3 COLLATE=utf8mb3_general_ci;

-- Dumping data for table d3ti_psdku.simta_rekomendasi: ~5 rows (approximately)
INSERT INTO `simta_rekomendasi` (`id_rekomendasi`, `id_staf`, `id_pengajuanjudul`, `nama_rekomendasi`, `created_at`, `updated_at`) VALUES
	('23dd9cd9-8d39-42a7-b984-f5616cf12e40', 'a824dac5-f9e3-4d88-b45c-12db0abde21f', '076dd218-cdb3-4978-afd6-7bd21e2fd844', 'REKOMENDASI 1', '1687743066258', NULL),
	('76c985cd-d06d-4ff5-bd2a-8fe69e8e92f6', '5eae0306-19ab-4227-9668-a1dec13182c3', '8457466487jfjh7g72g', 'REKOMENDASI 1', '1686149425006', NULL),
	('ae3dfe32-4c30-45e7-94df-83e5fb2b1905', 'a824dac5-f9e3-4d88-b45c-12db0abde21f', '8457466487jfjh7g72g', 'REKOMENDASI 2', '1686149494628', NULL),
	('bedb93b6-a381-44f9-86c3-388492a9a749', 'f248b15e-5d9a-44a6-a8e7-aed6ba444054', 'abcbc926-1f7e-4e2f-b9e0-e6b58f13dffc', 'REKOMENDASI 2', '1687704925126', NULL),
	('ccb2e7d9-6795-4920-b5b4-db457ff31001', 'a824dac5-f9e3-4d88-b45c-12db0abde21f', 'abcbc926-1f7e-4e2f-b9e0-e6b58f13dffc', 'REKOMENDASI 1', '1687704892396', NULL);

-- Dumping structure for table d3ti_psdku.simta_seminarhasil
CREATE TABLE IF NOT EXISTS `simta_seminarhasil` (
  `id_seminarhasil` varchar(100) NOT NULL,
  `id_mhs` varchar(100) CHARACTER SET utf8mb3 COLLATE utf8mb3_general_ci DEFAULT NULL,
  `id_staf` varchar(100) CHARACTER SET utf8mb3 COLLATE utf8mb3_general_ci DEFAULT NULL,
  `id_ujianproposal` varchar(100) DEFAULT NULL,
  `nama_judul` varchar(20) CHARACTER SET utf8mb3 COLLATE utf8mb3_general_ci DEFAULT NULL,
  `abstrak` varchar(225) CHARACTER SET utf8mb3 COLLATE utf8mb3_general_ci DEFAULT NULL,
  `jadwal_semhas` varchar(100) CHARACTER SET utf8mb3 COLLATE utf8mb3_general_ci DEFAULT NULL,
  `jam_mulai` varchar(100) DEFAULT NULL,
  `jam_selesai` varchar(100) DEFAULT NULL,
  `ruang_semhas` varchar(100) CHARACTER SET utf8mb3 COLLATE utf8mb3_general_ci DEFAULT NULL,
  `nilai_total` varchar(50) DEFAULT NULL,
  `status_ajuan` enum('diterima','ditolak','pending') CHARACTER SET utf8mb3 COLLATE utf8mb3_general_ci NOT NULL DEFAULT 'pending',
  `status_sh` enum('diajukan','lulus','lulus dengan revisi','gagal') CHARACTER SET utf8mb3 COLLATE utf8mb3_general_ci NOT NULL DEFAULT 'diajukan',
  `catatan` varchar(50) DEFAULT NULL,
  `proposal_seminarhasil` varchar(255) CHARACTER SET utf8mb3 COLLATE utf8mb3_general_ci DEFAULT NULL,
  `persetujuan_dosen` varchar(255) CHARACTER SET utf8mb3 COLLATE utf8mb3_general_ci DEFAULT NULL,
  `berita_acara` varchar(50) CHARACTER SET utf8mb3 COLLATE utf8mb3_general_ci DEFAULT NULL,
  `revisi_proposal` varchar(255) CHARACTER SET utf8mb3 COLLATE utf8mb3_general_ci DEFAULT NULL,
  `created_at` varchar(100) DEFAULT NULL,
  `updated_at` varchar(100) CHARACTER SET utf8mb3 COLLATE utf8mb3_general_ci DEFAULT NULL,
  PRIMARY KEY (`id_seminarhasil`),
  KEY `simta_seminarhasil_FK` (`id_mhs`),
  KEY `simta_seminarhasil_FK_1` (`id_staf`),
  KEY `id_ujianproposal` (`id_ujianproposal`),
  CONSTRAINT `FK_simta_seminarhasil_simta_ujianproposal` FOREIGN KEY (`id_ujianproposal`) REFERENCES `simta_ujianproposal` (`id_ujianproposal`) ON DELETE CASCADE ON UPDATE CASCADE,
  CONSTRAINT `simta_seminarhasil_FK` FOREIGN KEY (`id_mhs`) REFERENCES `mahasiswa` (`id_mhs`),
  CONSTRAINT `simta_seminarhasil_FK_1` FOREIGN KEY (`id_staf`) REFERENCES `staf` (`id_staf`)
) ENGINE=InnoDB DEFAULT CHARSET=utf8mb3 COLLATE=utf8mb3_general_ci;

-- Dumping data for table d3ti_psdku.simta_seminarhasil: ~3 rows (approximately)
INSERT INTO `simta_seminarhasil` (`id_seminarhasil`, `id_mhs`, `id_staf`, `id_ujianproposal`, `nama_judul`, `abstrak`, `jadwal_semhas`, `jam_mulai`, `jam_selesai`, `ruang_semhas`, `nilai_total`, `status_ajuan`, `status_sh`, `catatan`, `proposal_seminarhasil`, `persetujuan_dosen`, `berita_acara`, `revisi_proposal`, `created_at`, `updated_at`) VALUES
	('78b24f79-e9d2-4d42-9b50-5937f1614f59', 'b6f81c6a-2e57-40a9-b58e-7468a635f4a6', '06dc2517-ec02-437b-a355-bb36097e62ed', NULL, 'yyy', 'gggg', '1687712400000', '1688083200000', '1688086800000', 'Lab 3', NULL, 'diterima', 'diajukan', '', '1687781617_1e08644502a3d89fc2b7.pdf', 'dosen.pdf', 'berita.pdf', NULL, '1687781628878', '1688086927444'),
	('b9e8476e-4347-4418-948f-4072e07298b8', 'b6f81c6a-2e57-40a9-b58e-7468a635f4a6', '4018b49a-d2d6-43d9-a6b8-975ff5973846', NULL, 'simta', 'simta', '1687194000000', '1686614400000', '1686616200000', 'lab 4', '27', 'diterima', 'lulus', 'halloy9', '', NULL, NULL, NULL, '1687253653235', NULL),
	('d0c9c44c-8a5d-4761-84ad-01b8c3fba87f', 'dd7c99ca-3c17-40de-9fb8-a73b67fd01c8', '4018b49a-d2d6-43d9-a6b8-975ff5973846', '20489be4-302b-424b-af1d-a6ff22038e77', 'simta', 'simta', '1694365200000', '1688083200000', '1688090400000', 'Lab 3', '27', 'diterima', 'lulus dengan revisi', 'simtar86', '1688086844_961ec7505ceb5fd5d53e.pdf', '1688086844_4a4b02d339ad7215e6c2.pdf', '1688086844_dfce9be9af0e30be6ec4.pdf', NULL, '1688086844815', '1688086989433');

-- Dumping structure for table d3ti_psdku.simta_taterdahulu
CREATE TABLE IF NOT EXISTS `simta_taterdahulu` (
  `id_taterdahulu` varchar(50) NOT NULL,
  `id_mhs` varchar(50) CHARACTER SET utf8mb3 COLLATE utf8mb3_general_ci NOT NULL,
  `judul_ta` varchar(15) CHARACTER SET utf8mb3 COLLATE utf8mb3_general_ci DEFAULT NULL,
  `abstrak` varchar(255) CHARACTER SET utf8mb3 COLLATE utf8mb3_general_ci DEFAULT NULL,
  `dokumen_ta` varchar(200) CHARACTER SET utf8mb3 COLLATE utf8mb3_general_ci DEFAULT NULL,
  `created_at` varchar(50) CHARACTER SET utf8mb3 COLLATE utf8mb3_general_ci DEFAULT NULL,
  `updated_at` varchar(50) CHARACTER SET utf8mb3 COLLATE utf8mb3_general_ci DEFAULT NULL,
  PRIMARY KEY (`id_taterdahulu`),
  KEY `id_mhs` (`id_mhs`),
  CONSTRAINT `FK_simta_taterdahulu_mahasiswa` FOREIGN KEY (`id_mhs`) REFERENCES `mahasiswa` (`id_mhs`) ON DELETE CASCADE ON UPDATE CASCADE
) ENGINE=InnoDB DEFAULT CHARSET=utf8mb3 COLLATE=utf8mb3_general_ci;

-- Dumping data for table d3ti_psdku.simta_taterdahulu: ~2 rows (approximately)
INSERT INTO `simta_taterdahulu` (`id_taterdahulu`, `id_mhs`, `judul_ta`, `abstrak`, `dokumen_ta`, `created_at`, `updated_at`) VALUES
	('9e93a1e3-6eba-4b77-accd-e56853dd857e', '19084105-c0d3-43ad-a0c0-38d3a39e1b72', 'simta', 'simta', '1687420198_a9629abd9682ce37d2a8.pdf', '1687420198816', '1687420198816'),
	('a22c53dd-cac4-4c55-b716-c826ba7a7518', '1c933cc0-43fa-47e5-94ce-f5c17563efea', 'simta', 'simta 1 ', '1687424659_62e8eab628d8c12723ed.pdf', '1687424659051', '1687742827439');

-- Dumping structure for table d3ti_psdku.simta_totalnilai
CREATE TABLE IF NOT EXISTS `simta_totalnilai` (
  `id_totalnilai` varchar(50) NOT NULL,
  `id_staf` varchar(50) NOT NULL,
  `id_hasilakhir` varchar(50) CHARACTER SET utf8mb3 COLLATE utf8mb3_general_ci NOT NULL,
  `nilai_ujianproposal` varchar(50) CHARACTER SET utf8mb3 COLLATE utf8mb3_general_ci DEFAULT NULL,
  `nilai_seminarhasil` varchar(50) CHARACTER SET utf8mb3 COLLATE utf8mb3_general_ci DEFAULT NULL,
  `nilai_ujianta` varchar(50) CHARACTER SET utf8mb3 COLLATE utf8mb3_general_ci DEFAULT NULL,
  `hasilakhir` varchar(50) CHARACTER SET utf8mb3 COLLATE utf8mb3_general_ci DEFAULT NULL,
  PRIMARY KEY (`id_totalnilai`),
  KEY `FK_simta_totalnilai_simta_hasilakhir` (`id_hasilakhir`),
  KEY `id_staf` (`id_staf`),
  CONSTRAINT `FK_simta_totalnilai_simta_hasilakhir` FOREIGN KEY (`id_hasilakhir`) REFERENCES `simta_hasilakhir` (`id_hasilakhir`) ON DELETE CASCADE ON UPDATE CASCADE,
  CONSTRAINT `FK_simta_totalnilai_staf` FOREIGN KEY (`id_staf`) REFERENCES `staf` (`id_staf`) ON DELETE CASCADE ON UPDATE CASCADE
) ENGINE=InnoDB DEFAULT CHARSET=utf8mb3 COLLATE=utf8mb3_general_ci;

-- Dumping data for table d3ti_psdku.simta_totalnilai: ~0 rows (approximately)

-- Dumping structure for table d3ti_psdku.simta_ujianproposal
CREATE TABLE IF NOT EXISTS `simta_ujianproposal` (
  `id_ujianproposal` varchar(50) NOT NULL,
  `id_mhs` varchar(50) CHARACTER SET utf8mb3 COLLATE utf8mb3_general_ci NOT NULL,
  `id_staf` varchar(50) CHARACTER SET utf8mb3 COLLATE utf8mb3_general_ci NOT NULL,
  `nama_judul` varchar(255) CHARACTER SET utf8mb3 COLLATE utf8mb3_general_ci NOT NULL,
  `abstrak` varchar(255) CHARACTER SET utf8mb3 COLLATE utf8mb3_general_ci NOT NULL,
  `tanggal` varchar(50) CHARACTER SET utf8mb3 COLLATE utf8mb3_general_ci DEFAULT NULL,
  `ruang_sempro` varchar(100) DEFAULT NULL,
  `jam_mulai` varchar(100) DEFAULT NULL,
  `jam_selesai` varchar(100) DEFAULT NULL,
  `status_ajuan` enum('diterima','ditolak','pending') CHARACTER SET utf8mb3 COLLATE utf8mb3_general_ci NOT NULL DEFAULT 'pending',
  `status_up` enum('diajukan','lulus','lulus dengan revisi','gagal') CHARACTER SET utf8mb3 COLLATE utf8mb3_general_ci NOT NULL DEFAULT 'diajukan',
  `catatan` varchar(255) CHARACTER SET utf8mb3 COLLATE utf8mb3_general_ci DEFAULT NULL,
  `nilai_totalujian` varchar(255) CHARACTER SET utf8mb3 COLLATE utf8mb3_general_ci DEFAULT NULL,
  `proposalawal` varchar(255) CHARACTER SET utf8mb3 COLLATE utf8mb3_general_ci NOT NULL,
  `revisi_proposal` varchar(225) DEFAULT NULL,
  `transkrip_nilai` varchar(225) DEFAULT NULL,
  `created_at` varchar(255) CHARACTER SET utf8mb3 COLLATE utf8mb3_general_ci DEFAULT NULL,
  `updated_at` varchar(255) CHARACTER SET utf8mb3 COLLATE utf8mb3_general_ci DEFAULT NULL,
  PRIMARY KEY (`id_ujianproposal`),
  KEY `id_mhs` (`id_mhs`),
  KEY `id_staf` (`id_staf`),
  CONSTRAINT `FK_simta_ujianproposal_mahasiswa` FOREIGN KEY (`id_mhs`) REFERENCES `mahasiswa` (`id_mhs`) ON DELETE CASCADE ON UPDATE CASCADE,
  CONSTRAINT `FK_simta_ujianproposal_staf` FOREIGN KEY (`id_staf`) REFERENCES `staf` (`id_staf`) ON DELETE CASCADE ON UPDATE CASCADE
) ENGINE=InnoDB DEFAULT CHARSET=utf8mb3 COLLATE=utf8mb3_general_ci;

-- Dumping data for table d3ti_psdku.simta_ujianproposal: ~3 rows (approximately)
INSERT INTO `simta_ujianproposal` (`id_ujianproposal`, `id_mhs`, `id_staf`, `nama_judul`, `abstrak`, `tanggal`, `ruang_sempro`, `jam_mulai`, `jam_selesai`, `status_ajuan`, `status_up`, `catatan`, `nilai_totalujian`, `proposalawal`, `revisi_proposal`, `transkrip_nilai`, `created_at`, `updated_at`) VALUES
	('20489be4-302b-424b-af1d-a6ff22038e77', 'dd7c99ca-3c17-40de-9fb8-a73b67fd01c8', 'a824dac5-f9e3-4d88-b45c-12db0abde21f', 'simta', 'simta', '1676048400000', 'Ruang Lab 3 lt 6', '1687651200000', '1687654800000', 'diterima', 'lulus dengan revisi', NULL, '7', '1687705676_16f588a70b1b1b013eff.pdf', '1687706986_a6b7814fecf56841c3c1.pdf', '1687705676_6fe5ecb45729371c0411.pdf', '1687705676675', '1687706986456'),
	('62875101-351e-428a-9882-9663b41c0a30', 'dd7c99ca-3c17-40de-9fb8-a73b67fd01c8', 'a824dac5-f9e3-4d88-b45c-12db0abde21f', 'simta', 'simta', '1676048400000', 'Ruang Lab 3 lt 6', '1687737600000', '1687739400000', 'diterima', 'diajukan', NULL, '10', '1687743242_f880c63db7b468efb54a.pdf', NULL, '1687743242_925fbe8ba83058dfd731.pdf', '1687743242213', '1687743569544'),
	('814c1212-bf7f-45ef-95d4-a585cbfc0022', 'b6f81c6a-2e57-40a9-b58e-7468a635f4a6', '06dc2517-ec02-437b-a355-bb36097e62ed', 'simta', 'Simta abstrak', '1687366800000', 'ruang lab 4', '1687397400000', '1687402800000', 'diterima', 'lulus dengan revisi', 'hallo', NULL, '1687252039_320deeed61fcfe0942e4.pdf', '1687487256_d03fece3bea8bc916823.pdf', NULL, '1687252046685', '1687450290436');

-- Dumping structure for table d3ti_psdku.simta_ujianta
CREATE TABLE IF NOT EXISTS `simta_ujianta` (
  `id_ujianta` varchar(50) CHARACTER SET utf8mb3 COLLATE utf8mb3_general_ci NOT NULL,
  `id_mhs` varchar(50) CHARACTER SET utf8mb3 COLLATE utf8mb3_general_ci NOT NULL,
  `id_staf` varchar(50) CHARACTER SET utf8mb3 COLLATE utf8mb3_general_ci NOT NULL,
  `id_ujianproposal` varchar(50) DEFAULT NULL,
  `nama_judul` varchar(255) NOT NULL,
  `abstrak` varchar(255) CHARACTER SET utf8mb3 COLLATE utf8mb3_general_ci NOT NULL,
  `ruangan` varchar(255) CHARACTER SET utf8mb3 COLLATE utf8mb3_general_ci DEFAULT NULL,
  `tanggal` varchar(50) CHARACTER SET utf8mb3 COLLATE utf8mb3_general_ci NOT NULL,
  `jam_mulai` varchar(50) CHARACTER SET utf8mb3 COLLATE utf8mb3_general_ci DEFAULT NULL,
  `jam_selesai` varchar(50) CHARACTER SET utf8mb3 COLLATE utf8mb3_general_ci DEFAULT NULL,
  `status_ajuan` enum('diterima','ditolak','pending') CHARACTER SET utf8mb3 COLLATE utf8mb3_general_ci NOT NULL DEFAULT 'pending',
  `status_ut` enum('diajukan','lulus','lulus dengan revisi','gagal') CHARACTER SET utf8mb3 COLLATE utf8mb3_general_ci NOT NULL DEFAULT 'diajukan',
  `catatan` varchar(255) CHARACTER SET utf8mb3 COLLATE utf8mb3_general_ci DEFAULT NULL,
  `nilai_totalujian` varchar(255) CHARACTER SET utf8mb3 COLLATE utf8mb3_general_ci DEFAULT NULL,
  `proposalakhir` varchar(255) CHARACTER SET utf8mb3 COLLATE utf8mb3_general_ci NOT NULL,
  `berita_acarakmm` varchar(255) DEFAULT NULL,
  `krs` varchar(255) DEFAULT NULL,
  `transkrip_nilai` varchar(255) DEFAULT NULL,
  `rekomendasi_dospem` varchar(255) CHARACTER SET utf8mb3 COLLATE utf8mb3_general_ci DEFAULT NULL,
  `revisi_proposal` varchar(255) DEFAULT NULL,
  `created_at` varchar(255) CHARACTER SET utf8mb3 COLLATE utf8mb3_general_ci DEFAULT NULL,
  `updated_at` varchar(255) CHARACTER SET utf8mb3 COLLATE utf8mb3_general_ci DEFAULT NULL,
  PRIMARY KEY (`id_ujianta`),
  KEY `id_mhs` (`id_mhs`),
  KEY `id_staf` (`id_staf`),
  KEY `id_ujianproposal` (`id_ujianproposal`),
  CONSTRAINT `FK_simta_ujianta_mahasiswa` FOREIGN KEY (`id_mhs`) REFERENCES `mahasiswa` (`id_mhs`) ON DELETE CASCADE ON UPDATE CASCADE,
  CONSTRAINT `FK_simta_ujianta_simta_ujianproposal` FOREIGN KEY (`id_ujianproposal`) REFERENCES `simta_ujianproposal` (`id_ujianproposal`) ON DELETE CASCADE ON UPDATE CASCADE,
  CONSTRAINT `FK_simta_ujianta_staf` FOREIGN KEY (`id_staf`) REFERENCES `staf` (`id_staf`) ON DELETE CASCADE ON UPDATE CASCADE
) ENGINE=InnoDB DEFAULT CHARSET=utf8mb3 COLLATE=utf8mb3_general_ci;

-- Dumping data for table d3ti_psdku.simta_ujianta: ~3 rows (approximately)
INSERT INTO `simta_ujianta` (`id_ujianta`, `id_mhs`, `id_staf`, `id_ujianproposal`, `nama_judul`, `abstrak`, `ruangan`, `tanggal`, `jam_mulai`, `jam_selesai`, `status_ajuan`, `status_ut`, `catatan`, `nilai_totalujian`, `proposalakhir`, `berita_acarakmm`, `krs`, `transkrip_nilai`, `rekomendasi_dospem`, `revisi_proposal`, `created_at`, `updated_at`) VALUES
	('825425b8-1f45-41f8-aa03-5464da7e6918', 'b6f81c6a-2e57-40a9-b58e-7468a635f4a6', '06dc2517-ec02-437b-a355-bb36097e62ed', NULL, 'simta ta', 'simta', 'lab 6', '1687885200000', '1687737600000', '1687402800000', 'diterima', 'lulus dengan revisi', '', '47.6', '1687668458_4b2260f5ba4c255da47a.pdf', '1687668462_3660e26e3d0963349247.pdf', '1687668470_e15a04822240f22a7ef6.pdf', '1687668476_b5df51babb1063cbb7c6.pdf', '1687668481_7365bfe364330643e5a1.pdf', '1688535701_3067191d686a45e1cdc9.pdf', '1687668483273', NULL),
	('90485c72-6b2e-4b13-be23-037c9d87fa94', 'dd7c99ca-3c17-40de-9fb8-a73b67fd01c8', 'a824dac5-f9e3-4d88-b45c-12db0abde21f', '20489be4-302b-424b-af1d-a6ff22038e77', 'simta', 'simta', 'lab 6', '1676048400000', '1687737600000', '1687737600000', 'diterima', 'diajukan', NULL, NULL, '1687743389_3767f375f4ed8e421f84.pdf', '1687743389_26bd296738a727a5487c.pdf', '1687743389_42c5a30e8bd4df2f694a.pdf', '1687743389_7f1303db6b9063d6fa69.pdf', '1687743389_a702ae49271b833a158e.pdf', NULL, '1687743389379', '1687743774560'),
	('f326d234-80a1-4ad7-805e-728f9c794e0b', 'dd7c99ca-3c17-40de-9fb8-a73b67fd01c8', 'a824dac5-f9e3-4d88-b45c-12db0abde21f', '20489be4-302b-424b-af1d-a6ff22038e77', 'simta', 'simta', 'lab 6', '1675270800000', '1687651200000', '1687656600000', 'diterima', 'diajukan', NULL, NULL, '1687705829_6bdd2cd0e6948d34c0f3.pdf', '1687705829_d57344e2780bf4d975d6.pdf', '1687705829_d96aec59d5c89e8f6048.pdf', '1687705829_53b1da7a444cd9bc61c9.pdf', '1687705829_da06e559109fa8bf20df.pdf', NULL, '1687705829088', '1687706850597');

-- Dumping structure for table d3ti_psdku.sipema_bidang
CREATE TABLE IF NOT EXISTS `sipema_bidang` (
  `id_bidang` varchar(50) CHARACTER SET utf8mb3 COLLATE utf8mb3_general_ci NOT NULL,
  `nama_bidang` varchar(255) CHARACTER SET utf8mb3 COLLATE utf8mb3_general_ci NOT NULL,
  `created_at` varchar(255) CHARACTER SET utf8mb3 COLLATE utf8mb3_general_ci DEFAULT NULL,
  `updated_at` varchar(255) CHARACTER SET utf8mb3 COLLATE utf8mb3_general_ci DEFAULT NULL,
  PRIMARY KEY (`id_bidang`) USING BTREE
) ENGINE=InnoDB DEFAULT CHARSET=utf8mb3;

-- Dumping data for table d3ti_psdku.sipema_bidang: ~6 rows (approximately)
INSERT INTO `sipema_bidang` (`id_bidang`, `nama_bidang`, `created_at`, `updated_at`) VALUES
	('50ac0eab-29f9-4942-a634-5700745b068f', 'Application Programmer', '1683622545003', NULL),
	('6bd504d5-9798-4c3d-8ccb-14bf090ab0c7', 'Game Designer', '', ''),
	('a7ead432-40e1-4eb8-b7c7-f5cae2ee2462', 'Game Programmer', '', ''),
	('b36c361e-318b-45e2-b72d-79c8160aa24a', 'Application Designer', '', ''),
	('e925b960-7820-419e-9b41-a7e7604ccdd3', 'Administrator Basis Data', '', ''),
	('fd9116bb-de67-4900-acd2-703acfb4bae0', 'Administrator Jaringan', '', '');

-- Dumping structure for table d3ti_psdku.sipema_bobot
CREATE TABLE IF NOT EXISTS `sipema_bobot` (
  `id_bobot` varchar(50) NOT NULL,
  `jenis_bobot` varchar(50) CHARACTER SET utf8mb3 COLLATE utf8mb3_general_ci NOT NULL,
  `nilai_bobot` float NOT NULL,
  `created_at` varchar(255) CHARACTER SET utf8mb3 COLLATE utf8mb3_general_ci DEFAULT NULL,
  `updated_at` varchar(255) CHARACTER SET utf8mb3 COLLATE utf8mb3_general_ci DEFAULT NULL,
  PRIMARY KEY (`id_bobot`)
) ENGINE=InnoDB DEFAULT CHARSET=utf8mb3 COLLATE=utf8mb3_general_ci;

-- Dumping data for table d3ti_psdku.sipema_bobot: ~3 rows (approximately)
INSERT INTO `sipema_bobot` (`id_bobot`, `jenis_bobot`, `nilai_bobot`, `created_at`, `updated_at`) VALUES
	('4c96e762-8243-4fe6-8edf-c6414fcee6b0', 'wajib', 0.5, NULL, '1686095666411'),
	('5c96e762-8243-4fe6-8edf-c6414fcee6b0', 'penunjang', 0.3, NULL, NULL),
	('6c96e762-8243-4fe6-8edf-c6414fcee6b0', 'umum', 0.2, NULL, '1686753674406');

-- Dumping structure for table d3ti_psdku.sipema_hasil_pemetaan_k
CREATE TABLE IF NOT EXISTS `sipema_hasil_pemetaan_k` (
  `id_hpk` varchar(50) CHARACTER SET utf8mb3 COLLATE utf8mb3_general_ci NOT NULL,
  `id_sub_bidang` varchar(50) CHARACTER SET utf8mb3 COLLATE utf8mb3_general_ci NOT NULL,
  `id_mhs` varchar(50) CHARACTER SET utf8mb3 COLLATE utf8mb3_general_ci NOT NULL,
  `total_sks` varchar(255) DEFAULT NULL,
  `nilai_akhir` float NOT NULL,
  PRIMARY KEY (`id_hpk`) USING BTREE,
  UNIQUE KEY `unique_subbidang_mhs` (`id_sub_bidang`,`id_mhs`),
  KEY `hasil_pemetaan_k_id_sub_bidang_foreign` (`id_sub_bidang`) USING BTREE,
  KEY `hasil_pemetaan_k_id_mhs_foreign` (`id_mhs`) USING BTREE,
  CONSTRAINT `hasil_pemetaan_k_id_mhs_foreign` FOREIGN KEY (`id_mhs`) REFERENCES `mahasiswa` (`id_mhs`) ON DELETE CASCADE ON UPDATE CASCADE,
  CONSTRAINT `hasil_pemetaan_k_id_sub_bidang_foreign` FOREIGN KEY (`id_sub_bidang`) REFERENCES `sipema_sub_bidang` (`id_sub_bidang`) ON DELETE CASCADE ON UPDATE CASCADE
) ENGINE=InnoDB DEFAULT CHARSET=utf8mb3;

-- Dumping data for table d3ti_psdku.sipema_hasil_pemetaan_k: ~8 rows (approximately)
INSERT INTO `sipema_hasil_pemetaan_k` (`id_hpk`, `id_sub_bidang`, `id_mhs`, `total_sks`, `nilai_akhir`) VALUES
	('98e09899-1891-11ee-b2e6-525400ef9982', '2066fec2-6d23-49a9-98f8-09a4e4aac3d5', '40549234-bfde-43ed-82cf-33baad4466d3', '12', 92.33),
	('98e09d91-1891-11ee-b2e6-525400ef9982', '81c703e9-886e-49ea-aafa-6378914cdd58', '40549234-bfde-43ed-82cf-33baad4466d3', '9', 89.68),
	('98e0a1c7-1891-11ee-b2e6-525400ef9982', 'ca32ef91-9021-4c42-a8dd-814f288d39dd', '40549234-bfde-43ed-82cf-33baad4466d3', '19', 88.12),
	('98e0aacb-1891-11ee-b2e6-525400ef9982', 'e8065336-88d9-4b6c-94df-688e92ed439c', '40549234-bfde-43ed-82cf-33baad4466d3', '11', 88.65),
	('c614d8cd-188e-11ee-b2e6-525400ef9982', '2066fec2-6d23-49a9-98f8-09a4e4aac3d5', '3f96e762-8243-4fe6-8edf-c6414fcee6b0', '12', 87.63),
	('c614e040-188e-11ee-b2e6-525400ef9982', '81c703e9-886e-49ea-aafa-6378914cdd58', '3f96e762-8243-4fe6-8edf-c6414fcee6b0', '9', 89.13),
	('c614e90f-188e-11ee-b2e6-525400ef9982', 'ca32ef91-9021-4c42-a8dd-814f288d39dd', '3f96e762-8243-4fe6-8edf-c6414fcee6b0', '19', 83.34),
	('c614f202-188e-11ee-b2e6-525400ef9982', 'e8065336-88d9-4b6c-94df-688e92ed439c', '3f96e762-8243-4fe6-8edf-c6414fcee6b0', '11', 80.63);

-- Dumping structure for table d3ti_psdku.sipema_nilai
CREATE TABLE IF NOT EXISTS `sipema_nilai` (
  `id_nilai` varchar(50) CHARACTER SET utf8mb3 COLLATE utf8mb3_general_ci NOT NULL,
  `id_mata_kuliah` varchar(50) CHARACTER SET utf8mb3 COLLATE utf8mb3_general_ci NOT NULL,
  `id_mhs` varchar(50) CHARACTER SET utf8mb3 COLLATE utf8mb3_general_ci NOT NULL,
  `nilai_uts` float NOT NULL,
  `nilai_uas` float NOT NULL,
  `created_at` varchar(255) CHARACTER SET utf8mb3 COLLATE utf8mb3_general_ci DEFAULT NULL,
  `updated_at` varchar(255) CHARACTER SET utf8mb3 COLLATE utf8mb3_general_ci DEFAULT NULL,
  PRIMARY KEY (`id_nilai`) USING BTREE,
  KEY `sipema_nilai_id_mata_kuliah_foreign` (`id_mata_kuliah`) USING BTREE,
  KEY `sipema_nilai_id_mhs_foreign` (`id_mhs`) USING BTREE,
  CONSTRAINT `sipema_nilai_id_mata_kuliah_foreign` FOREIGN KEY (`id_mata_kuliah`) REFERENCES `mata_kuliah` (`id_mata_kuliah`) ON DELETE CASCADE ON UPDATE CASCADE,
  CONSTRAINT `sipema_nilai_id_mhs_foreign` FOREIGN KEY (`id_mhs`) REFERENCES `mahasiswa` (`id_mhs`) ON DELETE CASCADE ON UPDATE CASCADE
) ENGINE=InnoDB DEFAULT CHARSET=utf8mb3;

-- Dumping data for table d3ti_psdku.sipema_nilai: ~112 rows (approximately)
INSERT INTO `sipema_nilai` (`id_nilai`, `id_mata_kuliah`, `id_mhs`, `nilai_uts`, `nilai_uas`, `created_at`, `updated_at`) VALUES
	('04384f6e-e086-470b-ae25-1e4c1449642b', '4963c652-4197-476a-a113-896e32f86100', '40549234-bfde-43ed-82cf-33baad4466d3', 87, 83, NULL, NULL),
	('05cb63c1-a4dc-449c-b91f-b765c1cfdd42', '6c5c3879-2453-42f5-872c-dc8d5298055a', '40549234-bfde-43ed-82cf-33baad4466d3', 90, 93, NULL, NULL),
	('060d3e69-1c2e-40f4-b75d-38c3acbfa9fb', '7c4c01f6-a3f5-4c02-b18b-5f87dae5fa69', '40549234-bfde-43ed-82cf-33baad4466d3', 98, 92, NULL, '1688272734317'),
	('0b3a8264-0fcf-4f11-bd47-5e36aa8c3512', '3641a827-ca5e-4d40-b02d-634ac9c33aa4', '40549234-bfde-43ed-82cf-33baad4466d3', 90, 85, NULL, NULL),
	('0c6a9e36-8f83-414c-9e08-08cc8c191481', '8d984cf1-669c-4c30-aa70-c2859692dd6f', '3f96e762-8243-4fe6-8edf-c6414fcee6b0', 89, 92, '1688270989891', NULL),
	('0ebf24b8-9d72-4a35-9f08-b073291aeee0', '296d4042-b428-4b61-9ed3-ef5e62b6c842', '40549234-bfde-43ed-82cf-33baad4466d3', 81, 80, NULL, '1688272757329'),
	('11173af4-ad0e-4755-b69c-6bb61624fd40', '5791d4aa-5bf6-4cac-9ae4-da8e302741df', '40549234-bfde-43ed-82cf-33baad4466d3', 84, 85, NULL, NULL),
	('11e28c2f-7b33-4a23-9c62-9e26bd9837a2', 'b559e964-cd0a-42e0-870c-ef97753b112f', '3f96e762-8243-4fe6-8edf-c6414fcee6b0', 98, 93, '1688270486821', NULL),
	('16697f80-a057-489f-b883-d138ad27d132', '8755933c-e069-498f-af9e-76d45daedd2d', '3f96e762-8243-4fe6-8edf-c6414fcee6b0', 98, 93, '1683715452288', NULL),
	('173ce437-aa10-4c1a-901c-397c77ecc305', '122a3fa2-8360-4195-b339-20a9029f8a16', '3f96e762-8243-4fe6-8edf-c6414fcee6b0', 91, 94, NULL, NULL),
	('199864a8-3a46-4c13-bef5-e7fbad2909d3', 'bed04180-c395-46f8-b446-7dbe01ce2830', '3f96e762-8243-4fe6-8edf-c6414fcee6b0', 92, 89, '1688268595401', NULL),
	('1dd14126-20b7-4915-86a8-6334f2dd2fef', '4963c652-4197-476a-a113-896e32f86100', '3f96e762-8243-4fe6-8edf-c6414fcee6b0', 87, 83, '1688269984407', NULL),
	('20823273-e6c8-4b42-8d23-0ddb5d82d741', '0ba6f543-cb6b-4dcc-9909-03b505959253', '40549234-bfde-43ed-82cf-33baad4466d3', 97, 93, NULL, NULL),
	('213f612f-7901-456e-9a3f-523d1824c18a', 'acaf23ec-f735-494b-a59c-6386790cc0df', '40549234-bfde-43ed-82cf-33baad4466d3', 90, 83, NULL, NULL),
	('21447eb6-1be1-4b4a-9598-3ea111c620e7', '13ea4df4-577c-43d6-ab06-44bd3b81b17c', '40549234-bfde-43ed-82cf-33baad4466d3', 89, 83, NULL, NULL),
	('2424065b-123c-4ac4-af25-61eb346c3c42', '5afde6e2-ec51-40c6-8284-1df91e628336', '40549234-bfde-43ed-82cf-33baad4466d3', 87, 82, NULL, NULL),
	('24cff7c0-9446-4aae-960f-eec194f1dfb3', '1fcc61b6-c824-4819-a1da-ec469e9cd956', '40549234-bfde-43ed-82cf-33baad4466d3', 98, 94, NULL, NULL),
	('24e08346-4bf8-4439-ad29-c4f3318a5434', '5791d4aa-5bf6-4cac-9ae4-da8e302741df', '3f96e762-8243-4fe6-8edf-c6414fcee6b0', 84, 85, '1688271184039', NULL),
	('25920eaf-79d1-4ad6-8357-5babb3f61970', '64b31abe-f54b-48ae-997b-3fce36e7417b', '40549234-bfde-43ed-82cf-33baad4466d3', 97, 93, NULL, NULL),
	('2823f2a0-74cf-4f51-bd21-05891b3cc2be', 'f865bd95-9bd0-4e40-81f3-79c4053a1ef6', '40549234-bfde-43ed-82cf-33baad4466d3', 93, 92, NULL, NULL),
	('2a70ee4c-d170-4916-85cd-46d481352ea9', 'f865bd95-9bd0-4e40-81f3-79c4053a1ef6', '3f96e762-8243-4fe6-8edf-c6414fcee6b0', 93, 92, '1688269039793', NULL),
	('2cb78b55-73e5-4a9f-8169-36f7f073e331', '5980c1cf-3b58-4136-abde-c18362cb510d', '3f96e762-8243-4fe6-8edf-c6414fcee6b0', 77, 76, NULL, NULL),
	('2e1106cf-783b-44d7-b600-c9f0932c4012', '558f0478-cd24-406a-a375-1ff50debca8e', '3f96e762-8243-4fe6-8edf-c6414fcee6b0', 86, 82, '1688269984407', NULL),
	('2edca692-f3ba-4adb-be99-7a5d31d9e307', 'e450a7e9-b498-4499-9075-09e4fff25c8f', '40549234-bfde-43ed-82cf-33baad4466d3', 96, 92, NULL, NULL),
	('30522a69-880a-4bc0-8952-06245dab6473', '13ea4df4-577c-43d6-ab06-44bd3b81b17c', '3f96e762-8243-4fe6-8edf-c6414fcee6b0', 89, 83, '1688271184039', NULL),
	('305ff4a6-df22-494a-bffb-90fa9c1f2f2b', '122a3fa2-8360-4195-b339-20a9029f8a16', '40549234-bfde-43ed-82cf-33baad4466d3', 91, 94, NULL, NULL),
	('33d492e6-6da5-40c1-92de-afa9a9fd5086', '8b78dc91-03f1-4a2b-893f-8dd284941d7d', '3f96e762-8243-4fe6-8edf-c6414fcee6b0', 84, 82, '1688271184039', NULL),
	('36b83560-cbea-49f6-9186-9076d20301cb', '79c33c3b-2ef7-4776-93ef-f38d3898aeed', '40549234-bfde-43ed-82cf-33baad4466d3', 95, 92, NULL, NULL),
	('3b518219-bfe6-411c-87ef-5fa7907957bf', '5afde6e2-ec51-40c6-8284-1df91e628336', '3f96e762-8243-4fe6-8edf-c6414fcee6b0', 87, 82, NULL, NULL),
	('3e059cae-3348-445b-81d5-a6630dd9522c', '7c4c01f6-a3f5-4c02-b18b-5f87dae5fa69', '3f96e762-8243-4fe6-8edf-c6414fcee6b0', 94, 92, NULL, NULL),
	('41254606-57c7-4432-8355-4ffaf29bb7cd', '408fb201-0b87-455e-9e60-f341c5d5cce6', '40549234-bfde-43ed-82cf-33baad4466d3', 86, 79, NULL, NULL),
	('443c76d4-5b84-4847-b789-29c80b071aaf', 'b1945042-742c-4285-b0ba-2a8258e7f514', '40549234-bfde-43ed-82cf-33baad4466d3', 98, 93, NULL, NULL),
	('445e7c63-4937-41ac-812b-2268997beab5', 'e8d312d2-06e2-4a54-a40d-4d98d7096773', '3f96e762-8243-4fe6-8edf-c6414fcee6b0', 98, 93, '1688269984407', NULL),
	('495f1df4-b0a5-4e3f-a286-a595fa177a92', '47350fa5-84a8-411b-82be-a786ebe671c2', '3f96e762-8243-4fe6-8edf-c6414fcee6b0', 89, 90, '1688269984407', NULL),
	('4daf3433-aa7c-46b0-b564-53d0de5ca4f0', '1d99128d-b781-405c-8db6-995626cb7508', '3f96e762-8243-4fe6-8edf-c6414fcee6b0', 90, 93, '1688269984407', NULL),
	('50581b75-02ff-4fa9-92ea-f1b0ebfa23ac', 'b6ec8ba1-8fdb-4e8a-9c9d-724108ed9ffa', '40549234-bfde-43ed-82cf-33baad4466d3', 98, 93, NULL, '1688272794551'),
	('50be97b5-6e42-4af9-84aa-1e6bc31d45b9', 'e450a7e9-b498-4499-9075-09e4fff25c8f', '3f96e762-8243-4fe6-8edf-c6414fcee6b0', 96, 92, '1688269441642', NULL),
	('5264c27a-5534-4ef4-92ef-b944ac43a8b5', 'ae7a0caf-8ea2-4767-84e4-f42951505506', '40549234-bfde-43ed-82cf-33baad4466d3', 93, 98, NULL, NULL),
	('5547c321-22bc-4aca-bef7-4d7950f32642', '5786c8f8-ddb4-4e26-aac5-21b8dfbc5503', '3f96e762-8243-4fe6-8edf-c6414fcee6b0', 94, 92, NULL, NULL),
	('5985f357-3c44-4186-870e-a66037239b0b', 'a5f76fe1-078b-4f87-9ae3-11ca820e5cc8', '40549234-bfde-43ed-82cf-33baad4466d3', 98, 91, NULL, NULL),
	('5fd8053f-571a-4b19-9ba9-572b7b5c621a', '64b31abe-f54b-48ae-997b-3fce36e7417b', '3f96e762-8243-4fe6-8edf-c6414fcee6b0', 97, 93, NULL, NULL),
	('614c1065-181d-4723-b6c7-c56b4d6672e0', '9846192b-16ce-40ea-b1a1-4c90ac50f058', '3f96e762-8243-4fe6-8edf-c6414fcee6b0', 85, 80, '1688270989891', NULL),
	('61dc2366-b9b2-4ede-a6ec-f97ac5534476', '7582211e-5e18-48f9-b09f-14d1b12b1a95', '3f96e762-8243-4fe6-8edf-c6414fcee6b0', 93, 91, '1688268595401', NULL),
	('62bf9ec9-3ad2-4540-8e8f-effb0b1c9ba8', '049fb6b8-30e9-4d2e-921c-42284cd982f5', '40549234-bfde-43ed-82cf-33baad4466d3', 83, 85, NULL, '1688272669548'),
	('640f07ee-c52d-4791-9ef7-d611ae5e8fca', '0aee756a-c3db-4851-b21a-451acffce809', '3f96e762-8243-4fe6-8edf-c6414fcee6b0', 86, 83, '1688270486821', NULL),
	('64276a5b-5e83-4930-9312-f1634bca4a27', 'ceca06f0-15c6-4160-9230-3bae5a269d1a', '40549234-bfde-43ed-82cf-33baad4466d3', 92, 90, NULL, NULL),
	('683cfe8c-a5a4-41f0-8679-f608908e3f3f', '6c5c3879-2453-42f5-872c-dc8d5298055a', '3f96e762-8243-4fe6-8edf-c6414fcee6b0', 90, 93, '1688270486821', NULL),
	('6d4dcd70-bc2c-4552-b4ee-5a548921ee7c', '79c33c3b-2ef7-4776-93ef-f38d3898aeed', '3f96e762-8243-4fe6-8edf-c6414fcee6b0', 95, 92, '1688268595401', NULL),
	('6d7ee3f4-968e-4f52-a8e8-a954bbcb5a1d', '6978c065-7c68-4802-98c0-a16ce0097ae0', '40549234-bfde-43ed-82cf-33baad4466d3', 89, 82, NULL, NULL),
	('6d8afad0-b117-4ca6-8345-7c6db5764ce2', '0ce8ad8c-bcf6-4e3d-8ecc-ac7267ae4659', '40549234-bfde-43ed-82cf-33baad4466d3', 90, 80, NULL, NULL),
	('78684a55-6248-41e6-a14d-622da6900fbf', 'ceca06f0-15c6-4160-9230-3bae5a269d1a', '3f96e762-8243-4fe6-8edf-c6414fcee6b0', 92, 90, '1688269441642', NULL),
	('7aa6dd58-8eee-4d8e-8ca4-ca6bee0ea272', 'acaf23ec-f735-494b-a59c-6386790cc0df', '3f96e762-8243-4fe6-8edf-c6414fcee6b0', 90, 83, '1688269039793', NULL),
	('7d83aae1-c6d9-421b-b407-2f09cb35a26e', '70fb1a89-42ee-443e-a052-8adebec49f19', '3f96e762-8243-4fe6-8edf-c6414fcee6b0', 93, 84, '1688269039793', NULL),
	('7dadc38c-f543-4d80-a8d6-0cf82d93a091', 'de9c7173-9fa3-4a14-b3e9-ff6c6fae5f2f', '3f96e762-8243-4fe6-8edf-c6414fcee6b0', 95, 90, '1688268595401', NULL),
	('7e817abf-f7e7-4a51-a039-958631b7ff5e', '9c965372-8faf-4842-9f71-0f3be5c690e2', '40549234-bfde-43ed-82cf-33baad4466d3', 87, 89, NULL, '1688272641851'),
	('824f7f73-a28a-42c7-bd29-53bf38d35166', 'b1945042-742c-4285-b0ba-2a8258e7f514', '3f96e762-8243-4fe6-8edf-c6414fcee6b0', 98, 93, '1688269441642', NULL),
	('8261ba80-e67e-4d58-8afe-763914dbf892', '08fce803-15e6-4ed7-9d92-ce845b3cd327', '3f96e762-8243-4fe6-8edf-c6414fcee6b0', 75, 80, NULL, NULL),
	('8533808e-72a6-456e-9ffd-510e9a6276f3', 'b6ec8ba1-8fdb-4e8a-9c9d-724108ed9ffa', '3f96e762-8243-4fe6-8edf-c6414fcee6b0', 98, 92, NULL, NULL),
	('891eb0a6-747e-48a7-ba9f-c47a72709651', '4224be5f-3a37-4023-963d-086558bdbee1', '40549234-bfde-43ed-82cf-33baad4466d3', 98, 93, NULL, NULL),
	('8b98663c-34da-4ca1-8b36-fb067561a851', 'af7230e6-8a6f-485f-891c-7fa8652fac67', '40549234-bfde-43ed-82cf-33baad4466d3', 97, 89, NULL, NULL),
	('8cec66ef-47cc-4771-8a9f-1976c3e14a42', 'b559e964-cd0a-42e0-870c-ef97753b112f', '40549234-bfde-43ed-82cf-33baad4466d3', 98, 93, NULL, NULL),
	('8d4165b4-7923-4b48-9c69-2fae3a219bda', 'b07f8396-36bd-48bc-bc2b-9bbc98704ed6', '40549234-bfde-43ed-82cf-33baad4466d3', 89, 93, NULL, '1688272551606'),
	('9150b1d5-0cc1-4f3f-bed0-13a32b115cdf', '8d984cf1-669c-4c30-aa70-c2859692dd6f', '40549234-bfde-43ed-82cf-33baad4466d3', 89, 92, NULL, NULL),
	('935c0e7c-bf6f-48ee-9d50-6a1f76aec88b', '70fb1a89-42ee-443e-a052-8adebec49f19', '40549234-bfde-43ed-82cf-33baad4466d3', 93, 84, NULL, NULL),
	('99273b81-423e-4d4f-aebb-734a49ccf235', '296d4042-b428-4b61-9ed3-ef5e62b6c842', '3f96e762-8243-4fe6-8edf-c6414fcee6b0', 91, 93, NULL, NULL),
	('9f233ae8-a75c-45d5-b4f5-b217593a6a7f', '08e9ab8c-b494-44e3-8911-fdda412dce02', '40549234-bfde-43ed-82cf-33baad4466d3', 98, 93, NULL, NULL),
	('a4f2a56c-2805-4034-a132-a54e6996ea00', '3e2ce29c-a058-444e-bec0-9458fd17d47b', '40549234-bfde-43ed-82cf-33baad4466d3', 89, 90, NULL, '1688272464048'),
	('a65ba267-15e3-4502-a706-76e07ee9e9ee', '558f0478-cd24-406a-a375-1ff50debca8e', '40549234-bfde-43ed-82cf-33baad4466d3', 86, 82, NULL, NULL),
	('aa68afd9-e001-43ae-a7c2-7b7713351a3e', '32f7cfa5-3516-49ad-91d9-36ff22e2f02f', '40549234-bfde-43ed-82cf-33baad4466d3', 85, 80, NULL, NULL),
	('ac0a4561-a6ee-4bc7-a25e-b569d50b1cb8', 'a5f76fe1-078b-4f87-9ae3-11ca820e5cc8', '3f96e762-8243-4fe6-8edf-c6414fcee6b0', 98, 91, '1688269039793', NULL),
	('af6fc643-ca8c-4257-9b83-e36c1918e13f', '1fcc61b6-c824-4819-a1da-ec469e9cd956', '3f96e762-8243-4fe6-8edf-c6414fcee6b0', 98, 94, NULL, NULL),
	('b59bd1f8-fafb-4c1e-b32c-4287289e7c29', '0ce8ad8c-bcf6-4e3d-8ecc-ac7267ae4659', '3f96e762-8243-4fe6-8edf-c6414fcee6b0', 90, 80, '1688270486821', NULL),
	('b609489a-3453-4114-b0fd-b3bcdc6840f3', '6978c065-7c68-4802-98c0-a16ce0097ae0', '3f96e762-8243-4fe6-8edf-c6414fcee6b0', 89, 82, '1688270486821', NULL),
	('b61233b5-2550-4c1b-abbd-53b5326c02a4', '45e3d7fe-962b-44c2-805b-e287d3d0f763', '40549234-bfde-43ed-82cf-33baad4466d3', 95, 90, NULL, NULL),
	('b69827b0-4d84-4f32-a4db-006e49896bce', '47cec212-ac54-44f9-8b38-b50474ec7ffd', '40549234-bfde-43ed-82cf-33baad4466d3', 82, 91, NULL, '1688272521098'),
	('b7e015f3-6606-45a7-9da2-44ce91eab762', '45e3d7fe-962b-44c2-805b-e287d3d0f763', '3f96e762-8243-4fe6-8edf-c6414fcee6b0', 95, 90, '1688269441642', NULL),
	('b9a7dd4f-67ee-4757-acdd-e9a7d9737582', '7582211e-5e18-48f9-b09f-14d1b12b1a95', '40549234-bfde-43ed-82cf-33baad4466d3', 93, 91, NULL, NULL),
	('ba46a57d-b03a-4d0a-bc17-8bc87ef145f8', '5980c1cf-3b58-4136-abde-c18362cb510d', '40549234-bfde-43ed-82cf-33baad4466d3', 97, 93, NULL, '1688272710313'),
	('ba8da467-4b7f-4217-97b7-532bad1f6fbc', '3e2ce29c-a058-444e-bec0-9458fd17d47b', '3f96e762-8243-4fe6-8edf-c6414fcee6b0', 83, 82, NULL, NULL),
	('bc1981a6-9514-4d0c-874d-78ceab65c7a2', 'bed04180-c395-46f8-b446-7dbe01ce2830', '40549234-bfde-43ed-82cf-33baad4466d3', 92, 89, NULL, NULL),
	('bd22939b-710c-450e-9a57-cebc29f01813', '5bef3992-e3d0-4192-b215-29d98118503e', '40549234-bfde-43ed-82cf-33baad4466d3', 92, 90, NULL, NULL),
	('bdcc0c6c-085a-4116-be2e-848e03c322dc', '5a122161-8bc1-48b2-9451-f7498a320576', '3f96e762-8243-4fe6-8edf-c6414fcee6b0', 95, 93, '1688270486821', NULL),
	('c2c484c1-77f5-4023-9e64-5512a12650db', '0da66978-7404-4041-b6d4-1885c912ffbc', '3f96e762-8243-4fe6-8edf-c6414fcee6b0', 86, 97, NULL, NULL),
	('c57cc125-61bc-4d58-8a8f-b92a449b3afd', 'b07f8396-36bd-48bc-bc2b-9bbc98704ed6', '3f96e762-8243-4fe6-8edf-c6414fcee6b0', 80, 72, NULL, NULL),
	('c60fb2a1-1d19-4be3-b9e9-c3e3867e8173', '408fb201-0b87-455e-9e60-f341c5d5cce6', '3f96e762-8243-4fe6-8edf-c6414fcee6b0', 86, 79, NULL, NULL),
	('cb27d030-b2d3-4f7c-a40a-c3af3c6bdca5', '96860489-243b-4b17-9862-de664631d095', '3f96e762-8243-4fe6-8edf-c6414fcee6b0', 74, 78, NULL, NULL),
	('cc367454-313d-4489-acdd-94f0ac88c550', 'af7230e6-8a6f-485f-891c-7fa8652fac67', '3f96e762-8243-4fe6-8edf-c6414fcee6b0', 97, 89, '1688269441642', NULL),
	('d19ff3cb-e203-4cb3-a82d-7794eca47f42', 'de9c7173-9fa3-4a14-b3e9-ff6c6fae5f2f', '40549234-bfde-43ed-82cf-33baad4466d3', 95, 90, NULL, NULL),
	('d34ff08f-e31e-4ea8-afaa-a2de3d54c56c', '32f7cfa5-3516-49ad-91d9-36ff22e2f02f', '3f96e762-8243-4fe6-8edf-c6414fcee6b0', 85, 80, '1688269984407', NULL),
	('d7c21e43-3af5-4d0a-9d77-2c9a8257db66', '4224be5f-3a37-4023-963d-086558bdbee1', '3f96e762-8243-4fe6-8edf-c6414fcee6b0', 98, 93, NULL, NULL),
	('d856da3c-5529-43cd-b5b3-9f27b751577a', '8b78dc91-03f1-4a2b-893f-8dd284941d7d', '40549234-bfde-43ed-82cf-33baad4466d3', 84, 82, NULL, NULL),
	('d8912275-6e0c-41e6-b497-d1fc4782ab29', '8755933c-e069-498f-af9e-76d45daedd2d', '40549234-bfde-43ed-82cf-33baad4466d3', 87, 84, NULL, '1688272620650'),
	('d8e70097-51a1-46e4-ac60-3700f38cfd4e', '9846192b-16ce-40ea-b1a1-4c90ac50f058', '40549234-bfde-43ed-82cf-33baad4466d3', 85, 80, NULL, NULL),
	('d9caf1db-2073-42b3-ba42-b53fb14967e9', '0ba6f543-cb6b-4dcc-9909-03b505959253', '3f96e762-8243-4fe6-8edf-c6414fcee6b0', 97, 93, '1688269441642', NULL),
	('dc359482-3a31-4c4c-b10c-0ec199ad9248', '9c965372-8faf-4842-9f71-0f3be5c690e2', '3f96e762-8243-4fe6-8edf-c6414fcee6b0', 77, 74, NULL, NULL),
	('dd687593-a7ee-4661-ba7e-4a0a9748d55d', '9f70a14f-e599-4ecd-bba1-646ecb6abe34', '3f96e762-8243-4fe6-8edf-c6414fcee6b0', 85, 95, '1688268595401', NULL),
	('ddac9b2c-a53b-4470-9a0a-c93ce606572d', '08e9ab8c-b494-44e3-8911-fdda412dce02', '3f96e762-8243-4fe6-8edf-c6414fcee6b0', 98, 93, NULL, NULL),
	('de047286-55e9-40fb-bb49-1277c8a42134', '049fb6b8-30e9-4d2e-921c-42284cd982f5', '3f96e762-8243-4fe6-8edf-c6414fcee6b0', 79, 80, NULL, NULL),
	('e0c8a759-73be-4c3b-b8ec-c0775920a7b8', '1d99128d-b781-405c-8db6-995626cb7508', '40549234-bfde-43ed-82cf-33baad4466d3', 90, 93, NULL, NULL),
	('e29e2877-e57c-446e-b251-a575c7bc58f9', '5bef3992-e3d0-4192-b215-29d98118503e', '3f96e762-8243-4fe6-8edf-c6414fcee6b0', 92, 90, '1688269039793', NULL),
	('e2b8ad62-8fdd-4174-893a-33ef74e59740', '47cec212-ac54-44f9-8b38-b50474ec7ffd', '3f96e762-8243-4fe6-8edf-c6414fcee6b0', 80, 80, NULL, NULL),
	('e2e8f931-30c1-4370-b0d4-04a16d044883', 'ae7a0caf-8ea2-4767-84e4-f42951505506', '3f96e762-8243-4fe6-8edf-c6414fcee6b0', 93, 98, '1688269039793', NULL),
	('e6b863c3-e440-46e2-b08b-f1de0090eaca', '3641a827-ca5e-4d40-b02d-634ac9c33aa4', '3f96e762-8243-4fe6-8edf-c6414fcee6b0', 90, 85, '1688268595401', NULL),
	('e7c5d5d8-63ec-47d7-b61f-fecad3c33937', '0aee756a-c3db-4851-b21a-451acffce809', '40549234-bfde-43ed-82cf-33baad4466d3', 86, 83, NULL, NULL),
	('e7c8bce9-03fe-40f7-8f2e-13102d1a5656', '47350fa5-84a8-411b-82be-a786ebe671c2', '40549234-bfde-43ed-82cf-33baad4466d3', 89, 90, NULL, NULL),
	('f045fccd-3e1a-4c27-881c-1282c83de03a', '08fce803-15e6-4ed7-9d92-ce845b3cd327', '40549234-bfde-43ed-82cf-33baad4466d3', 93, 95, NULL, '1688272574747'),
	('f6bac908-ea90-43f8-b331-0b33d8627aeb', '5786c8f8-ddb4-4e26-aac5-21b8dfbc5503', '40549234-bfde-43ed-82cf-33baad4466d3', 87, 83, NULL, '1688272500764'),
	('f7e8a885-0837-46ab-91f8-4c44000faf5b', 'e8d312d2-06e2-4a54-a40d-4d98d7096773', '40549234-bfde-43ed-82cf-33baad4466d3', 98, 93, NULL, NULL),
	('f9d82f79-0190-4438-8940-22fc81123de6', '0da66978-7404-4041-b6d4-1885c912ffbc', '40549234-bfde-43ed-82cf-33baad4466d3', 97, 93, NULL, '1688272484721'),
	('fb1599a5-9a14-4d2f-9870-82b852b61264', '9f70a14f-e599-4ecd-bba1-646ecb6abe34', '40549234-bfde-43ed-82cf-33baad4466d3', 85, 95, NULL, NULL),
	('fc80933b-203c-4199-b77f-af27f06b1014', '96860489-243b-4b17-9862-de664631d095', '40549234-bfde-43ed-82cf-33baad4466d3', 92, 86, NULL, '1688272594473'),
	('ff277fd9-308b-4cb7-bf7a-1a6adf778bce', '5a122161-8bc1-48b2-9451-f7498a320576', '40549234-bfde-43ed-82cf-33baad4466d3', 95, 93, NULL, NULL);

-- Dumping structure for table d3ti_psdku.sipema_pemetaan_mata_k
CREATE TABLE IF NOT EXISTS `sipema_pemetaan_mata_k` (
  `id_pmk` varchar(50) CHARACTER SET utf8mb3 COLLATE utf8mb3_general_ci NOT NULL,
  `id_sub_bidang` varchar(50) CHARACTER SET utf8mb3 COLLATE utf8mb3_general_ci NOT NULL,
  `id_mata_kuliah` varchar(50) CHARACTER SET utf8mb3 COLLATE utf8mb3_general_ci NOT NULL,
  `id_bobot` varchar(50) CHARACTER SET utf8mb3 COLLATE utf8mb3_general_ci NOT NULL,
  `created_at` varchar(255) CHARACTER SET utf8mb3 COLLATE utf8mb3_general_ci DEFAULT NULL,
  `updated_at` varchar(255) CHARACTER SET utf8mb3 COLLATE utf8mb3_general_ci DEFAULT NULL,
  PRIMARY KEY (`id_pmk`) USING BTREE,
  KEY `pemetaan_keterampilan_id_sub_bidang_foreign` (`id_sub_bidang`) USING BTREE,
  KEY `pemetaan_keterampilan_id_mata_kuliah_foreign` (`id_mata_kuliah`) USING BTREE,
  KEY `id_bobot` (`id_bobot`),
  CONSTRAINT `pemetaan_keterampilan_id_mata_kuliah_foreign` FOREIGN KEY (`id_mata_kuliah`) REFERENCES `mata_kuliah` (`id_mata_kuliah`) ON DELETE CASCADE ON UPDATE CASCADE,
  CONSTRAINT `pemetaan_keterampilan_id_sub_bidang_foreign` FOREIGN KEY (`id_sub_bidang`) REFERENCES `sipema_sub_bidang` (`id_sub_bidang`) ON DELETE CASCADE ON UPDATE CASCADE,
  CONSTRAINT `sipema_pemetaan_mata_k_ibfk_2` FOREIGN KEY (`id_bobot`) REFERENCES `sipema_bobot` (`id_bobot`) ON DELETE CASCADE ON UPDATE CASCADE
) ENGINE=InnoDB DEFAULT CHARSET=utf8mb3;

-- Dumping data for table d3ti_psdku.sipema_pemetaan_mata_k: ~33 rows (approximately)
INSERT INTO `sipema_pemetaan_mata_k` (`id_pmk`, `id_sub_bidang`, `id_mata_kuliah`, `id_bobot`, `created_at`, `updated_at`) VALUES
	('07f7a15d-a6a9-4648-af77-518dff0769af', 'ca32ef91-9021-4c42-a8dd-814f288d39dd', '96860489-243b-4b17-9862-de664631d095', '5c96e762-8243-4fe6-8edf-c6414fcee6b0', '1683679162379', NULL),
	('2765d133-988b-4fed-b9b1-45932042374a', '2066fec2-6d23-49a9-98f8-09a4e4aac3d5', '296d4042-b428-4b61-9ed3-ef5e62b6c842', '6c96e762-8243-4fe6-8edf-c6414fcee6b0', NULL, NULL),
	('3320c5fb-b3a5-447e-897b-84bea63b7191', 'ca32ef91-9021-4c42-a8dd-814f288d39dd', '5980c1cf-3b58-4136-abde-c18362cb510d', '5c96e762-8243-4fe6-8edf-c6414fcee6b0', '1683679162379', NULL),
	('33ce8993-5963-40d4-9435-6758d3c71188', 'ca32ef91-9021-4c42-a8dd-814f288d39dd', '049fb6b8-30e9-4d2e-921c-42284cd982f5', '4c96e762-8243-4fe6-8edf-c6414fcee6b0', '1683678965199', '1685543317083'),
	('3d84bcbd-cf2b-49c5-93b2-e57db873c05d', '81c703e9-886e-49ea-aafa-6378914cdd58', '296d4042-b428-4b61-9ed3-ef5e62b6c842', '6c96e762-8243-4fe6-8edf-c6414fcee6b0', '1683715029113', NULL),
	('4563f2e5-b88f-4590-981c-6eb867cd4a65', 'e8065336-88d9-4b6c-94df-688e92ed439c', '08fce803-15e6-4ed7-9d92-ce845b3cd327', '4c96e762-8243-4fe6-8edf-c6414fcee6b0', '1683679401874', NULL),
	('4aebb258-5968-4ee6-8b7f-cdbaf7a2f055', 'ca32ef91-9021-4c42-a8dd-814f288d39dd', '3e2ce29c-a058-444e-bec0-9458fd17d47b', '4c96e762-8243-4fe6-8edf-c6414fcee6b0', '1683678965199', NULL),
	('4bb841b8-5b9f-4450-90e4-5ff6cd9bb7ab', 'e8065336-88d9-4b6c-94df-688e92ed439c', '5786c8f8-ddb4-4e26-aac5-21b8dfbc5503', '6c96e762-8243-4fe6-8edf-c6414fcee6b0', '1683679401874', NULL),
	('54712335-fe5f-4299-beaf-e8da0d4d474c', '2066fec2-6d23-49a9-98f8-09a4e4aac3d5', 'b6ec8ba1-8fdb-4e8a-9c9d-724108ed9ffa', '6c96e762-8243-4fe6-8edf-c6414fcee6b0', NULL, '1684536327584'),
	('5df1c4fc-590c-41af-ae70-e2a5f550d5e7', 'e8065336-88d9-4b6c-94df-688e92ed439c', '049fb6b8-30e9-4d2e-921c-42284cd982f5', '4c96e762-8243-4fe6-8edf-c6414fcee6b0', '1683679401874', NULL),
	('5f030208-b1c9-41a7-9569-c139b63b37d0', 'ca32ef91-9021-4c42-a8dd-814f288d39dd', '1fcc61b6-c824-4819-a1da-ec469e9cd956', '4c96e762-8243-4fe6-8edf-c6414fcee6b0', '1683678965199', NULL),
	('80246c36-46fc-4113-ad08-5c3a47fb1b49', 'e8065336-88d9-4b6c-94df-688e92ed439c', '296d4042-b428-4b61-9ed3-ef5e62b6c842', '6c96e762-8243-4fe6-8edf-c6414fcee6b0', '1683679401874', NULL),
	('9076b366-2644-468e-b588-99f4e5e843d9', '2066fec2-6d23-49a9-98f8-09a4e4aac3d5', '7c4c01f6-a3f5-4c02-b18b-5f87dae5fa69', '4c96e762-8243-4fe6-8edf-c6414fcee6b0', NULL, NULL),
	('96b56193-02bf-4f0a-a248-9771b7ef0ca4', 'e8065336-88d9-4b6c-94df-688e92ed439c', '96860489-243b-4b17-9862-de664631d095', '5c96e762-8243-4fe6-8edf-c6414fcee6b0', '1683679401874', NULL),
	('98ac6992-b50b-4817-b2ca-d8d9ca56629e', 'ca32ef91-9021-4c42-a8dd-814f288d39dd', '296d4042-b428-4b61-9ed3-ef5e62b6c842', '6c96e762-8243-4fe6-8edf-c6414fcee6b0', '1683679162379', NULL),
	('9a78a5ff-84ed-48cc-98ae-1cec6589cb5b', 'ca32ef91-9021-4c42-a8dd-814f288d39dd', '08fce803-15e6-4ed7-9d92-ce845b3cd327', '4c96e762-8243-4fe6-8edf-c6414fcee6b0', '1683678965199', NULL),
	('9e13da75-5089-4adf-9dfa-b11a96dbeb2c', '81c703e9-886e-49ea-aafa-6378914cdd58', 'b07f8396-36bd-48bc-bc2b-9bbc98704ed6', '4c96e762-8243-4fe6-8edf-c6414fcee6b0', '1683715029113', NULL),
	('a54811dd-612e-4598-901c-c908a66c6e8a', '81c703e9-886e-49ea-aafa-6378914cdd58', '7c4c01f6-a3f5-4c02-b18b-5f87dae5fa69', '5c96e762-8243-4fe6-8edf-c6414fcee6b0', '1683715029113', NULL),
	('a65f601b-46a6-4814-91e8-f1ae575b62e6', 'ca32ef91-9021-4c42-a8dd-814f288d39dd', '47cec212-ac54-44f9-8b38-b50474ec7ffd', '5c96e762-8243-4fe6-8edf-c6414fcee6b0', '1683679162379', NULL),
	('ada72b82-2d22-48ef-aeaa-2da7592da8dc', 'ca32ef91-9021-4c42-a8dd-814f288d39dd', '408fb201-0b87-455e-9e60-f341c5d5cce6', '4c96e762-8243-4fe6-8edf-c6414fcee6b0', '1683678965199', NULL),
	('b22dfd56-e5b7-4a61-8811-afcc3cdcd387', '2066fec2-6d23-49a9-98f8-09a4e4aac3d5', 'b07f8396-36bd-48bc-bc2b-9bbc98704ed6', '5c96e762-8243-4fe6-8edf-c6414fcee6b0', NULL, NULL),
	('bc3b4eff-9814-4c52-9739-6951079dd954', '81c703e9-886e-49ea-aafa-6378914cdd58', '4963c652-4197-476a-a113-896e32f86100', '4c96e762-8243-4fe6-8edf-c6414fcee6b0', '1683715029113', NULL),
	('c4fac7e4-b2ae-406e-b67e-6d35a34810a1', '81c703e9-886e-49ea-aafa-6378914cdd58', 'b6ec8ba1-8fdb-4e8a-9c9d-724108ed9ffa', '6c96e762-8243-4fe6-8edf-c6414fcee6b0', '1683715029113', NULL),
	('c5203bc4-a9a0-4eeb-a330-5281a704933a', 'ca32ef91-9021-4c42-a8dd-814f288d39dd', 'b07f8396-36bd-48bc-bc2b-9bbc98704ed6', '5c96e762-8243-4fe6-8edf-c6414fcee6b0', '1683678965199', NULL),
	('cd0d99d7-3712-43da-9b45-e6aee4db8476', '2066fec2-6d23-49a9-98f8-09a4e4aac3d5', '9c965372-8faf-4842-9f71-0f3be5c690e2', '5c96e762-8243-4fe6-8edf-c6414fcee6b0', NULL, NULL),
	('d15d153a-977e-4caa-a65d-9b0fb9628a03', '2066fec2-6d23-49a9-98f8-09a4e4aac3d5', '0da66978-7404-4041-b6d4-1885c912ffbc', '4c96e762-8243-4fe6-8edf-c6414fcee6b0', NULL, NULL),
	('d5427148-e3ae-4e89-9619-b11fbb37d123', 'e8065336-88d9-4b6c-94df-688e92ed439c', '5980c1cf-3b58-4136-abde-c18362cb510d', '5c96e762-8243-4fe6-8edf-c6414fcee6b0', '1683679401874', NULL),
	('da91feb4-7818-4c24-9d1d-60016ac2e076', '2066fec2-6d23-49a9-98f8-09a4e4aac3d5', '5980c1cf-3b58-4136-abde-c18362cb510d', '5c96e762-8243-4fe6-8edf-c6414fcee6b0', NULL, NULL),
	('dc05298f-cb7f-4c05-871a-c39d02da299c', 'ca32ef91-9021-4c42-a8dd-814f288d39dd', '5786c8f8-ddb4-4e26-aac5-21b8dfbc5503', '6c96e762-8243-4fe6-8edf-c6414fcee6b0', '1683679162379', NULL),
	('e0599582-fe95-4d95-8d1c-6bfc78b0a2d2', 'ca32ef91-9021-4c42-a8dd-814f288d39dd', '9c965372-8faf-4842-9f71-0f3be5c690e2', '5c96e762-8243-4fe6-8edf-c6414fcee6b0', '1683679162379', NULL),
	('e28cc4f3-11f0-450c-ae61-874c0de9dae6', '81c703e9-886e-49ea-aafa-6378914cdd58', '8755933c-e069-498f-af9e-76d45daedd2d', '4c96e762-8243-4fe6-8edf-c6414fcee6b0', '1683715638852', NULL),
	('e5843291-2cab-42b1-9b63-c2c991f45ac9', '2066fec2-6d23-49a9-98f8-09a4e4aac3d5', '96860489-243b-4b17-9862-de664631d095', '5c96e762-8243-4fe6-8edf-c6414fcee6b0', NULL, NULL),
	('f25522ce-25e7-4ab6-a723-018775364184', '81c703e9-886e-49ea-aafa-6378914cdd58', '0da66978-7404-4041-b6d4-1885c912ffbc', '5c96e762-8243-4fe6-8edf-c6414fcee6b0', '1683715029113', NULL);

-- Dumping structure for table d3ti_psdku.sipema_rekomendasi_m
CREATE TABLE IF NOT EXISTS `sipema_rekomendasi_m` (
  `id_rekomendasi_m` varchar(50) CHARACTER SET utf8mb3 COLLATE utf8mb3_general_ci NOT NULL,
  `id_mhs` varchar(50) CHARACTER SET utf8mb3 COLLATE utf8mb3_general_ci NOT NULL,
  `id_staf` varchar(50) CHARACTER SET utf8mb3 COLLATE utf8mb3_general_ci NOT NULL,
  `id_sub_bidang` varchar(50) CHARACTER SET utf8mb3 COLLATE utf8mb3_general_ci NOT NULL,
  `created_at` varchar(255) CHARACTER SET utf8mb3 COLLATE utf8mb3_general_ci DEFAULT NULL,
  `updated_at` varchar(255) CHARACTER SET utf8mb3 COLLATE utf8mb3_general_ci DEFAULT NULL,
  PRIMARY KEY (`id_rekomendasi_m`),
  KEY `id_mhs` (`id_mhs`),
  KEY `id_staf` (`id_staf`),
  KEY `id_sub_bidang` (`id_sub_bidang`),
  CONSTRAINT `sipema_rekomendasi_m_ibfk_1` FOREIGN KEY (`id_mhs`) REFERENCES `mahasiswa` (`id_mhs`) ON DELETE CASCADE ON UPDATE CASCADE,
  CONSTRAINT `sipema_rekomendasi_m_ibfk_2` FOREIGN KEY (`id_staf`) REFERENCES `staf` (`id_staf`) ON DELETE CASCADE ON UPDATE CASCADE,
  CONSTRAINT `sipema_rekomendasi_m_ibfk_3` FOREIGN KEY (`id_sub_bidang`) REFERENCES `sipema_sub_bidang` (`id_sub_bidang`) ON DELETE CASCADE ON UPDATE CASCADE
) ENGINE=InnoDB DEFAULT CHARSET=utf8mb3 COLLATE=utf8mb3_general_ci;

-- Dumping data for table d3ti_psdku.sipema_rekomendasi_m: ~5 rows (approximately)
INSERT INTO `sipema_rekomendasi_m` (`id_rekomendasi_m`, `id_mhs`, `id_staf`, `id_sub_bidang`, `created_at`, `updated_at`) VALUES
	('01964124-c3a2-4378-8232-d3c070da196e', '19084105-c0d3-43ad-a0c0-38d3a39e1b72', 'd656fd9f-a36e-4389-beb3-70d3f9c5d15f', '63e711b3-8ecd-4a4f-9158-de06e09fe707', '1684225456059', '1686108239450'),
	('0f6a30a5-30e3-4bc4-ba47-10340873bfdf', '9e1fd09a-5c0d-40d7-a9e2-e7658ce9c6e6', '06dc2517-ec02-437b-a355-bb36097e62ed', 'df331542-8931-4250-a45e-80e1d84fe36b', '1686800736069', NULL),
	('0fd7b4e3-115e-499d-9dfa-859e14bc8105', 'b0e8f152-ebed-49dd-b978-a5363a0b4105', '4018b49a-d2d6-43d9-a6b8-975ff5973846', '413b23d9-ef2f-482a-bdb7-6ced2d084627', '1684724043794', NULL),
	('1648ed26-defa-49c6-a587-77b5f3dd0441', '1b73b533-50d7-4002-bcc9-9c9eb146dae6', '4018b49a-d2d6-43d9-a6b8-975ff5973846', 'aa742d30-988b-48f0-ad32-3b4c4bba4758', '1684571108782', '1684586996626'),
	('7706c987-29e4-4c3b-b22a-771a15c99f41', '3f96e762-8243-4fe6-8edf-c6414fcee6b0', '4018b49a-d2d6-43d9-a6b8-975ff5973846', '9721cb4f-dda4-40a2-8bd6-e678c0d5ded3', '1684159235288', NULL),
	('d22268d3-00d4-4697-aa13-f552c4dee50d', '1e335eef-1934-4db3-89de-08ebf53ba95d', '06dc2517-ec02-437b-a355-bb36097e62ed', 'aa742d30-988b-48f0-ad32-3b4c4bba4758', '1684404552218', NULL);

-- Dumping structure for table d3ti_psdku.sipema_sub_bidang
CREATE TABLE IF NOT EXISTS `sipema_sub_bidang` (
  `id_sub_bidang` varchar(50) CHARACTER SET utf8mb3 COLLATE utf8mb3_general_ci NOT NULL,
  `id_bidang` varchar(50) CHARACTER SET utf8mb3 COLLATE utf8mb3_general_ci NOT NULL,
  `nama_sub_bidang` varchar(255) CHARACTER SET utf8mb3 COLLATE utf8mb3_general_ci NOT NULL,
  `created_at` varchar(255) CHARACTER SET utf8mb3 COLLATE utf8mb3_general_ci DEFAULT NULL,
  `updated_at` varchar(255) CHARACTER SET utf8mb3 COLLATE utf8mb3_general_ci DEFAULT NULL,
  PRIMARY KEY (`id_sub_bidang`) USING BTREE,
  KEY `sipema_sub_bidang_id_bidang_foreign` (`id_bidang`) USING BTREE,
  CONSTRAINT `sipema_sub_bidang_id_bidang_foreign` FOREIGN KEY (`id_bidang`) REFERENCES `sipema_bidang` (`id_bidang`) ON DELETE CASCADE ON UPDATE CASCADE
) ENGINE=InnoDB DEFAULT CHARSET=utf8mb3;

-- Dumping data for table d3ti_psdku.sipema_sub_bidang: ~18 rows (approximately)
INSERT INTO `sipema_sub_bidang` (`id_sub_bidang`, `id_bidang`, `nama_sub_bidang`, `created_at`, `updated_at`) VALUES
	('0b8a90c8-cf86-4968-a39d-7cd91d12f5d6', 'e925b960-7820-419e-9b41-a7e7604ccdd3', 'Database Analyst', NULL, NULL),
	('1159f5a3-f4e3-4213-aa20-ae43054994ca', '50ac0eab-29f9-4942-a634-5700745b068f', 'Front-End Developer', '1683679298896', NULL),
	('2066fec2-6d23-49a9-98f8-09a4e4aac3d5', '6bd504d5-9798-4c3d-8ccb-14bf090ab0c7', 'Game Artist', NULL, NULL),
	('413b23d9-ef2f-482a-bdb7-6ced2d084627', '50ac0eab-29f9-4942-a634-5700745b068f', 'Back-end Developer', '1683679283247', '1684543697630'),
	('43a65533-0b0c-43b5-8d86-0415f40f2fab', 'fd9116bb-de67-4900-acd2-703acfb4bae0', 'Cloud Network Engineer', NULL, NULL),
	('5208d466-0a3e-4f39-9b22-23af23b466ec', 'fd9116bb-de67-4900-acd2-703acfb4bae0', 'Network Security Engineer', NULL, NULL),
	('63e711b3-8ecd-4a4f-9158-de06e09fe707', 'a7ead432-40e1-4eb8-b7c7-f5cae2ee2462', 'Graphics Programmer', NULL, NULL),
	('641d785b-c6f3-4cc2-a70f-920683177b36', 'e925b960-7820-419e-9b41-a7e7604ccdd3', 'Database Administrator', NULL, NULL),
	('742897ab-5f74-4b7d-8a71-d98e0b16aea9', '6bd504d5-9798-4c3d-8ccb-14bf090ab0c7', 'Level Designer', NULL, NULL),
	('7d3eb13f-7414-4cb9-9370-6cdc3da3f21f', 'e925b960-7820-419e-9b41-a7e7604ccdd3', 'Database Developer', NULL, NULL),
	('81c703e9-886e-49ea-aafa-6378914cdd58', '6bd504d5-9798-4c3d-8ccb-14bf090ab0c7', 'Narrative Designer', NULL, '1685918218507'),
	('9721cb4f-dda4-40a2-8bd6-e678c0d5ded3', '50ac0eab-29f9-4942-a634-5700745b068f', 'Bisnis Intelegence', '1683679256117', NULL),
	('a581a3fd-fcdb-41b8-b820-3e2c2e46f346', '50ac0eab-29f9-4942-a634-5700745b068f', 'Virtual Reality', '1684119228971', NULL),
	('aa742d30-988b-48f0-ad32-3b4c4bba4758', '50ac0eab-29f9-4942-a634-5700745b068f', 'Mobile App Developer', '1683682963651', NULL),
	('c81dc5f3-fd2f-40a9-8fff-716fac9f916d', 'fd9116bb-de67-4900-acd2-703acfb4bae0', 'DevOps Engineer', NULL, '1684543723864'),
	('ca32ef91-9021-4c42-a8dd-814f288d39dd', '50ac0eab-29f9-4942-a634-5700745b068f', 'Full-Stack Developer', '1683678859576', NULL),
	('df331542-8931-4250-a45e-80e1d84fe36b', 'b36c361e-318b-45e2-b72d-79c8160aa24a', 'UX/UI Designer', '1686067070406', NULL),
	('e8065336-88d9-4b6c-94df-688e92ed439c', '50ac0eab-29f9-4942-a634-5700745b068f', 'Web Developer', '1683679243170', NULL);

-- Dumping structure for table d3ti_psdku.sipema_sub_bidang_dosen
CREATE TABLE IF NOT EXISTS `sipema_sub_bidang_dosen` (
  `id_sub_bidang_dosen` varchar(50) CHARACTER SET utf8mb3 COLLATE utf8mb3_general_ci NOT NULL,
  `id_sub_bidang` varchar(50) CHARACTER SET utf8mb3 COLLATE utf8mb3_general_ci NOT NULL,
  `id_staf` varchar(50) NOT NULL,
  `created_at` varchar(255) DEFAULT NULL,
  `updated_at` varchar(255) DEFAULT NULL,
  KEY `id_sub_bidang` (`id_sub_bidang`),
  KEY `id_staf` (`id_staf`),
  CONSTRAINT `sipema_sub_bidang_dosen_ibfk_1` FOREIGN KEY (`id_sub_bidang`) REFERENCES `sipema_sub_bidang` (`id_sub_bidang`) ON DELETE CASCADE ON UPDATE CASCADE,
  CONSTRAINT `sipema_sub_bidang_dosen_ibfk_2` FOREIGN KEY (`id_staf`) REFERENCES `staf` (`id_staf`) ON DELETE CASCADE ON UPDATE CASCADE
) ENGINE=InnoDB DEFAULT CHARSET=utf8mb3 COLLATE=utf8mb3_general_ci;

-- Dumping data for table d3ti_psdku.sipema_sub_bidang_dosen: ~36 rows (approximately)
INSERT INTO `sipema_sub_bidang_dosen` (`id_sub_bidang_dosen`, `id_sub_bidang`, `id_staf`, `created_at`, `updated_at`) VALUES
	('83a8f87f-8f55-463f-8680-ed90d67ce977', '9721cb4f-dda4-40a2-8bd6-e678c0d5ded3', '4018b49a-d2d6-43d9-a6b8-975ff5973846', NULL, NULL),
	('b4c8162f-5ad7-4440-b46b-63e4b9f87a02', '9721cb4f-dda4-40a2-8bd6-e678c0d5ded3', 'f248b15e-5d9a-44a6-a8e7-aed6ba444054', NULL, NULL),
	('a3323a23-3521-495b-9839-03f9f6f7ad17', '43a65533-0b0c-43b5-8d86-0415f40f2fab', 'd656fd9f-a36e-4389-beb3-70d3f9c5d15f', NULL, NULL),
	('01eaa2ff-bca1-4d12-83df-97014c0cd5e7', '43a65533-0b0c-43b5-8d86-0415f40f2fab', '06dc2517-ec02-437b-a355-bb36097e62ed', NULL, NULL),
	('5175732b-9ca4-49a0-99cd-67469051360a', '641d785b-c6f3-4cc2-a70f-920683177b36', '5eae0306-19ab-4227-9668-a1dec13182c3', NULL, NULL),
	('cc77141b-72df-43f5-86cf-4db6f815eefb', '641d785b-c6f3-4cc2-a70f-920683177b36', 'f248b15e-5d9a-44a6-a8e7-aed6ba444054', NULL, NULL),
	('c25448d5-8e41-469d-899b-36ac83c2ea56', '0b8a90c8-cf86-4968-a39d-7cd91d12f5d6', '5eae0306-19ab-4227-9668-a1dec13182c3', NULL, NULL),
	('ef16d48d-a411-45b9-bb93-ce7d59721b6c', '0b8a90c8-cf86-4968-a39d-7cd91d12f5d6', 'f248b15e-5d9a-44a6-a8e7-aed6ba444054', NULL, NULL),
	('7d3eb13f-7414-4cb9-9370-6cdc3da3f21f', '7d3eb13f-7414-4cb9-9370-6cdc3da3f21f', '5eae0306-19ab-4227-9668-a1dec13182c3', NULL, NULL),
	('f4672dae-0533-47e9-b533-1af65eca26b7', '7d3eb13f-7414-4cb9-9370-6cdc3da3f21f', 'f248b15e-5d9a-44a6-a8e7-aed6ba444054', NULL, NULL),
	('a0edf7c6-aa1c-4d2e-995b-a0298eb7f330', '1159f5a3-f4e3-4213-aa20-ae43054994ca', 'f248b15e-5d9a-44a6-a8e7-aed6ba444054', NULL, NULL),
	('7f5b7072-0f1f-4c82-ad60-752a199d11a9', '1159f5a3-f4e3-4213-aa20-ae43054994ca', '06dc2517-ec02-437b-a355-bb36097e62ed', NULL, NULL),
	('21af5f93-47fa-4bd8-b4f0-789cea4ff875', 'ca32ef91-9021-4c42-a8dd-814f288d39dd', 'f248b15e-5d9a-44a6-a8e7-aed6ba444054', NULL, NULL),
	('d8988657-69d2-4e31-8330-6acc2215a2b4', 'ca32ef91-9021-4c42-a8dd-814f288d39dd', '4018b49a-d2d6-43d9-a6b8-975ff5973846', NULL, NULL),
	('24d3ce8e-13db-481c-88b0-3f6f77b3d72d', '2066fec2-6d23-49a9-98f8-09a4e4aac3d5', 'd656fd9f-a36e-4389-beb3-70d3f9c5d15f', NULL, NULL),
	('b303b490-90cc-40c4-9c77-2111fe3dfa2a', '2066fec2-6d23-49a9-98f8-09a4e4aac3d5', 'a824dac5-f9e3-4d88-b45c-12db0abde21f', NULL, NULL),
	('3a1045ae-f85a-4ef0-88be-49b6d832aaba', '63e711b3-8ecd-4a4f-9158-de06e09fe707', 'd656fd9f-a36e-4389-beb3-70d3f9c5d15f', NULL, NULL),
	('984e9258-09dc-4bf6-9eb5-5b713901820b', '63e711b3-8ecd-4a4f-9158-de06e09fe707', 'a824dac5-f9e3-4d88-b45c-12db0abde21f', NULL, NULL),
	('f9407ed4-a96d-4242-aef8-412ce267e68e', '742897ab-5f74-4b7d-8a71-d98e0b16aea9', 'd656fd9f-a36e-4389-beb3-70d3f9c5d15f', NULL, NULL),
	('25b8737d-5d4b-455e-b4fa-e82e39e70531', '742897ab-5f74-4b7d-8a71-d98e0b16aea9', 'a824dac5-f9e3-4d88-b45c-12db0abde21f', NULL, NULL),
	('cd984e3d-e5d3-4ede-b0d7-892b97738ad8', 'aa742d30-988b-48f0-ad32-3b4c4bba4758', '4018b49a-d2d6-43d9-a6b8-975ff5973846', NULL, NULL),
	('2c04acc1-d48b-45bd-893f-eac6bf2ada07', 'aa742d30-988b-48f0-ad32-3b4c4bba4758', '06dc2517-ec02-437b-a355-bb36097e62ed', NULL, NULL),
	('1d3269ee-4d02-4edb-8777-d1d0a6a421fd', '5208d466-0a3e-4f39-9b22-23af23b466ec', 'd656fd9f-a36e-4389-beb3-70d3f9c5d15f', NULL, NULL),
	('52160dec-7e23-4036-8237-028255ad7622', '5208d466-0a3e-4f39-9b22-23af23b466ec', 'a824dac5-f9e3-4d88-b45c-12db0abde21f', NULL, NULL),
	('35b19767-874d-46a6-88ba-01479ac9642d', 'e8065336-88d9-4b6c-94df-688e92ed439c', 'f248b15e-5d9a-44a6-a8e7-aed6ba444054', NULL, NULL),
	('7affb7e7-7b2e-4200-a94f-9c5e6a1f37b1', 'e8065336-88d9-4b6c-94df-688e92ed439c', '06dc2517-ec02-437b-a355-bb36097e62ed', NULL, NULL),
	('ed26459c-4784-49db-8aa7-55c5b7671adb', '413b23d9-ef2f-482a-bdb7-6ced2d084627', '06dc2517-ec02-437b-a355-bb36097e62ed', '1684543697630', NULL),
	('24338e2a-7024-46cd-bd12-0b6a3b87d588', '413b23d9-ef2f-482a-bdb7-6ced2d084627', '4018b49a-d2d6-43d9-a6b8-975ff5973846', '1684543697630', NULL),
	('53459f64-866b-4091-b87c-54eb0f2f48e2', 'c81dc5f3-fd2f-40a9-8fff-716fac9f916d', '4018b49a-d2d6-43d9-a6b8-975ff5973846', '1684543723864', NULL),
	('9aa502e0-a149-4cd9-a300-3e29864b4289', 'c81dc5f3-fd2f-40a9-8fff-716fac9f916d', 'd656fd9f-a36e-4389-beb3-70d3f9c5d15f', '1684543723864', NULL),
	('07cbd384-49a0-446c-b8a8-6908b7383884', 'c81dc5f3-fd2f-40a9-8fff-716fac9f916d', 'f248b15e-5d9a-44a6-a8e7-aed6ba444054', '1684543723864', NULL),
	('eee30f35-709f-4914-97dc-f67f9d90a0b4', '81c703e9-886e-49ea-aafa-6378914cdd58', 'a824dac5-f9e3-4d88-b45c-12db0abde21f', '1685918218507', NULL),
	('cf5b21c3-ceca-4475-afc9-8b452ffc9869', '81c703e9-886e-49ea-aafa-6378914cdd58', 'f248b15e-5d9a-44a6-a8e7-aed6ba444054', '1685918218507', NULL),
	('1f955a04-e344-43ff-aee2-144551ffd4f3', 'df331542-8931-4250-a45e-80e1d84fe36b', '06dc2517-ec02-437b-a355-bb36097e62ed', '1686067070406', NULL),
	('1902cd5b-1bac-4763-9190-c0b87cdca9c5', 'df331542-8931-4250-a45e-80e1d84fe36b', 'd656fd9f-a36e-4389-beb3-70d3f9c5d15f', '1686067070406', NULL);

-- Dumping structure for table d3ti_psdku.staf
CREATE TABLE IF NOT EXISTS `staf` (
  `id_staf` varchar(50) NOT NULL,
  `id_user` int unsigned NOT NULL,
  `nama` varchar(255) NOT NULL,
  `nip` varchar(50) NOT NULL,
  `no_telp` varchar(255) CHARACTER SET utf8mb3 COLLATE utf8mb3_general_ci NOT NULL,
  `alamat` varchar(255) CHARACTER SET utf8mb3 COLLATE utf8mb3_general_ci NOT NULL,
  `jenis` enum('Admin','Pimpinan','Dosen','Laboran') CHARACTER SET utf8mb3 COLLATE utf8mb3_general_ci DEFAULT NULL,
  `status` enum('0','1') CHARACTER SET utf8mb3 COLLATE utf8mb3_general_ci NOT NULL,
  PRIMARY KEY (`id_staf`),
  KEY `id_user` (`id_user`),
  CONSTRAINT `staf_ibfk_1` FOREIGN KEY (`id_user`) REFERENCES `users` (`id`) ON DELETE CASCADE ON UPDATE CASCADE
) ENGINE=InnoDB DEFAULT CHARSET=utf8mb3 COLLATE=utf8mb3_general_ci;

-- Dumping data for table d3ti_psdku.staf: ~10 rows (approximately)
INSERT INTO `staf` (`id_staf`, `id_user`, `nama`, `nip`, `no_telp`, `alamat`, `jenis`, `status`) VALUES
	('06dc2517-ec02-437b-a355-bb36097e62ed', 41, 'Darmawan Lahru Riatma, S.Kom., M.MT.', '1991091420200801', '081806537868', 'Madiun', 'Dosen', '0'),
	('4018b49a-d2d6-43d9-a6b8-975ff5973846', 46, 'Trisna Ari Roshinta, S.S.T., M.T.', '1993010520210701', '0812765433223', 'Ponorogo', 'Dosen', '0'),
	('5eae0306-19ab-4227-9668-a1dec13182c3', 48, 'Nur Azizul Haqimi, S.Kom., M.Cs.', '1992092420200901', '0878934547234', 'Yogyakarta', 'Dosen', '0'),
	('a824dac5-f9e3-4d88-b45c-12db0abde21f', 29, 'Fendi Aji Purnomo, S.Si., M.Eng.', '1984092620160901', '0812923244455', 'Surakarta', 'Dosen', '1'),
	('c53dc049-3e56-4cbb-9bb0-03c75134d751', 44, 'Ahmat Nurwakit, S.Kom.', '1979040820200801', '08990743079', 'Madiun', 'Laboran', '1'),
	('d1fb9b43-40ef-4ba6-885c-07b57ddd40f4', 88, 'Prof. Dr. Ir. Ahmad Yunus, M.S.', '196107171986011001', '081806537845', 'Surakarta', 'Pimpinan', '1'),
	('d49fd224-4bda-4953-a21d-baa14301f835', 89, 'Yahya Nur Rahman, S.Kom., M.Kom.', '1987485845453323', '812758634532', 'Solo', 'Pimpinan', '1'),
	('d656fd9f-a36e-4389-beb3-70d3f9c5d15f', 47, 'Yusuf Fadlila Rachman, S. Kom., M. Kom.', '1994062420210701', '0813456743563', 'Madiun', 'Dosen', '0'),
	('e3d957b1-2520-44a3-8816-19ac69e7768f', 93, 'Rahman Yusuf, S.T., M.Kom.', '19870000395001', '081256435523', 'Magetan', 'Pimpinan', '1'),
	('f248b15e-5d9a-44a6-a8e7-aed6ba444054', 35, 'Masbahah, S.pd., M.pd', '1987052520200801', '085646773344', 'Madiun ', 'Dosen', '1');

-- Dumping structure for table d3ti_psdku.tracer_agenda
CREATE TABLE IF NOT EXISTS `tracer_agenda` (
  `id_agenda` varchar(50) NOT NULL,
  `nama_agenda` varchar(255) NOT NULL,
  `deskripsi_agenda` varchar(255) NOT NULL,
  `waktu_kegiatan` varchar(255) NOT NULL,
  `created_at` varchar(255) DEFAULT NULL,
  `updated_at` varchar(255) DEFAULT NULL,
  PRIMARY KEY (`id_agenda`)
) ENGINE=InnoDB DEFAULT CHARSET=utf8mb3 COLLATE=utf8mb3_general_ci;

-- Dumping data for table d3ti_psdku.tracer_agenda: ~3 rows (approximately)
INSERT INTO `tracer_agenda` (`id_agenda`, `nama_agenda`, `deskripsi_agenda`, `waktu_kegiatan`, `created_at`, `updated_at`) VALUES
	('126f665a-8119-42b2-9c17-049e274fd05e', 'Tracer 2', 'Jadwal kuesioner untuk lulusan tahun 2021', '2023-05-21', '2023-05-23 22:13:49', '2023-05-23 22:13:49'),
	('23b4210f-49ab-4602-956c-e2e574bb8170', 'Tracer 1', 'Jadwal kuesioner untuk lulusan tahun 2022', '2023-05-24', '2023-05-23 22:12:37', '2023-05-23 22:12:37'),
	('8eeae9ba-9d1e-4464-9981-fd9db864556f', 'Pra Tracer ', 'Jadwal Kuesioner untuk lulusan tahun 2023', '2023-05-23', '2023-05-23 22:12:03', '2023-05-23 22:12:03');

-- Dumping structure for table d3ti_psdku.tracer_alumni_berprestasi
CREATE TABLE IF NOT EXISTS `tracer_alumni_berprestasi` (
  `id_alumni_berprestasi` varchar(50) NOT NULL,
  `nama_mahasiswa` varchar(255) NOT NULL,
  `program_study` varchar(255) NOT NULL,
  `prestasi` varchar(255) NOT NULL,
  `foto` varchar(255) CHARACTER SET utf8mb3 COLLATE utf8mb3_general_ci DEFAULT NULL,
  `created_at` varchar(255) DEFAULT NULL,
  `updated_at` varchar(255) DEFAULT NULL,
  PRIMARY KEY (`id_alumni_berprestasi`)
) ENGINE=InnoDB DEFAULT CHARSET=utf8mb3 COLLATE=utf8mb3_general_ci;

-- Dumping data for table d3ti_psdku.tracer_alumni_berprestasi: ~3 rows (approximately)
INSERT INTO `tracer_alumni_berprestasi` (`id_alumni_berprestasi`, `nama_mahasiswa`, `program_study`, `prestasi`, `foto`, `created_at`, `updated_at`) VALUES
	('2b7ba912-6a5a-401e-b88f-6fba6a63e590', 'Windah Basudara', 'Teknik Informatika', 'Peraih gelar pemeran terbaik dalam dunia youtube.', '1684859337_46e6ce969ac3ab3530c6.png', '2023-05-23 23:28:57', '2023-05-23 23:28:57'),
	('4991ca7b-3916-4aea-8230-bf0cb67e1abb', 'Cristiano Ronaldo', 'Pendidikan Olahraga', 'Pemain Sepak Bola terkenal abang kambing kita', '1684859253_3445aefe439c5d80916e.jpg', '2023-05-23 23:27:33', '2023-05-23 23:27:33'),
	('53b5aef4-4519-4489-bb7e-9c54e336e79c', 'Joko Widodo', 'Teknik Industri', 'Presiden Republik Indonesia dua periode', '1684859193_5e9d0afd281eb9bd68f2.jpg', '2023-05-23 23:26:33', '2023-05-23 23:26:33'),
	('79bace75-8ad2-4815-80b8-00b89f310eb7', 'Zulfikar Ahmadi Rafsanjani', 'Teknik Informatika', 'Juara Coding International', '1684857376_314a29aad3677d2c4185.jpg', '2023-04-28 15:36:40', '2023-05-23 22:56:16');

-- Dumping structure for table d3ti_psdku.tracer_cms
CREATE TABLE IF NOT EXISTS `tracer_cms` (
  `id_cms` varchar(50) NOT NULL,
  `key` varchar(255) DEFAULT NULL,
  `warna_bg` varchar(255) NOT NULL,
  `created_at` varchar(255) DEFAULT NULL,
  `updated_at` varchar(255) DEFAULT NULL,
  PRIMARY KEY (`id_cms`),
  UNIQUE KEY `key` (`key`)
) ENGINE=InnoDB DEFAULT CHARSET=utf8mb3 COLLATE=utf8mb3_general_ci;

-- Dumping data for table d3ti_psdku.tracer_cms: ~1 rows (approximately)
INSERT INTO `tracer_cms` (`id_cms`, `key`, `warna_bg`, `created_at`, `updated_at`) VALUES
	('d38fbca9-6bff-4c12-8034-ba865ffadc76', 'warna', '#000760', NULL, '2023-07-04 00:15:20');

-- Dumping structure for table d3ti_psdku.tracer_informasi_magang
CREATE TABLE IF NOT EXISTS `tracer_informasi_magang` (
  `id_informasi_magang` varchar(50) NOT NULL,
  `nama_perusahaan` varchar(255) NOT NULL,
  `link_pt` varchar(255) NOT NULL,
  `posisi_magang` varchar(255) NOT NULL,
  `persyaratan_magang` text NOT NULL,
  `batas_akhir` varchar(255) NOT NULL,
  `poster_magang` varchar(255) DEFAULT NULL,
  `created_at` varchar(50) DEFAULT NULL,
  `updated_at` varchar(50) DEFAULT NULL,
  PRIMARY KEY (`id_informasi_magang`)
) ENGINE=InnoDB DEFAULT CHARSET=utf8mb3 COLLATE=utf8mb3_general_ci;

-- Dumping data for table d3ti_psdku.tracer_informasi_magang: ~1 rows (approximately)
INSERT INTO `tracer_informasi_magang` (`id_informasi_magang`, `nama_perusahaan`, `link_pt`, `posisi_magang`, `persyaratan_magang`, `batas_akhir`, `poster_magang`, `created_at`, `updated_at`) VALUES
	('b0787c29-fd07-430b-bcdc-64aa1628c4c6', 'E-commerce Brand Manager (Business Development) Internship', 'https://ifsintegrasi.co.id/', 'Business Development ', '<h2>Deskripsi pekerjaan</h2>\r\n\r\n<p>ABOUT UNA</p>\r\n\r\n<p>Founded by e-commerce experts, Una Brands is on a mission to build a next-generation consumer goods conglomerate focused on Asia Pacific. We acquire, operate, and scale businesses with a proven track record and category-winning brands. We are backed by top-tier institutional investors and business angels to support us on our mission. Being a part of the Una Team means you will get to work alongside a highly entrepreneurial, exceptional, and experienced team, who have worked at companies like McKinsey, Goldman Sachs, Lazada, Shopee, Amazon, and Ninja Van. We are growing rapidly and are keen to find top talent to build this company with. Join us today! We have raised &gt;$100M in our funding rounds so far.</p>\r\n\r\n<p>&nbsp;</p>\r\n\r\n<p>YOUR ROLE :</p>\r\n\r\n<p>E-commerce Business Development Internship spans a range of brand management specifically in home &amp; living category including but not limited to :</p>\r\n\r\n<p>(1) Supporting Brand Manager in growing our e-commerce portfolio brands,</p>\r\n\r\n<p>(2) Supporting Brand manager in managing operational/fulfillment issues.</p>\r\n\r\n<p>&nbsp;</p>\r\n\r\n<p>JOB DESCRIPTION :</p>\r\n\r\n<p> Actively in charge of all commercial activity of a Home-Living Brand</p>\r\n\r\n<p> Routinely check &amp; submit all promotion activities (Update pricing, setup voucher, update promotion, Flash sales submission, setup bundling package, etc)</p>\r\n\r\n<p> Daily management of our e-commerce portfolio brands, including managing e-commerce seller accounts (Shopee, Tokopedia, Tiktok) and business admin accounts.</p>\r\n\r\n<p> Edit and upload product listings and product pricing in our e-commerce seller dashboard.</p>\r\n\r\n<p> Manage customer chat replies for our e-commerce seller and business admin accounts.</p>\r\n\r\n<p> Process all replacement/return order</p>\r\n\r\n<p> Actively follow up fulfillment partner if there is any issue regarding the order</p>\r\n\r\n<p>YOUR PROFILE :</p>\r\n\r\n<p> Final-year bachelor&#39;s students in a university or fresh graduates are welcome to apply.</p>\r\n\r\n<p>&nbsp;</p>\r\n\r\n<p> Interest in e-commerce/brand development and start-up environment</p>\r\n\r\n<p> Active users of Instagram, TikTok, Shopee, and other trendy e-commerce platforms.</p>\r\n\r\n<p> Creative and able to think out of the box; especially on brand development, Business strategy, and planning.</p>\r\n\r\n<p> Good in Excel (basic skills)</p>\r\n\r\n<p> Up to date on recent news and trend in Indonesia</p>\r\n\r\n<p>This role will have a hybrid working schedule. This is a paid internship program.</p>\r\n', '2023-06-24', '1686645375_3b036d68e5143ff0368b.jpeg', '2023-06-13 15:30:07', '2023-06-18 17:31:36'),
	('ffa4c070-606c-47bb-b07d-f31b7a782fdf', 'Indekstat', 'https://indekstat.com/', 'Magang IndekStat Business Research Analyst', '<p>Rincian Kegiatan</p>\r\n\r\n<p>Magang IndekStat Business Research Analyst</p>\r\n\r\n<p>People &amp; Culture Division PT. IndekStat Indonesia mencanangkan pengembangan sistem tata kelola Human Capital Manajemen (HCM) perusahaan berikut kelompok usahanya dengan 4 Pilar HCM, yaitu: People Acquisition Management, People &amp; Organization Development, People Performance Management dan People Retire Management. People Acquisition Management sebagai pilar pertama pintu gerbang perusahaan guna mendapatkan kandidat berkualitas, yaitu kandidat berkapabilitas dan berkompetensi insan pekerja Business Research sesuai standar perusahaan, maka proses rekrutmen berbasis kegiatan Magang menjadi tahapan kritikal dan penting. Keberadaan IndekStat sebagai perusahaan bisnis di sektor Riset dan Data Science sejak awal berdiri sejak tahun 2017 hingga maju dan berkembang hingga kini didorong dengan meningkatnya lini bisnis Riset bidang Kebijakan Publik, Politik dan Keberlanjutan Pembangunan Daerah yang mendorong pertumbuhan bisnis perusahaan dari 1 entitas bisnis telah menjadi 4 entitas kelompok bisnis dan akan terus bertambah yang mencakup 4 Propinsi di pulau Jawa dan jumlah pekerja dari 5 orang telah menjadi 30 orang plus puluhan pekerja freelance (Tenaga Ahli Business Riset) jumlah keseluruhan yang tercatat dalam database perusahaan hingga 90 orang dan ratusan orang pekerja research enumerator. Pertumbuhan ini tentu disertai dengan adanya tuntutan standarisasi kecakapan setiap personil yang ditempatkan pada lokasi proyek perusahaan maupun kelompok usaha tersebut, terutama dalam menjalankan proses bisnis dan mencapai kualitas hasil usaha yang ditargetkan. Untuk itu, Aktivitas Magang IndekStat Business Research Analyst ini diproyeksikan untuk potensial proyek-proyek Bisnis Riset di perusahaan dan kelompok usaha di tahun 2023 ini merupakan sebuah aktivitas di dalam magang bersertifikat yang didesain untuk menyelesaikan kebutuhan insan pekerja bisnis riset perusahaan yang memiliki kapabilitas dan kompetensi mumpuni serta dapat diandalkan guna penyelesaian proyek sesuai standar perusahaan dan kontrak kerja pemberi kerja (mitra bisnis perusahaan), standarisasi ketrampilan dan wawasan pengetahuan bisnis riset bagi pegawai baru perusahaan untuk tetap bertumbuh dan berkembang. Program strategik perusahaan ini sangat dibutuhkan untuk segera dilaksanakan dan selesaikan dalam waktu dekat di tahun 2023 ini.</p>\r\n\r\n<p>Kriteria Peserta</p>\r\n\r\n<p>Kriteria Kandidat:<br />\r\n&bull; Jurusan: Semua jurusan (lebih disukai Komunikasi &amp; Statistik)<br />\r\n&bull; Jenjang: S1<br />\r\n&bull; Semester: Minimal semester 6</p>\r\n\r\n<p>Kriteria hard skills:<br />\r\n- Microsoft Office<br />\r\n- Metode Penelitian<br />\r\n- Metode Sampling<br />\r\n- Field Management</p>\r\n\r\n<p>Kriteria soft skills:<br />\r\n- Komunikasi<br />\r\n- Bekerja dalam tim<br />\r\n- Memiliki inisiatif tinggi<br />\r\n- Analitis<br />\r\n- Terstruktur</p>\r\n\r\n<p>Kriteria Lainnya:<br />\r\n- Bersedia ditempatkan di lokasi proyek</p>\r\n\r\n<p>Informasi Tambahan</p>\r\n\r\n<p>Program IndekStat Young Business Researcher (IndekStat YBR) akan terbagi menjadi 4 Divisi Program Magang, yaitu: A. Politic Research Division: 1) Magang Politic Research Analyst 2) Magang Data Processing &amp; Analyst 3) Magang Field Data Management B. Public Policy Research Division: 4) Magang Survey Research Analyst 5) Magang Policy Data Analyst C. Institution Relations Division: 6) Magang Project Research Marketing Officer 7) Magang Procurement Administration Officer D. Project Business Support Division: 8) Magang Human Capital Management Officer</p>\r\n', '2023-06-23', NULL, '2023-06-18 17:27:51', '2023-06-18 17:27:51');

-- Dumping structure for table d3ti_psdku.tracer_jadwal_kuesioner
CREATE TABLE IF NOT EXISTS `tracer_jadwal_kuesioner` (
  `id_jadwal_kuesioner` varchar(255) NOT NULL,
  `jenis_survey` varchar(255) CHARACTER SET utf8mb3 COLLATE utf8mb3_general_ci NOT NULL,
  `tahun_lulus` varchar(255) CHARACTER SET utf8mb3 COLLATE utf8mb3_general_ci NOT NULL,
  `batas_pengisian` varchar(255) CHARACTER SET utf8mb3 COLLATE utf8mb3_general_ci NOT NULL,
  `created_at` varchar(255) DEFAULT NULL,
  `updated_at` varchar(255) DEFAULT NULL,
  PRIMARY KEY (`id_jadwal_kuesioner`),
  KEY `jenis_survey` (`jenis_survey`),
  KEY `tahun_lulus` (`tahun_lulus`),
  CONSTRAINT `FK1_jenis_survey` FOREIGN KEY (`jenis_survey`) REFERENCES `tracer_jenis_kuesioner` (`id_jenis_kuesioner`) ON DELETE CASCADE ON UPDATE CASCADE,
  CONSTRAINT `FK2_tahun_lulus` FOREIGN KEY (`tahun_lulus`) REFERENCES `tracer_tahun_lulus` (`id_tahun_lulus`) ON DELETE CASCADE ON UPDATE CASCADE
) ENGINE=InnoDB DEFAULT CHARSET=utf8mb3 COLLATE=utf8mb3_general_ci;

-- Dumping data for table d3ti_psdku.tracer_jadwal_kuesioner: ~2 rows (approximately)
INSERT INTO `tracer_jadwal_kuesioner` (`id_jadwal_kuesioner`, `jenis_survey`, `tahun_lulus`, `batas_pengisian`, `created_at`, `updated_at`) VALUES
	('07d3725e-3c2a-42db-a756-33b59e507dbd', '1d319604-87ea-463a-926d-e54d1ffb8a0b', '797b568a-76e9-41e3-b40c-b215cab5591b', '2023-05-21', '2023-05-18 23:12:20', '2023-05-18 23:12:20');

-- Dumping structure for table d3ti_psdku.tracer_jawaban_isian
CREATE TABLE IF NOT EXISTS `tracer_jawaban_isian` (
  `id_jawaban_isian` int NOT NULL AUTO_INCREMENT,
  `id_jadwal_kuesioner_isian` varchar(255) CHARACTER SET utf8mb3 COLLATE utf8mb3_general_ci NOT NULL,
  `id_user_isian` int unsigned NOT NULL,
  `id_pertanyaan_isian` varchar(255) CHARACTER SET utf8mb3 COLLATE utf8mb3_general_ci NOT NULL,
  `pertanyaan_isian` varchar(255) CHARACTER SET utf8mb3 COLLATE utf8mb3_general_ci NOT NULL,
  `isian` varchar(255) CHARACTER SET utf8mb3 COLLATE utf8mb3_general_ci DEFAULT NULL,
  `created_at` varchar(255) DEFAULT NULL,
  `updated_at` varchar(255) DEFAULT NULL,
  PRIMARY KEY (`id_jawaban_isian`) USING BTREE,
  KEY `id_jadwal_kuesioner` (`id_jadwal_kuesioner_isian`) USING BTREE,
  KEY `id_user` (`id_user_isian`) USING BTREE,
  KEY `id_pertanyaan` (`id_pertanyaan_isian`) USING BTREE,
  CONSTRAINT `FK1_id_jadwal_kuesioner_isian` FOREIGN KEY (`id_jadwal_kuesioner_isian`) REFERENCES `tracer_jadwal_kuesioner` (`id_jadwal_kuesioner`) ON DELETE CASCADE ON UPDATE CASCADE,
  CONSTRAINT `FK2_id_user_isian` FOREIGN KEY (`id_user_isian`) REFERENCES `users` (`id`) ON DELETE CASCADE ON UPDATE CASCADE,
  CONSTRAINT `FK3_id_pertanyaan_isian` FOREIGN KEY (`id_pertanyaan_isian`) REFERENCES `tracer_pertanyaan_isian` (`id_pertanyaan_isian`) ON DELETE CASCADE ON UPDATE CASCADE
) ENGINE=InnoDB AUTO_INCREMENT=7 DEFAULT CHARSET=utf8mb3 COLLATE=utf8mb3_general_ci;

-- Dumping data for table d3ti_psdku.tracer_jawaban_isian: ~4 rows (approximately)
INSERT INTO `tracer_jawaban_isian` (`id_jawaban_isian`, `id_jadwal_kuesioner_isian`, `id_user_isian`, `id_pertanyaan_isian`, `pertanyaan_isian`, `isian`, `created_at`, `updated_at`) VALUES
	(3, '07d3725e-3c2a-42db-a756-33b59e507dbd', 96, '8af76762-f2ce-4a19-a8fc-b92cb4105860', 'Jika anda melanjutkan pendidikan anda akan melanjutkan dimana', 'dvkniodhdb', '2023-06-21 02:24:52', '2023-06-21 02:24:52'),
	(4, '07d3725e-3c2a-42db-a756-33b59e507dbd', 96, 'c2cc7bbc-a368-4fd7-9eaf-01a44f6cf512', 'Jika anda sudah bekerja anda bekerja di perusahaan apa?', 'dvdjoisjboids', '2023-06-21 02:24:52', '2023-06-21 02:24:52'),
	(5, '07d3725e-3c2a-42db-a756-33b59e507dbd', 96, '8af76762-f2ce-4a19-a8fc-b92cb4105860', 'Jika anda melanjutkan pendidikan anda akan melanjutkan dimana', 'Universitas Sebelas maret', '2023-06-21 02:42:49', '2023-06-21 02:42:49'),
	(6, '07d3725e-3c2a-42db-a756-33b59e507dbd', 96, 'c2cc7bbc-a368-4fd7-9eaf-01a44f6cf512', 'Jika anda sudah bekerja anda bekerja di perusahaan apa?', 'PT Arkatama Multi Solusindo', '2023-06-21 02:42:50', '2023-06-21 02:42:50');

-- Dumping structure for table d3ti_psdku.tracer_jawaban_kuesioner
CREATE TABLE IF NOT EXISTS `tracer_jawaban_kuesioner` (
  `id_jawaban` int NOT NULL AUTO_INCREMENT,
  `id_jadwal_kuesioner` varchar(255) CHARACTER SET utf8mb3 COLLATE utf8mb3_general_ci NOT NULL,
  `id_user` int unsigned NOT NULL,
  `id_pertanyaan` varchar(255) NOT NULL,
  `pertanyaan` varchar(255) CHARACTER SET utf8mb3 COLLATE utf8mb3_general_ci DEFAULT NULL,
  `pilihan` varchar(255) CHARACTER SET utf8mb3 COLLATE utf8mb3_general_ci DEFAULT NULL,
  `created_at` varchar(255) DEFAULT NULL,
  `updated_at` varchar(255) DEFAULT NULL,
  PRIMARY KEY (`id_jawaban`),
  KEY `id_jadwal_kuesioner` (`id_jadwal_kuesioner`),
  KEY `id_user` (`id_user`),
  KEY `id_pertanyaan` (`id_pertanyaan`),
  CONSTRAINT `FK1_id_jadwal_kuesioner` FOREIGN KEY (`id_jadwal_kuesioner`) REFERENCES `tracer_jadwal_kuesioner` (`id_jadwal_kuesioner`) ON DELETE CASCADE ON UPDATE CASCADE,
  CONSTRAINT `FK2_id_pertanyaan_kuesioner` FOREIGN KEY (`id_pertanyaan`) REFERENCES `tracer_pertanyaan_kuesioner` (`id_pertanyaan`) ON DELETE CASCADE ON UPDATE CASCADE,
  CONSTRAINT `FK3_id_user` FOREIGN KEY (`id_user`) REFERENCES `users` (`id`) ON DELETE CASCADE ON UPDATE CASCADE
) ENGINE=InnoDB AUTO_INCREMENT=210 DEFAULT CHARSET=utf8mb3 COLLATE=utf8mb3_general_ci;

-- Dumping data for table d3ti_psdku.tracer_jawaban_kuesioner: ~118 rows (approximately)
INSERT INTO `tracer_jawaban_kuesioner` (`id_jawaban`, `id_jadwal_kuesioner`, `id_user`, `id_pertanyaan`, `pertanyaan`, `pilihan`, `created_at`, `updated_at`) VALUES
	(87, '07d3725e-3c2a-42db-a756-33b59e507dbd', 96, '0d82987e-8962-466c-ae5d-5ecb399c1291', 'Saat anda lulus dari Universitas Sebelas Maret apakah anda melanjutkan pendidikan lagi?', 'Ya', '2023-06-20 15:16:28', '2023-06-20 15:16:28'),
	(88, '07d3725e-3c2a-42db-a756-33b59e507dbd', 96, '25d9dd0a-052a-4e75-984c-76d8926816f1', 'Apakah anda sudah mendapatkan pekerjaan?', 'Belum', '2023-06-20 15:16:28', '2023-06-20 15:16:28'),
	(89, '07d3725e-3c2a-42db-a756-33b59e507dbd', 96, '290e94d7-3bf9-4748-8e74-4b5d52cd1e7b', 'Saat baru lulus, sejauh mana anda merasa mampu bersaing dengan lulusan perguruan lain?', 'Mampu ', '2023-06-20 15:16:29', '2023-06-20 15:16:29'),
	(90, '07d3725e-3c2a-42db-a756-33b59e507dbd', 96, '62f17b03-ded0-4c95-8395-9ae95f8c2c01', 'Apakah anda berorganisasi saat menjadi mahasiswa?', 'Tidak', '2023-06-20 15:16:33', '2023-06-20 15:16:33'),
	(91, '07d3725e-3c2a-42db-a756-33b59e507dbd', 96, 'e49f0b24-74b1-45cd-915b-709be85c0578', 'Apakah materi pembelajaran pada saat anda kuliah dibutuhkan didunia kerja saat ini?', 'Dibutuhkan', '2023-06-20 15:16:35', '2023-06-20 15:16:35'),
	(92, '07d3725e-3c2a-42db-a756-33b59e507dbd', 96, 'edcc1213-46f8-4574-9c9e-a43b7bcdc6d3', 'Pada saat anda masuk Universitas Sebelas Maret Kampus Madiun, Prodi yang anda pilih termasuk pilihan ke?', 'Dua', '2023-06-20 15:16:36', '2023-06-20 15:16:36'),
	(93, '07d3725e-3c2a-42db-a756-33b59e507dbd', 96, '0d82987e-8962-466c-ae5d-5ecb399c1291', 'Saat anda lulus dari Universitas Sebelas Maret apakah anda melanjutkan pendidikan lagi?', 'Tidak', '2023-06-20 16:02:09', '2023-06-20 16:02:09'),
	(94, '07d3725e-3c2a-42db-a756-33b59e507dbd', 96, '25d9dd0a-052a-4e75-984c-76d8926816f1', 'Apakah anda sudah mendapatkan pekerjaan?', 'Sudah', '2023-06-20 16:02:09', '2023-06-20 16:02:09'),
	(95, '07d3725e-3c2a-42db-a756-33b59e507dbd', 96, '290e94d7-3bf9-4748-8e74-4b5d52cd1e7b', 'Saat baru lulus, sejauh mana anda merasa mampu bersaing dengan lulusan perguruan lain?', 'Tidak mampu', '2023-06-20 16:02:09', '2023-06-20 16:02:09'),
	(96, '07d3725e-3c2a-42db-a756-33b59e507dbd', 96, '62f17b03-ded0-4c95-8395-9ae95f8c2c01', 'Apakah anda berorganisasi saat menjadi mahasiswa?', 'Ya', '2023-06-20 16:02:10', '2023-06-20 16:02:10'),
	(97, '07d3725e-3c2a-42db-a756-33b59e507dbd', 96, 'e49f0b24-74b1-45cd-915b-709be85c0578', 'Apakah materi pembelajaran pada saat anda kuliah dibutuhkan didunia kerja saat ini?', 'Tidak dibutuhkan', '2023-06-20 16:02:14', '2023-06-20 16:02:14'),
	(98, '07d3725e-3c2a-42db-a756-33b59e507dbd', 96, 'edcc1213-46f8-4574-9c9e-a43b7bcdc6d3', 'Pada saat anda masuk Universitas Sebelas Maret Kampus Madiun, Prodi yang anda pilih termasuk pilihan ke?', 'Satu', '2023-06-20 16:02:14', '2023-06-20 16:02:14'),
	(99, '07d3725e-3c2a-42db-a756-33b59e507dbd', 96, '0d82987e-8962-466c-ae5d-5ecb399c1291', 'Saat anda lulus dari Universitas Sebelas Maret apakah anda melanjutkan pendidikan lagi?', 'Ya', '2023-06-20 18:15:26', '2023-06-20 18:15:26'),
	(100, '07d3725e-3c2a-42db-a756-33b59e507dbd', 96, '25d9dd0a-052a-4e75-984c-76d8926816f1', 'Apakah anda sudah mendapatkan pekerjaan?', 'Belum', '2023-06-20 18:15:26', '2023-06-20 18:15:26'),
	(101, '07d3725e-3c2a-42db-a756-33b59e507dbd', 96, '290e94d7-3bf9-4748-8e74-4b5d52cd1e7b', 'Saat baru lulus, sejauh mana anda merasa mampu bersaing dengan lulusan perguruan lain?', 'Tidak mampu', '2023-06-20 18:15:27', '2023-06-20 18:15:27'),
	(102, '07d3725e-3c2a-42db-a756-33b59e507dbd', 96, '62f17b03-ded0-4c95-8395-9ae95f8c2c01', 'Apakah anda berorganisasi saat menjadi mahasiswa?', 'Ya', '2023-06-20 18:15:28', '2023-06-20 18:15:28'),
	(103, '07d3725e-3c2a-42db-a756-33b59e507dbd', 96, 'e49f0b24-74b1-45cd-915b-709be85c0578', 'Apakah materi pembelajaran pada saat anda kuliah dibutuhkan didunia kerja saat ini?', 'Dibutuhkan', '2023-06-20 18:15:29', '2023-06-20 18:15:29'),
	(104, '07d3725e-3c2a-42db-a756-33b59e507dbd', 96, 'edcc1213-46f8-4574-9c9e-a43b7bcdc6d3', 'Pada saat anda masuk Universitas Sebelas Maret Kampus Madiun, Prodi yang anda pilih termasuk pilihan ke?', 'Satu', '2023-06-20 18:15:29', '2023-06-20 18:15:29'),
	(105, '07d3725e-3c2a-42db-a756-33b59e507dbd', 96, '0d82987e-8962-466c-ae5d-5ecb399c1291', 'Saat anda lulus dari Universitas Sebelas Maret apakah anda melanjutkan pendidikan lagi?', 'Ya', '2023-06-21 01:30:59', '2023-06-21 01:30:59'),
	(106, '07d3725e-3c2a-42db-a756-33b59e507dbd', 96, '25d9dd0a-052a-4e75-984c-76d8926816f1', 'Apakah anda sudah mendapatkan pekerjaan?', 'Belum', '2023-06-21 01:31:00', '2023-06-21 01:31:00'),
	(107, '07d3725e-3c2a-42db-a756-33b59e507dbd', 96, '290e94d7-3bf9-4748-8e74-4b5d52cd1e7b', 'Saat baru lulus, sejauh mana anda merasa mampu bersaing dengan lulusan perguruan lain?', 'Mampu ', '2023-06-21 01:31:00', '2023-06-21 01:31:00'),
	(108, '07d3725e-3c2a-42db-a756-33b59e507dbd', 96, '62f17b03-ded0-4c95-8395-9ae95f8c2c01', 'Apakah anda berorganisasi saat menjadi mahasiswa?', 'Tidak', '2023-06-21 01:31:01', '2023-06-21 01:31:01'),
	(109, '07d3725e-3c2a-42db-a756-33b59e507dbd', 96, 'e49f0b24-74b1-45cd-915b-709be85c0578', 'Apakah materi pembelajaran pada saat anda kuliah dibutuhkan didunia kerja saat ini?', 'Dibutuhkan', '2023-06-21 01:31:01', '2023-06-21 01:31:01'),
	(110, '07d3725e-3c2a-42db-a756-33b59e507dbd', 96, 'edcc1213-46f8-4574-9c9e-a43b7bcdc6d3', 'Pada saat anda masuk Universitas Sebelas Maret Kampus Madiun, Prodi yang anda pilih termasuk pilihan ke?', 'Satu', '2023-06-21 01:31:01', '2023-06-21 01:31:01'),
	(111, '07d3725e-3c2a-42db-a756-33b59e507dbd', 96, '0d82987e-8962-466c-ae5d-5ecb399c1291', 'Saat anda lulus dari Universitas Sebelas Maret apakah anda melanjutkan pendidikan lagi?', 'Ya', '2023-06-21 01:33:20', '2023-06-21 01:33:20'),
	(112, '07d3725e-3c2a-42db-a756-33b59e507dbd', 96, '25d9dd0a-052a-4e75-984c-76d8926816f1', 'Apakah anda sudah mendapatkan pekerjaan?', 'Belum', '2023-06-21 01:33:22', '2023-06-21 01:33:22'),
	(113, '07d3725e-3c2a-42db-a756-33b59e507dbd', 96, '290e94d7-3bf9-4748-8e74-4b5d52cd1e7b', 'Saat baru lulus, sejauh mana anda merasa mampu bersaing dengan lulusan perguruan lain?', 'Mampu ', '2023-06-21 01:33:24', '2023-06-21 01:33:24'),
	(114, '07d3725e-3c2a-42db-a756-33b59e507dbd', 96, '62f17b03-ded0-4c95-8395-9ae95f8c2c01', 'Apakah anda berorganisasi saat menjadi mahasiswa?', 'Tidak', '2023-06-21 01:33:24', '2023-06-21 01:33:24'),
	(115, '07d3725e-3c2a-42db-a756-33b59e507dbd', 96, 'e49f0b24-74b1-45cd-915b-709be85c0578', 'Apakah materi pembelajaran pada saat anda kuliah dibutuhkan didunia kerja saat ini?', 'Dibutuhkan', '2023-06-21 01:33:24', '2023-06-21 01:33:24'),
	(116, '07d3725e-3c2a-42db-a756-33b59e507dbd', 96, 'edcc1213-46f8-4574-9c9e-a43b7bcdc6d3', 'Pada saat anda masuk Universitas Sebelas Maret Kampus Madiun, Prodi yang anda pilih termasuk pilihan ke?', 'Satu', '2023-06-21 01:33:25', '2023-06-21 01:33:25'),
	(117, '07d3725e-3c2a-42db-a756-33b59e507dbd', 96, '0d82987e-8962-466c-ae5d-5ecb399c1291', 'Saat anda lulus dari Universitas Sebelas Maret apakah anda melanjutkan pendidikan lagi?', 'Ya', '2023-06-21 01:34:59', '2023-06-21 01:34:59'),
	(118, '07d3725e-3c2a-42db-a756-33b59e507dbd', 96, '25d9dd0a-052a-4e75-984c-76d8926816f1', 'Apakah anda sudah mendapatkan pekerjaan?', 'Belum', '2023-06-21 01:34:59', '2023-06-21 01:34:59'),
	(119, '07d3725e-3c2a-42db-a756-33b59e507dbd', 96, '290e94d7-3bf9-4748-8e74-4b5d52cd1e7b', 'Saat baru lulus, sejauh mana anda merasa mampu bersaing dengan lulusan perguruan lain?', 'Tidak mampu', '2023-06-21 01:35:00', '2023-06-21 01:35:00'),
	(120, '07d3725e-3c2a-42db-a756-33b59e507dbd', 96, '62f17b03-ded0-4c95-8395-9ae95f8c2c01', 'Apakah anda berorganisasi saat menjadi mahasiswa?', 'Ya', '2023-06-21 01:35:01', '2023-06-21 01:35:01'),
	(121, '07d3725e-3c2a-42db-a756-33b59e507dbd', 96, 'e49f0b24-74b1-45cd-915b-709be85c0578', 'Apakah materi pembelajaran pada saat anda kuliah dibutuhkan didunia kerja saat ini?', 'Dibutuhkan', '2023-06-21 01:35:01', '2023-06-21 01:35:01'),
	(122, '07d3725e-3c2a-42db-a756-33b59e507dbd', 96, 'edcc1213-46f8-4574-9c9e-a43b7bcdc6d3', 'Pada saat anda masuk Universitas Sebelas Maret Kampus Madiun, Prodi yang anda pilih termasuk pilihan ke?', 'Dua', '2023-06-21 01:35:03', '2023-06-21 01:35:03'),
	(123, '07d3725e-3c2a-42db-a756-33b59e507dbd', 96, '0d82987e-8962-466c-ae5d-5ecb399c1291', 'Saat anda lulus dari Universitas Sebelas Maret apakah anda melanjutkan pendidikan lagi?', 'Ya', '2023-06-21 01:36:42', '2023-06-21 01:36:42'),
	(124, '07d3725e-3c2a-42db-a756-33b59e507dbd', 96, '25d9dd0a-052a-4e75-984c-76d8926816f1', 'Apakah anda sudah mendapatkan pekerjaan?', 'Belum', '2023-06-21 01:36:42', '2023-06-21 01:36:42'),
	(125, '07d3725e-3c2a-42db-a756-33b59e507dbd', 96, '290e94d7-3bf9-4748-8e74-4b5d52cd1e7b', 'Saat baru lulus, sejauh mana anda merasa mampu bersaing dengan lulusan perguruan lain?', 'Tidak mampu', '2023-06-21 01:36:43', '2023-06-21 01:36:43'),
	(126, '07d3725e-3c2a-42db-a756-33b59e507dbd', 96, '62f17b03-ded0-4c95-8395-9ae95f8c2c01', 'Apakah anda berorganisasi saat menjadi mahasiswa?', 'Ya', '2023-06-21 01:36:46', '2023-06-21 01:36:46'),
	(127, '07d3725e-3c2a-42db-a756-33b59e507dbd', 96, 'e49f0b24-74b1-45cd-915b-709be85c0578', 'Apakah materi pembelajaran pada saat anda kuliah dibutuhkan didunia kerja saat ini?', 'Dibutuhkan', '2023-06-21 01:36:46', '2023-06-21 01:36:46'),
	(128, '07d3725e-3c2a-42db-a756-33b59e507dbd', 96, 'edcc1213-46f8-4574-9c9e-a43b7bcdc6d3', 'Pada saat anda masuk Universitas Sebelas Maret Kampus Madiun, Prodi yang anda pilih termasuk pilihan ke?', 'Dua', '2023-06-21 01:36:47', '2023-06-21 01:36:47'),
	(129, '07d3725e-3c2a-42db-a756-33b59e507dbd', 96, '0d82987e-8962-466c-ae5d-5ecb399c1291', 'Saat anda lulus dari Universitas Sebelas Maret apakah anda melanjutkan pendidikan lagi?', 'Ya', '2023-06-21 01:44:19', '2023-06-21 01:44:19'),
	(130, '07d3725e-3c2a-42db-a756-33b59e507dbd', 96, '25d9dd0a-052a-4e75-984c-76d8926816f1', 'Apakah anda sudah mendapatkan pekerjaan?', 'Sudah', '2023-06-21 01:44:19', '2023-06-21 01:44:19'),
	(131, '07d3725e-3c2a-42db-a756-33b59e507dbd', 96, '290e94d7-3bf9-4748-8e74-4b5d52cd1e7b', 'Saat baru lulus, sejauh mana anda merasa mampu bersaing dengan lulusan perguruan lain?', 'Mampu ', '2023-06-21 01:44:22', '2023-06-21 01:44:22'),
	(132, '07d3725e-3c2a-42db-a756-33b59e507dbd', 96, '62f17b03-ded0-4c95-8395-9ae95f8c2c01', 'Apakah anda berorganisasi saat menjadi mahasiswa?', 'Ya', '2023-06-21 01:44:27', '2023-06-21 01:44:27'),
	(133, '07d3725e-3c2a-42db-a756-33b59e507dbd', 96, 'e49f0b24-74b1-45cd-915b-709be85c0578', 'Apakah materi pembelajaran pada saat anda kuliah dibutuhkan didunia kerja saat ini?', 'Dibutuhkan', '2023-06-21 01:44:28', '2023-06-21 01:44:28'),
	(134, '07d3725e-3c2a-42db-a756-33b59e507dbd', 96, 'edcc1213-46f8-4574-9c9e-a43b7bcdc6d3', 'Pada saat anda masuk Universitas Sebelas Maret Kampus Madiun, Prodi yang anda pilih termasuk pilihan ke?', 'Satu', '2023-06-21 01:44:33', '2023-06-21 01:44:33'),
	(135, '07d3725e-3c2a-42db-a756-33b59e507dbd', 96, '0d82987e-8962-466c-ae5d-5ecb399c1291', 'Saat anda lulus dari Universitas Sebelas Maret apakah anda melanjutkan pendidikan lagi?', 'Ya', '2023-06-21 01:49:43', '2023-06-21 01:49:43'),
	(136, '07d3725e-3c2a-42db-a756-33b59e507dbd', 96, '25d9dd0a-052a-4e75-984c-76d8926816f1', 'Apakah anda sudah mendapatkan pekerjaan?', 'Sudah', '2023-06-21 01:49:44', '2023-06-21 01:49:44'),
	(137, '07d3725e-3c2a-42db-a756-33b59e507dbd', 96, '290e94d7-3bf9-4748-8e74-4b5d52cd1e7b', 'Saat baru lulus, sejauh mana anda merasa mampu bersaing dengan lulusan perguruan lain?', 'Mampu ', '2023-06-21 01:49:45', '2023-06-21 01:49:45'),
	(138, '07d3725e-3c2a-42db-a756-33b59e507dbd', 96, '62f17b03-ded0-4c95-8395-9ae95f8c2c01', 'Apakah anda berorganisasi saat menjadi mahasiswa?', 'Ya', '2023-06-21 01:49:46', '2023-06-21 01:49:46'),
	(139, '07d3725e-3c2a-42db-a756-33b59e507dbd', 96, 'e49f0b24-74b1-45cd-915b-709be85c0578', 'Apakah materi pembelajaran pada saat anda kuliah dibutuhkan didunia kerja saat ini?', 'Dibutuhkan', '2023-06-21 01:49:47', '2023-06-21 01:49:47'),
	(140, '07d3725e-3c2a-42db-a756-33b59e507dbd', 96, 'edcc1213-46f8-4574-9c9e-a43b7bcdc6d3', 'Pada saat anda masuk Universitas Sebelas Maret Kampus Madiun, Prodi yang anda pilih termasuk pilihan ke?', 'Satu', '2023-06-21 01:49:47', '2023-06-21 01:49:47'),
	(141, '07d3725e-3c2a-42db-a756-33b59e507dbd', 96, '0d82987e-8962-466c-ae5d-5ecb399c1291', 'Saat anda lulus dari Universitas Sebelas Maret apakah anda melanjutkan pendidikan lagi?', 'Ya', '2023-06-21 01:51:25', '2023-06-21 01:51:25'),
	(142, '07d3725e-3c2a-42db-a756-33b59e507dbd', 96, '25d9dd0a-052a-4e75-984c-76d8926816f1', 'Apakah anda sudah mendapatkan pekerjaan?', 'Sudah', '2023-06-21 01:51:28', '2023-06-21 01:51:28'),
	(143, '07d3725e-3c2a-42db-a756-33b59e507dbd', 96, '290e94d7-3bf9-4748-8e74-4b5d52cd1e7b', 'Saat baru lulus, sejauh mana anda merasa mampu bersaing dengan lulusan perguruan lain?', 'Mampu ', '2023-06-21 01:51:29', '2023-06-21 01:51:29'),
	(144, '07d3725e-3c2a-42db-a756-33b59e507dbd', 96, '0d82987e-8962-466c-ae5d-5ecb399c1291', 'Saat anda lulus dari Universitas Sebelas Maret apakah anda melanjutkan pendidikan lagi?', 'Ya', '2023-06-21 01:52:41', '2023-06-21 01:52:41'),
	(145, '07d3725e-3c2a-42db-a756-33b59e507dbd', 96, '25d9dd0a-052a-4e75-984c-76d8926816f1', 'Apakah anda sudah mendapatkan pekerjaan?', 'Sudah', '2023-06-21 01:52:44', '2023-06-21 01:52:44'),
	(146, '07d3725e-3c2a-42db-a756-33b59e507dbd', 96, '290e94d7-3bf9-4748-8e74-4b5d52cd1e7b', 'Saat baru lulus, sejauh mana anda merasa mampu bersaing dengan lulusan perguruan lain?', 'Mampu ', '2023-06-21 01:52:45', '2023-06-21 01:52:45'),
	(147, '07d3725e-3c2a-42db-a756-33b59e507dbd', 96, '0d82987e-8962-466c-ae5d-5ecb399c1291', 'Saat anda lulus dari Universitas Sebelas Maret apakah anda melanjutkan pendidikan lagi?', 'Ya', '2023-06-21 01:57:29', '2023-06-21 01:57:29'),
	(148, '07d3725e-3c2a-42db-a756-33b59e507dbd', 96, '25d9dd0a-052a-4e75-984c-76d8926816f1', 'Apakah anda sudah mendapatkan pekerjaan?', 'Sudah', '2023-06-21 01:57:31', '2023-06-21 01:57:31'),
	(149, '07d3725e-3c2a-42db-a756-33b59e507dbd', 96, '290e94d7-3bf9-4748-8e74-4b5d52cd1e7b', 'Saat baru lulus, sejauh mana anda merasa mampu bersaing dengan lulusan perguruan lain?', 'Mampu ', '2023-06-21 01:57:36', '2023-06-21 01:57:36'),
	(150, '07d3725e-3c2a-42db-a756-33b59e507dbd', 96, '0d82987e-8962-466c-ae5d-5ecb399c1291', 'Saat anda lulus dari Universitas Sebelas Maret apakah anda melanjutkan pendidikan lagi?', 'Ya', '2023-06-21 01:59:24', '2023-06-21 01:59:24'),
	(151, '07d3725e-3c2a-42db-a756-33b59e507dbd', 96, '25d9dd0a-052a-4e75-984c-76d8926816f1', 'Apakah anda sudah mendapatkan pekerjaan?', 'Sudah', '2023-06-21 01:59:26', '2023-06-21 01:59:26'),
	(152, '07d3725e-3c2a-42db-a756-33b59e507dbd', 96, '290e94d7-3bf9-4748-8e74-4b5d52cd1e7b', 'Saat baru lulus, sejauh mana anda merasa mampu bersaing dengan lulusan perguruan lain?', 'Mampu ', '2023-06-21 01:59:29', '2023-06-21 01:59:29'),
	(153, '07d3725e-3c2a-42db-a756-33b59e507dbd', 96, '0d82987e-8962-466c-ae5d-5ecb399c1291', 'Saat anda lulus dari Universitas Sebelas Maret apakah anda melanjutkan pendidikan lagi?', 'Ya', '2023-06-21 02:00:48', '2023-06-21 02:00:48'),
	(154, '07d3725e-3c2a-42db-a756-33b59e507dbd', 96, '25d9dd0a-052a-4e75-984c-76d8926816f1', 'Apakah anda sudah mendapatkan pekerjaan?', 'Sudah', '2023-06-21 02:00:52', '2023-06-21 02:00:52'),
	(155, '07d3725e-3c2a-42db-a756-33b59e507dbd', 96, '290e94d7-3bf9-4748-8e74-4b5d52cd1e7b', 'Saat baru lulus, sejauh mana anda merasa mampu bersaing dengan lulusan perguruan lain?', 'Mampu ', '2023-06-21 02:00:52', '2023-06-21 02:00:52'),
	(156, '07d3725e-3c2a-42db-a756-33b59e507dbd', 96, '0d82987e-8962-466c-ae5d-5ecb399c1291', 'Saat anda lulus dari Universitas Sebelas Maret apakah anda melanjutkan pendidikan lagi?', 'Ya', '2023-06-21 02:03:06', '2023-06-21 02:03:06'),
	(157, '07d3725e-3c2a-42db-a756-33b59e507dbd', 96, '25d9dd0a-052a-4e75-984c-76d8926816f1', 'Apakah anda sudah mendapatkan pekerjaan?', 'Sudah', '2023-06-21 02:03:06', '2023-06-21 02:03:06'),
	(158, '07d3725e-3c2a-42db-a756-33b59e507dbd', 96, '290e94d7-3bf9-4748-8e74-4b5d52cd1e7b', 'Saat baru lulus, sejauh mana anda merasa mampu bersaing dengan lulusan perguruan lain?', 'Mampu ', '2023-06-21 02:03:08', '2023-06-21 02:03:08'),
	(159, '07d3725e-3c2a-42db-a756-33b59e507dbd', 96, '62f17b03-ded0-4c95-8395-9ae95f8c2c01', 'Apakah anda berorganisasi saat menjadi mahasiswa?', 'Ya', '2023-06-21 02:03:09', '2023-06-21 02:03:09'),
	(160, '07d3725e-3c2a-42db-a756-33b59e507dbd', 96, 'e49f0b24-74b1-45cd-915b-709be85c0578', 'Apakah materi pembelajaran pada saat anda kuliah dibutuhkan didunia kerja saat ini?', 'Tidak dibutuhkan', '2023-06-21 02:03:10', '2023-06-21 02:03:10'),
	(161, '07d3725e-3c2a-42db-a756-33b59e507dbd', 96, 'edcc1213-46f8-4574-9c9e-a43b7bcdc6d3', 'Pada saat anda masuk Universitas Sebelas Maret Kampus Madiun, Prodi yang anda pilih termasuk pilihan ke?', 'Dua', '2023-06-21 02:03:11', '2023-06-21 02:03:11'),
	(162, '07d3725e-3c2a-42db-a756-33b59e507dbd', 96, '0d82987e-8962-466c-ae5d-5ecb399c1291', 'Saat anda lulus dari Universitas Sebelas Maret apakah anda melanjutkan pendidikan lagi?', 'Ya', '2023-06-21 02:07:46', '2023-06-21 02:07:46'),
	(163, '07d3725e-3c2a-42db-a756-33b59e507dbd', 96, '25d9dd0a-052a-4e75-984c-76d8926816f1', 'Apakah anda sudah mendapatkan pekerjaan?', 'Sudah', '2023-06-21 02:07:48', '2023-06-21 02:07:48'),
	(164, '07d3725e-3c2a-42db-a756-33b59e507dbd', 96, '290e94d7-3bf9-4748-8e74-4b5d52cd1e7b', 'Saat baru lulus, sejauh mana anda merasa mampu bersaing dengan lulusan perguruan lain?', 'Mampu ', '2023-06-21 02:07:49', '2023-06-21 02:07:49'),
	(165, '07d3725e-3c2a-42db-a756-33b59e507dbd', 96, '62f17b03-ded0-4c95-8395-9ae95f8c2c01', 'Apakah anda berorganisasi saat menjadi mahasiswa?', 'Ya', '2023-06-21 02:07:50', '2023-06-21 02:07:50'),
	(166, '07d3725e-3c2a-42db-a756-33b59e507dbd', 96, 'e49f0b24-74b1-45cd-915b-709be85c0578', 'Apakah materi pembelajaran pada saat anda kuliah dibutuhkan didunia kerja saat ini?', 'Tidak dibutuhkan', '2023-06-21 02:07:52', '2023-06-21 02:07:52'),
	(167, '07d3725e-3c2a-42db-a756-33b59e507dbd', 96, 'edcc1213-46f8-4574-9c9e-a43b7bcdc6d3', 'Pada saat anda masuk Universitas Sebelas Maret Kampus Madiun, Prodi yang anda pilih termasuk pilihan ke?', 'Dua', '2023-06-21 02:07:53', '2023-06-21 02:07:53'),
	(168, '07d3725e-3c2a-42db-a756-33b59e507dbd', 96, '0d82987e-8962-466c-ae5d-5ecb399c1291', 'Saat anda lulus dari Universitas Sebelas Maret apakah anda melanjutkan pendidikan lagi?', 'Ya', '2023-06-21 02:15:04', '2023-06-21 02:15:04'),
	(169, '07d3725e-3c2a-42db-a756-33b59e507dbd', 96, '25d9dd0a-052a-4e75-984c-76d8926816f1', 'Apakah anda sudah mendapatkan pekerjaan?', 'Sudah', '2023-06-21 02:15:05', '2023-06-21 02:15:05'),
	(170, '07d3725e-3c2a-42db-a756-33b59e507dbd', 96, '290e94d7-3bf9-4748-8e74-4b5d52cd1e7b', 'Saat baru lulus, sejauh mana anda merasa mampu bersaing dengan lulusan perguruan lain?', 'Mampu ', '2023-06-21 02:15:11', '2023-06-21 02:15:11'),
	(171, '07d3725e-3c2a-42db-a756-33b59e507dbd', 96, '62f17b03-ded0-4c95-8395-9ae95f8c2c01', 'Apakah anda berorganisasi saat menjadi mahasiswa?', 'Ya', '2023-06-21 02:15:13', '2023-06-21 02:15:13'),
	(172, '07d3725e-3c2a-42db-a756-33b59e507dbd', 96, 'e49f0b24-74b1-45cd-915b-709be85c0578', 'Apakah materi pembelajaran pada saat anda kuliah dibutuhkan didunia kerja saat ini?', 'Tidak dibutuhkan', '2023-06-21 02:15:13', '2023-06-21 02:15:13'),
	(173, '07d3725e-3c2a-42db-a756-33b59e507dbd', 96, 'edcc1213-46f8-4574-9c9e-a43b7bcdc6d3', 'Pada saat anda masuk Universitas Sebelas Maret Kampus Madiun, Prodi yang anda pilih termasuk pilihan ke?', 'Dua', '2023-06-21 02:15:14', '2023-06-21 02:15:14'),
	(174, '07d3725e-3c2a-42db-a756-33b59e507dbd', 96, '0d82987e-8962-466c-ae5d-5ecb399c1291', 'Saat anda lulus dari Universitas Sebelas Maret apakah anda melanjutkan pendidikan lagi?', 'Ya', '2023-06-21 02:16:16', '2023-06-21 02:16:16'),
	(175, '07d3725e-3c2a-42db-a756-33b59e507dbd', 96, '25d9dd0a-052a-4e75-984c-76d8926816f1', 'Apakah anda sudah mendapatkan pekerjaan?', 'Sudah', '2023-06-21 02:16:17', '2023-06-21 02:16:17'),
	(176, '07d3725e-3c2a-42db-a756-33b59e507dbd', 96, '290e94d7-3bf9-4748-8e74-4b5d52cd1e7b', 'Saat baru lulus, sejauh mana anda merasa mampu bersaing dengan lulusan perguruan lain?', 'Mampu ', '2023-06-21 02:16:18', '2023-06-21 02:16:18'),
	(177, '07d3725e-3c2a-42db-a756-33b59e507dbd', 96, '62f17b03-ded0-4c95-8395-9ae95f8c2c01', 'Apakah anda berorganisasi saat menjadi mahasiswa?', 'Ya', '2023-06-21 02:16:18', '2023-06-21 02:16:18'),
	(178, '07d3725e-3c2a-42db-a756-33b59e507dbd', 96, 'e49f0b24-74b1-45cd-915b-709be85c0578', 'Apakah materi pembelajaran pada saat anda kuliah dibutuhkan didunia kerja saat ini?', 'Tidak dibutuhkan', '2023-06-21 02:16:19', '2023-06-21 02:16:19'),
	(179, '07d3725e-3c2a-42db-a756-33b59e507dbd', 96, 'edcc1213-46f8-4574-9c9e-a43b7bcdc6d3', 'Pada saat anda masuk Universitas Sebelas Maret Kampus Madiun, Prodi yang anda pilih termasuk pilihan ke?', 'Dua', '2023-06-21 02:16:19', '2023-06-21 02:16:19'),
	(180, '07d3725e-3c2a-42db-a756-33b59e507dbd', 96, '0d82987e-8962-466c-ae5d-5ecb399c1291', 'Saat anda lulus dari Universitas Sebelas Maret apakah anda melanjutkan pendidikan lagi?', 'Ya', '2023-06-21 02:17:24', '2023-06-21 02:17:24'),
	(181, '07d3725e-3c2a-42db-a756-33b59e507dbd', 96, '25d9dd0a-052a-4e75-984c-76d8926816f1', 'Apakah anda sudah mendapatkan pekerjaan?', 'Sudah', '2023-06-21 02:17:25', '2023-06-21 02:17:25'),
	(182, '07d3725e-3c2a-42db-a756-33b59e507dbd', 96, '290e94d7-3bf9-4748-8e74-4b5d52cd1e7b', 'Saat baru lulus, sejauh mana anda merasa mampu bersaing dengan lulusan perguruan lain?', 'Mampu ', '2023-06-21 02:17:26', '2023-06-21 02:17:26'),
	(183, '07d3725e-3c2a-42db-a756-33b59e507dbd', 96, '62f17b03-ded0-4c95-8395-9ae95f8c2c01', 'Apakah anda berorganisasi saat menjadi mahasiswa?', 'Ya', '2023-06-21 02:17:29', '2023-06-21 02:17:29'),
	(184, '07d3725e-3c2a-42db-a756-33b59e507dbd', 96, 'e49f0b24-74b1-45cd-915b-709be85c0578', 'Apakah materi pembelajaran pada saat anda kuliah dibutuhkan didunia kerja saat ini?', 'Dibutuhkan', '2023-06-21 02:17:30', '2023-06-21 02:17:30'),
	(185, '07d3725e-3c2a-42db-a756-33b59e507dbd', 96, 'edcc1213-46f8-4574-9c9e-a43b7bcdc6d3', 'Pada saat anda masuk Universitas Sebelas Maret Kampus Madiun, Prodi yang anda pilih termasuk pilihan ke?', 'Satu', '2023-06-21 02:17:31', '2023-06-21 02:17:31'),
	(186, '07d3725e-3c2a-42db-a756-33b59e507dbd', 96, '0d82987e-8962-466c-ae5d-5ecb399c1291', 'Saat anda lulus dari Universitas Sebelas Maret apakah anda melanjutkan pendidikan lagi?', 'Ya', '2023-06-21 02:20:39', '2023-06-21 02:20:39'),
	(187, '07d3725e-3c2a-42db-a756-33b59e507dbd', 96, '25d9dd0a-052a-4e75-984c-76d8926816f1', 'Apakah anda sudah mendapatkan pekerjaan?', 'Sudah', '2023-06-21 02:20:40', '2023-06-21 02:20:40'),
	(188, '07d3725e-3c2a-42db-a756-33b59e507dbd', 96, '290e94d7-3bf9-4748-8e74-4b5d52cd1e7b', 'Saat baru lulus, sejauh mana anda merasa mampu bersaing dengan lulusan perguruan lain?', 'Mampu ', '2023-06-21 02:20:40', '2023-06-21 02:20:40'),
	(189, '07d3725e-3c2a-42db-a756-33b59e507dbd', 96, '62f17b03-ded0-4c95-8395-9ae95f8c2c01', 'Apakah anda berorganisasi saat menjadi mahasiswa?', 'Ya', '2023-06-21 02:20:41', '2023-06-21 02:20:41'),
	(190, '07d3725e-3c2a-42db-a756-33b59e507dbd', 96, 'e49f0b24-74b1-45cd-915b-709be85c0578', 'Apakah materi pembelajaran pada saat anda kuliah dibutuhkan didunia kerja saat ini?', 'Dibutuhkan', '2023-06-21 02:20:41', '2023-06-21 02:20:41'),
	(191, '07d3725e-3c2a-42db-a756-33b59e507dbd', 96, 'edcc1213-46f8-4574-9c9e-a43b7bcdc6d3', 'Pada saat anda masuk Universitas Sebelas Maret Kampus Madiun, Prodi yang anda pilih termasuk pilihan ke?', 'Satu', '2023-06-21 02:20:42', '2023-06-21 02:20:42'),
	(192, '07d3725e-3c2a-42db-a756-33b59e507dbd', 96, '0d82987e-8962-466c-ae5d-5ecb399c1291', 'Saat anda lulus dari Universitas Sebelas Maret apakah anda melanjutkan pendidikan lagi?', 'Ya', '2023-06-21 02:21:40', '2023-06-21 02:21:40'),
	(193, '07d3725e-3c2a-42db-a756-33b59e507dbd', 96, '25d9dd0a-052a-4e75-984c-76d8926816f1', 'Apakah anda sudah mendapatkan pekerjaan?', 'Belum', '2023-06-21 02:21:42', '2023-06-21 02:21:42'),
	(194, '07d3725e-3c2a-42db-a756-33b59e507dbd', 96, '290e94d7-3bf9-4748-8e74-4b5d52cd1e7b', 'Saat baru lulus, sejauh mana anda merasa mampu bersaing dengan lulusan perguruan lain?', 'Mampu ', '2023-06-21 02:21:44', '2023-06-21 02:21:44'),
	(195, '07d3725e-3c2a-42db-a756-33b59e507dbd', 96, '62f17b03-ded0-4c95-8395-9ae95f8c2c01', 'Apakah anda berorganisasi saat menjadi mahasiswa?', 'Ya', '2023-06-21 02:21:47', '2023-06-21 02:21:47'),
	(196, '07d3725e-3c2a-42db-a756-33b59e507dbd', 96, 'e49f0b24-74b1-45cd-915b-709be85c0578', 'Apakah materi pembelajaran pada saat anda kuliah dibutuhkan didunia kerja saat ini?', 'Dibutuhkan', '2023-06-21 02:21:48', '2023-06-21 02:21:48'),
	(197, '07d3725e-3c2a-42db-a756-33b59e507dbd', 96, 'edcc1213-46f8-4574-9c9e-a43b7bcdc6d3', 'Pada saat anda masuk Universitas Sebelas Maret Kampus Madiun, Prodi yang anda pilih termasuk pilihan ke?', 'Satu', '2023-06-21 02:21:51', '2023-06-21 02:21:51'),
	(198, '07d3725e-3c2a-42db-a756-33b59e507dbd', 96, '0d82987e-8962-466c-ae5d-5ecb399c1291', 'Saat anda lulus dari Universitas Sebelas Maret apakah anda melanjutkan pendidikan lagi?', 'Ya', '2023-06-21 02:24:42', '2023-06-21 02:24:42'),
	(199, '07d3725e-3c2a-42db-a756-33b59e507dbd', 96, '25d9dd0a-052a-4e75-984c-76d8926816f1', 'Apakah anda sudah mendapatkan pekerjaan?', 'Belum', '2023-06-21 02:24:42', '2023-06-21 02:24:42'),
	(200, '07d3725e-3c2a-42db-a756-33b59e507dbd', 96, '290e94d7-3bf9-4748-8e74-4b5d52cd1e7b', 'Saat baru lulus, sejauh mana anda merasa mampu bersaing dengan lulusan perguruan lain?', 'Mampu ', '2023-06-21 02:24:44', '2023-06-21 02:24:44'),
	(201, '07d3725e-3c2a-42db-a756-33b59e507dbd', 96, '62f17b03-ded0-4c95-8395-9ae95f8c2c01', 'Apakah anda berorganisasi saat menjadi mahasiswa?', 'Ya', '2023-06-21 02:24:46', '2023-06-21 02:24:46'),
	(202, '07d3725e-3c2a-42db-a756-33b59e507dbd', 96, 'e49f0b24-74b1-45cd-915b-709be85c0578', 'Apakah materi pembelajaran pada saat anda kuliah dibutuhkan didunia kerja saat ini?', 'Dibutuhkan', '2023-06-21 02:24:47', '2023-06-21 02:24:47'),
	(203, '07d3725e-3c2a-42db-a756-33b59e507dbd', 96, 'edcc1213-46f8-4574-9c9e-a43b7bcdc6d3', 'Pada saat anda masuk Universitas Sebelas Maret Kampus Madiun, Prodi yang anda pilih termasuk pilihan ke?', 'Satu', '2023-06-21 02:24:47', '2023-06-21 02:24:47'),
	(204, '07d3725e-3c2a-42db-a756-33b59e507dbd', 96, '0d82987e-8962-466c-ae5d-5ecb399c1291', 'Saat anda lulus dari Universitas Sebelas Maret apakah anda melanjutkan pendidikan lagi?', 'Ya', '2023-06-21 02:42:42', '2023-06-21 02:42:42'),
	(205, '07d3725e-3c2a-42db-a756-33b59e507dbd', 96, '25d9dd0a-052a-4e75-984c-76d8926816f1', 'Apakah anda sudah mendapatkan pekerjaan?', 'Sudah', '2023-06-21 02:42:43', '2023-06-21 02:42:43'),
	(206, '07d3725e-3c2a-42db-a756-33b59e507dbd', 96, '290e94d7-3bf9-4748-8e74-4b5d52cd1e7b', 'Saat baru lulus, sejauh mana anda merasa mampu bersaing dengan lulusan perguruan lain?', 'Tidak mampu', '2023-06-21 02:42:44', '2023-06-21 02:42:44'),
	(207, '07d3725e-3c2a-42db-a756-33b59e507dbd', 96, '62f17b03-ded0-4c95-8395-9ae95f8c2c01', 'Apakah anda berorganisasi saat menjadi mahasiswa?', 'Ya', '2023-06-21 02:42:47', '2023-06-21 02:42:47'),
	(208, '07d3725e-3c2a-42db-a756-33b59e507dbd', 96, 'e49f0b24-74b1-45cd-915b-709be85c0578', 'Apakah materi pembelajaran pada saat anda kuliah dibutuhkan didunia kerja saat ini?', 'Dibutuhkan', '2023-06-21 02:42:48', '2023-06-21 02:42:48'),
	(209, '07d3725e-3c2a-42db-a756-33b59e507dbd', 96, 'edcc1213-46f8-4574-9c9e-a43b7bcdc6d3', 'Pada saat anda masuk Universitas Sebelas Maret Kampus Madiun, Prodi yang anda pilih termasuk pilihan ke?', 'Satu', '2023-06-21 02:42:49', '2023-06-21 02:42:49');

-- Dumping structure for table d3ti_psdku.tracer_jenis_kuesioner
CREATE TABLE IF NOT EXISTS `tracer_jenis_kuesioner` (
  `id_jenis_kuesioner` varchar(255) CHARACTER SET utf8mb3 COLLATE utf8mb3_general_ci NOT NULL,
  `nama` varchar(255) CHARACTER SET utf8mb3 COLLATE utf8mb3_general_ci NOT NULL,
  `created_at` varchar(255) CHARACTER SET utf8mb3 COLLATE utf8mb3_general_ci DEFAULT NULL,
  `updated_at` varchar(255) DEFAULT NULL,
  PRIMARY KEY (`id_jenis_kuesioner`)
) ENGINE=InnoDB DEFAULT CHARSET=utf8mb3 COLLATE=utf8mb3_general_ci;

-- Dumping data for table d3ti_psdku.tracer_jenis_kuesioner: ~2 rows (approximately)
INSERT INTO `tracer_jenis_kuesioner` (`id_jenis_kuesioner`, `nama`, `created_at`, `updated_at`) VALUES
	('1d319604-87ea-463a-926d-e54d1ffb8a0b', 'Pra Tracer', '2023-04-12 23:07:44', '2023-04-12 23:07:44'),
	('74f00621-5426-4366-a65b-09604cef66d1', 'Tracer 1', '2023-04-12 23:08:41', '2023-04-13 18:31:03');

-- Dumping structure for table d3ti_psdku.tracer_lowongan_kerja
CREATE TABLE IF NOT EXISTS `tracer_lowongan_kerja` (
  `id_lowongan_kerja` varchar(50) NOT NULL,
  `nama_perusahaan` varchar(255) NOT NULL,
  `link_pt` varchar(255) NOT NULL,
  `posisi_lowongan` varchar(255) NOT NULL,
  `persyaratan` text CHARACTER SET utf8mb3 COLLATE utf8mb3_general_ci NOT NULL,
  `batas_akhir` varchar(255) NOT NULL,
  `poster` varchar(255) DEFAULT NULL,
  `created_at` varchar(255) DEFAULT NULL,
  `updated_at` varchar(255) DEFAULT NULL,
  PRIMARY KEY (`id_lowongan_kerja`)
) ENGINE=InnoDB DEFAULT CHARSET=utf8mb3 COLLATE=utf8mb3_general_ci;

-- Dumping data for table d3ti_psdku.tracer_lowongan_kerja: ~3 rows (approximately)
INSERT INTO `tracer_lowongan_kerja` (`id_lowongan_kerja`, `nama_perusahaan`, `link_pt`, `posisi_lowongan`, `persyaratan`, `batas_akhir`, `poster`, `created_at`, `updated_at`) VALUES
	('231a2ced-9433-4d4a-87ee-336e0a5a8153', 'Karunia Prima Nastari (KPN CORP.)', 'http://recruitment.kpn-corp.com/', 'Project Cordinator - GIS System Development', '<p>Deskripsi Pekerjaan</p>\r\n\r\n<p><strong>Project coordinator</strong>&nbsp;akan berkerja di bawah Divisi GIS (Geographic Information System) dan bertanggung jawab terhadap Project Implementasi Aplikasi GIS</p>\r\n\r\n<p><strong>Tanggung Jawab :</strong></p>\r\n\r\n<ol>\r\n	<li>Mengkoordinasikan dan mengelola semua kegiatan project dari awal hingga akhir project.</li>\r\n	<li>Mengidentifikasi dan mengelola risiko yang terkait dengan proyek serta mengambil langkah-langkah pencegahan yang diperlukan.</li>\r\n	<li>Membuat rencana proyek yang terperinci, termasuk anggaran, jadwal, dan sumber daya yang diperlukan.</li>\r\n	<li>Mengorganisir pertemuan proyek, mengirim undangan, dan memastikan kehadiran semua anggota tim yang relevan.</li>\r\n	<li>Memonitor kemajuan proyek secara berkala dan mengoordinasikan aktivitas tim untuk memastikan pencapaian target yang ditetapkan.</li>\r\n	<li>Berkomunikasi secara efektif dengan tim proyek, pemangku kepentingan, dan mitra lainnya untuk memastikan pemahaman yang jelas tentang tujuan proyek dan harapan yang realistis.</li>\r\n	<li>Melakukan pemantauan dan pengendalian mutu proyek, termasuk melakukan audit dan inspeksi rutin untuk memastikan standar kualitas terpenuhi.</li>\r\n	<li>Mengelola aliran informasi proyek, termasuk dokumentasi, laporan kemajuan, dan komunikasi tim secara umum.</li>\r\n	<li>Mengelola perubahan perencanaan proyek, termasuk mengevaluasi perubahan permintaan, mengoordinasikan persetujuan, dan mengkomunikasikan perubahan kepada tim terkait.</li>\r\n	<li>Mengevaluasi kinerja proyek secara keseluruhan, mengidentifikasi area perbaikan, dan membuat rekomendasi untuk peningkatan efisiensi dan efektivitas.</li>\r\n</ol>\r\n\r\n<p><strong>Kualifikasi :</strong></p>\r\n\r\n<ul>\r\n	<li>Latar Bekalang Pendidikan Gelar Sarjana di Teknik Komputer / Teknik Informatika /Ilmu Komputer / Sistem Informasi / Manajemen Proyek Bidang terkait.</li>\r\n	<li>Memiliki minimal 3 tahun pengalaman kerja sebagai Project Coordinator atau posisi terkait dalam melakukan implementasi aplikasi dengan skala nasional,</li>\r\n	<li>memiliki pengalamanbekerja di Perkebunan adalah nilai tambah.</li>\r\n	<li>Memiliki pemahaman yang kuat tentang prinsip dan metodologi manajemen project, seperti PMBOK.</li>\r\n	<li>Memiliki keterampilan yang kuat dalam mengorganisir dan mengelola berbagai aspek proyek, termasuk perencanaan, pengawasan, dan pelaporan.</li>\r\n	<li>Kemampuan komunikasi yang baik untuk berinteraksi dengan tim proyek, mitra, dan pemangku kepentingan lainnya, baik secara lisan maupun tertulis.</li>\r\n	<li>Analisis Risiko: Memiliki pemahaman tentang identifikasi risiko proyek dan kemampuan untuk merancang strategi mitigasi risiko yang efektif.</li>\r\n	<li>Kemampuan Tim: Kemampuan untuk bekerja dengan berbagai tim lintas fungsi dan memimpin tim untuk mencapai tujuan proyek.</li>\r\n	<li>Software Manajemen Proyek: Penguasaan alat manajemen proyek seperti Microsoft Project,Jira, Trello, atau alat serupa untuk perencanaan, pelaporan, dan pemantauan proyek.</li>\r\n	<li>Analisis Data: Kemampuan untuk menganalisis data proyek dan menggunakan alat seperti Microsoft Excel atau alat analisis data lainnya untuk melacak dan memahami kinerja proyek.</li>\r\n</ul>\r\n', '2023-06-29', '1686621058_f7409678509a107dfd2d.jpeg', '2023-06-13 06:48:21', '2023-06-18 17:11:39'),
	('73042a37-5105-481f-856f-52da5dd2656c', 'Human Plus Institute', 'https://humplus.com/', 'IT JUNIOR PROGRAMMER', '<p>Keuntungan</p>\r\n\r\n<ul>\r\n	<li>\r\n	<p>Gaji tetap dan tunjangan lainnya</p>\r\n	</li>\r\n	<li>\r\n	<p>Kesempatan mengikuti training dan aktivitas pembelajaran lainnya</p>\r\n	</li>\r\n</ul>\r\n\r\n<p>Deskripsi Pekerjaan</p>\r\n\r\n<p><strong>Tugas &amp; Tanggung Jawab:</strong></p>\r\n\r\n<p>Merancang tampilan program, menulis kode program, mendefinisikan kebutuhan, melakukan debug program serta menguji program yang telah dibuat.</p>\r\n\r\n<p><strong>Kualifikasi:</strong></p>\r\n\r\n<ol>\r\n	<li>Mengerti dan menguasai HTML, CSS, PHP</li>\r\n	<li>Mengerti dan menguasai Wordpress, Instalasi, Custom Theme, Custom Plugin, Optimasi, Security, Backup, Basic SEO, Woocommerce, Integrasi 3rd Party</li>\r\n	<li>Mengerti dan menguasai Operasional Database (CRUD)</li>\r\n	<li>Lebih disukai mampu membuat Custom Mobile App Native</li>\r\n	<li>Lebih disukai mampu membuat Custom Web App</li>\r\n	<li>Pendidikan minimal D3 Jurusan Sistem Informasi / Teknik Informatika</li>\r\n	<li>Pengalaman kerja minimal 1 tahun</li>\r\n</ol>\r\n\r\n<p>Note: Mohon pelajari profil perusahaan kami pada website resmi Human Plus Institute</p>\r\n', '2023-06-23', '1686620072_0d5c33268825f00514cf.jpeg', '2023-06-13 06:44:16', '2023-06-18 17:12:23'),
	('a17531b2-44ca-44ad-9799-92d4ca998afd', 'Koperasi Pegawai PT. Indosat, Tbk(Kopindosat)', 'https://kopindosat.co.id/', 'IT Programmer', '<p>Deskripsi Pekerjaan:</p>\r\n\r\n<ol>\r\n	<li>Membuat dan mengupdate aplikasi Web maupun API operasional support</li>\r\n	<li>Support pemrograman Android &amp; IOS</li>\r\n	<li>Membantu helpdesk operasional karyawan</li>\r\n</ol>\r\n\r\n<p>Kualifikasi:</p>\r\n\r\n<ul>\r\n	<li>Min D3 Teknik Komputer atau ilmu komputer</li>\r\n	<li>Menguasai dan mahir bahasa pemrograman CI, PHP, Java dan Phyton</li>\r\n	<li>Mampu mengatasi masala perangkat lunak</li>\r\n	<li>Menguasai dan mahir web dan mobile aplication development</li>\r\n	<li>Good perfomance, attitude &amp; communication&nbsp;</li>\r\n	<li>Dapat bekerja dengan tim</li>\r\n	<li>Mengetahui aplikasi ERP Odoo</li>\r\n</ul>\r\n\r\n<p>Informasi Tambahan</p>\r\n\r\n<p><strong>Tingkat Pekerjaan</strong><br />\r\nPegawai (non-manajemen &amp; non-supervisor)</p>\r\n\r\n<p><strong>Kualifikasi</strong><br />\r\nSertifikat Professional, D3 (Diploma), D4 (Diploma), Sarjana (S1), Diploma Pascasarjana, Gelar Professional, Magister (S2)</p>\r\n\r\n<p><strong>Pengalaman Kerja</strong><br />\r\n1 tahun</p>\r\n\r\n<p><strong>Jenis Pekerjaan</strong><br />\r\nKontrak</p>\r\n\r\n<p><strong>Spesialisasi Pekerjaan</strong><br />\r\n<a href="https://www.jobstreet.co.id/id/jobs-in-information-communication-technology">Komputer/Teknologi Informasi</a>,&nbsp;<a href="https://www.jobstreet.co.id/id/jobs-in-information-communication-technology/engineering-software">IT-Perangkat Lunak</a></p>\r\n\r\n<hr />\r\n<p>Tentang Perusahaan</p>\r\n\r\n<p>..... Inovasi dalam Pelayanan .....</p>\r\n\r\n<p><strong>Visi</strong></p>\r\n\r\n<ul>\r\n	<li>Menjadi koperasi terbaik di Indonesia</li>\r\n</ul>\r\n\r\n<p><strong>Misi</strong></p>\r\n\r\n<ul>\r\n	<li>Mengembangkan dan menyediakan produk, jasa dan solusi inovatif berkualitas yang memberikan nilai terbaik bagi anggota dan pelanggan</li>\r\n	<li>Memberikan hasil sisa usaha yang kompetitif dan terus tumbuh untuk meningkatkan kesejahteraan seluruh stakeholders</li>\r\n	<li>Memberikan kesempatan kepada stakeholders untuk dapat berpartisipasi aktif dalam bisnis koperasi dan meningkatkan jiwa kewirausahaan</li>\r\n</ul>\r\n\r\n<ul>\r\n</ul>\r\n', '2023-06-30', '1686621279_d717d0cc4a59e9b7a498.jpeg', '2023-06-13 06:36:43', '2023-06-18 17:13:02'),
	('f3a8b928-589f-4c08-aa49-7c12de40a746', 'PT IFS Solusi Integrasi', 'https://ifsintegrasi.co.id/', 'Software Engineer', '<p>Keuntungan</p>\r\n\r\n<ul>\r\n	<li>\r\n	<p>supportive environment</p>\r\n	</li>\r\n	<li>\r\n	<p>working culture</p>\r\n	</li>\r\n	<li>\r\n	<p>career growth</p>\r\n	</li>\r\n</ul>\r\n\r\n<p>Deskripsi Pekerjaan</p>\r\n\r\n<p>Requirement :</p>\r\n\r\n<ul>\r\n	<li>Bachelor&#39;s / Diploma&#39;s degree in computer science, IT or relevant field.</li>\r\n	<li>Fresh graduates are welcome to apply.</li>\r\n	<li>Experience in C#/PLSQL/PHP/Node JS.</li>\r\n	<li>Experience in Flutter/React JS</li>\r\n	<li>Extensive use RDBMS like Oracle/SQL Server/MySQL in programming.</li>\r\n	<li>Familiar in REST API.</li>\r\n	<li>Familiar with 3-tier programming methodology.</li>\r\n	<li>Strong analytical skill.</li>\r\n	<li>Excellent in documentation and communication skills.</li>\r\n	<li>Willing to travel</li>\r\n	<li>Able to work individual or in a team</li>\r\n</ul>\r\n\r\n<p>Informasi Tambahan</p>\r\n\r\n<p>Tingkat Pekerjaan</p>\r\n\r\n<p>Pegawai (non-manajemen &amp; non-supervisor)</p>\r\n\r\n<p>Kualifikasi</p>\r\n\r\n<p>Sarjana (S1), Diploma Pascasarjana, Gelar Professional, Magister (S2)</p>\r\n\r\n<p>Pengalaman Kerja</p>\r\n\r\n<p>1 tahun</p>\r\n\r\n<p>Jenis Pekerjaan</p>\r\n\r\n<p>Penuh Waktu</p>\r\n\r\n<p>Spesialisasi Pekerjaan</p>\r\n\r\n<p><a href="https://www.jobstreet.co.id/id/jobs-in-information-communication-technology">Komputer/Teknologi Informasi</a>,&nbsp;<a href="https://www.jobstreet.co.id/id/jobs-in-information-communication-technology/engineering-software">IT-Perangkat Lunak</a></p>\r\n\r\n<p>Tentang Perusahaan</p>\r\n\r\n<p>IFS Solusi Integrasi is an affiliated company of Penta Sinergi Group, who has been established with main focus to sell and implement IFS Application as Principal Partner in Indonesia.</p>\r\n\r\n<p>With intensive knowledge, depth understanding of the market and long-time prior experience in selling and servicing IFS products in Indonesia, we believe we could bring more value to its customers in Indonesia</p>\r\n\r\n<p>Informasi Tambahan Perusahaan</p>\r\n\r\n<p>No. Registrasi</p>\r\n\r\n<p>021-5204873</p>\r\n\r\n<p>Ukuran Perusahaan</p>\r\n\r\n<p>51 - 200 pekerja</p>\r\n\r\n<p>Waktu Proses Lamaran</p>\r\n\r\n<p>30 hari</p>\r\n\r\n<p>Industri</p>\r\n\r\n<p>Konsultasi (IT, Ilmu Pengetahuan, Teknis &amp; Teknikal)</p>\r\n\r\n<p>Tunjangan dan Lain-lain</p>\r\n\r\n<p>Asuransi kesehatan,&nbsp;Waktu regular, Senin - Jumat,&nbsp;Kasual (contoh: Kaos)</p>\r\n\r\n<p>Lokasi</p>\r\n\r\n<p>Kuningan</p>\r\n', '2023-06-23', NULL, '2023-06-18 17:05:52', '2023-06-18 17:05:52');

-- Dumping structure for table d3ti_psdku.tracer_pertanyaan_isian
CREATE TABLE IF NOT EXISTS `tracer_pertanyaan_isian` (
  `id_pertanyaan_isian` varchar(255) CHARACTER SET utf8mb3 COLLATE utf8mb3_general_ci NOT NULL,
  `pertanyaan_isian` varchar(255) CHARACTER SET utf8mb3 COLLATE utf8mb3_general_ci NOT NULL,
  `created_at` varchar(255) DEFAULT NULL,
  `updated_at` varchar(255) DEFAULT NULL,
  PRIMARY KEY (`id_pertanyaan_isian`) USING BTREE
) ENGINE=InnoDB DEFAULT CHARSET=utf8mb3 COLLATE=utf8mb3_general_ci;

-- Dumping data for table d3ti_psdku.tracer_pertanyaan_isian: ~2 rows (approximately)
INSERT INTO `tracer_pertanyaan_isian` (`id_pertanyaan_isian`, `pertanyaan_isian`, `created_at`, `updated_at`) VALUES
	('8af76762-f2ce-4a19-a8fc-b92cb4105860', 'Jika anda melanjutkan pendidikan anda akan melanjutkan dimana', '2023-06-20 21:30:54', '2023-06-20 21:30:54'),
	('c2cc7bbc-a368-4fd7-9eaf-01a44f6cf512', 'Jika anda sudah bekerja anda bekerja di perusahaan apa?', '2023-06-20 21:30:02', '2023-06-20 21:30:02');

-- Dumping structure for table d3ti_psdku.tracer_pertanyaan_kuesioner
CREATE TABLE IF NOT EXISTS `tracer_pertanyaan_kuesioner` (
  `id_pertanyaan` varchar(255) NOT NULL,
  `pertanyaan` varchar(255) NOT NULL,
  `pilihan1` varchar(255) NOT NULL,
  `pilihan2` varchar(255) NOT NULL,
  `created_at` varchar(255) DEFAULT NULL,
  `updated_at` varchar(255) DEFAULT NULL,
  PRIMARY KEY (`id_pertanyaan`)
) ENGINE=InnoDB DEFAULT CHARSET=utf8mb3 COLLATE=utf8mb3_general_ci;

-- Dumping data for table d3ti_psdku.tracer_pertanyaan_kuesioner: ~6 rows (approximately)
INSERT INTO `tracer_pertanyaan_kuesioner` (`id_pertanyaan`, `pertanyaan`, `pilihan1`, `pilihan2`, `created_at`, `updated_at`) VALUES
	('0d82987e-8962-466c-ae5d-5ecb399c1291', 'Saat anda lulus dari Universitas Sebelas Maret apakah anda melanjutkan pendidikan lagi?', 'Ya', 'Tidak', '2023-06-14 20:33:38', '2023-06-14 20:33:38'),
	('25d9dd0a-052a-4e75-984c-76d8926816f1', 'Apakah anda sudah mendapatkan pekerjaan?', 'Sudah', 'Belum', '2023-06-14 20:35:11', '2023-06-14 20:35:11'),
	('290e94d7-3bf9-4748-8e74-4b5d52cd1e7b', 'Saat baru lulus, sejauh mana anda merasa mampu bersaing dengan lulusan perguruan lain?', 'Mampu ', 'Tidak mampu', '2023-06-14 20:39:11', '2023-06-14 20:39:11'),
	('62f17b03-ded0-4c95-8395-9ae95f8c2c01', 'Apakah anda berorganisasi saat menjadi mahasiswa?', 'Ya', 'Tidak', '2023-06-14 20:32:12', '2023-06-14 20:32:12'),
	('e49f0b24-74b1-45cd-915b-709be85c0578', 'Apakah materi pembelajaran pada saat anda kuliah dibutuhkan didunia kerja saat ini?', 'Dibutuhkan', 'Tidak dibutuhkan', '2023-06-14 20:37:23', '2023-06-14 20:37:23'),
	('edcc1213-46f8-4574-9c9e-a43b7bcdc6d3', 'Pada saat anda masuk Universitas Sebelas Maret Kampus Madiun, Prodi yang anda pilih termasuk pilihan ke?', 'Satu', 'Dua', '2023-06-14 20:30:48', '2023-06-14 20:30:48');

-- Dumping structure for table d3ti_psdku.tracer_status_alumni
CREATE TABLE IF NOT EXISTS `tracer_status_alumni` (
  `id_status_alumni` int NOT NULL AUTO_INCREMENT,
  `status_alumni` varchar(255) DEFAULT NULL,
  PRIMARY KEY (`id_status_alumni`)
) ENGINE=InnoDB AUTO_INCREMENT=3 DEFAULT CHARSET=utf8mb3 COLLATE=utf8mb3_general_ci;

-- Dumping data for table d3ti_psdku.tracer_status_alumni: ~2 rows (approximately)
INSERT INTO `tracer_status_alumni` (`id_status_alumni`, `status_alumni`) VALUES
	(1, 'bekerja'),
	(2, 'belum bekerja');

-- Dumping structure for table d3ti_psdku.tracer_tahun_lulus
CREATE TABLE IF NOT EXISTS `tracer_tahun_lulus` (
  `id_tahun_lulus` varchar(255) CHARACTER SET utf8mb3 COLLATE utf8mb3_general_ci NOT NULL,
  `tahun` varchar(255) CHARACTER SET utf8mb3 COLLATE utf8mb3_general_ci NOT NULL,
  `created_at` varchar(255) DEFAULT NULL,
  `updated_at` varchar(255) DEFAULT NULL,
  PRIMARY KEY (`id_tahun_lulus`)
) ENGINE=InnoDB DEFAULT CHARSET=utf8mb3 COLLATE=utf8mb3_general_ci;

-- Dumping data for table d3ti_psdku.tracer_tahun_lulus: ~3 rows (approximately)
INSERT INTO `tracer_tahun_lulus` (`id_tahun_lulus`, `tahun`, `created_at`, `updated_at`) VALUES
	('28a95f71-e39c-4591-8d18-a3acdbc6ed86', '2020', '2023-05-10 17:14:47', '2023-05-10 17:15:29'),
	('3ab61abb-a726-45a6-b629-8ec6870cd191', '2019', '2023-05-10 17:05:02', '2023-05-10 17:15:02'),
	('43cba959-dec6-4cf8-ae9f-43863436fcea', '2017', '2023-05-10 17:17:52', '2023-05-10 17:17:52'),
	('797b568a-76e9-41e3-b40c-b215cab5591b', '2023', '2023-05-18 23:11:27', '2023-05-18 23:11:27');

-- Dumping structure for table d3ti_psdku.tracer_tips_karir
CREATE TABLE IF NOT EXISTS `tracer_tips_karir` (
  `id_tips_karir` varchar(50) CHARACTER SET utf8mb3 COLLATE utf8mb3_general_ci NOT NULL,
  `judul` varchar(255) CHARACTER SET utf8mb3 COLLATE utf8mb3_general_ci NOT NULL,
  `deskripsi` text CHARACTER SET utf8mb3 COLLATE utf8mb3_general_ci NOT NULL,
  `created_at` varchar(255) DEFAULT NULL,
  `updated_at` varchar(255) DEFAULT NULL,
  PRIMARY KEY (`id_tips_karir`)
) ENGINE=InnoDB DEFAULT CHARSET=utf8mb3 COLLATE=utf8mb3_general_ci;

-- Dumping data for table d3ti_psdku.tracer_tips_karir: ~0 rows (approximately)
INSERT INTO `tracer_tips_karir` (`id_tips_karir`, `judul`, `deskripsi`, `created_at`, `updated_at`) VALUES
	('622886a5-aa53-4c74-bfeb-fc8c8d2710f6', 'Apa Itu Quality Assurance? ', '<p>Quality Assurance (QA) merupakan salah satu posisi yang penting di perusahaan, terutama di industri teknologi informasi.&nbsp;</p>\r\n\r\n<p>QA bertanggung jawab untuk memastikan bahwa produk atau layanan yang diberikan oleh perusahaan tersebut memenuhi standar kualitas yang telah ditetapkan.&nbsp;</p>\r\n\r\n<p>Pekerjaan QA sangat dibutuhkan oleh perusahaan untuk memastikan bahwa produk yang dihasilkan memenuhi spesifikasi yang telah ditentukan dan tidak mengandung kesalahan atau bug yang dapat mengurangi kinerja atau keandalan produk tersebut.</p>\r\n\r\n<p>&nbsp;</p>\r\n\r\n<h1>Pengertian Quality Assurance</h1>\r\n\r\n<p>Quality Assurance (QA) adalah proses yang bertujuan untuk memastikan bahwa sistem manajemen kualitas yang diterapkan dapat menghasilkan produk atau layanan yang memenuhi standar kualitas yang ditetapkan. QA merupakan suatu pendekatan yang lebih luas dibandingkan dengan&nbsp;<a href="https://www.topkarir.com/article/detail/apa-itu-quality-control-berikut-pengertian-tugas-skill-dan-gajinya">Quality Control</a>&nbsp;(QC), yang meliputi semua aspek yang terkait dengan manajemen kualitas, termasuk perencanaan, pelaksanaan, dan evaluasi.</p>\r\n\r\n<p>Tujuannya adalah menjamin bahwa sistem manajemen kualitas yang diterapkan efektif dan efisien, serta mampu menghasilkan produk atau layanan yang berkualitas tinggi. QA biasanya dilakukan sebelum produk atau layanan tersebut diserahkan kepada pelanggan, agar masalah kualitas dapat diidentifikasi dan diatasi sejak awal.</p>\r\n\r\n<p>QA seringkali didasarkan pada standar internasional seperti ISO 9001, yang menetapkan standar yang harus dipenuhi dalam sistem manajemen kualitas suatu perusahaan. Dengan mengikuti standar ini, perusahaan dapat memastikan bahwa sistem manajemen kualitas yang diterapkan efektif dan efisien, serta memenuhi persyaratan pelanggan dan peraturan yang berlaku.</p>\r\n\r\n<p>&nbsp;</p>\r\n\r\n<h2>Tugas Quality Assurance (QA)</h2>\r\n\r\n<p>Tugas utama seorang Quality Assurance (QA) adalah memastikan bahwa sistem manajemen kualitas yang diterapkan dapat menghasilkan produk atau layanan yang memenuhi standar kualitas yang ditetapkan. Dalam melakukan tugasnya, seorang QA bertanggung jawab terhadap beberapa hal, di antaranya:</p>\r\n\r\n<ol>\r\n	<li>Menetapkan standar kualitas yang harus dipenuhi oleh produk atau layanan.</li>\r\n	<li>Menyusun dan mengimplementasikan sistem manajemen kualitas yang sesuai dengan standar yang telah ditetapkan.</li>\r\n	<li>Menetapkan prosedur dan instruksi yang harus diikuti dalam proses produksi atau layanan.</li>\r\n	<li>Mengawasi proses produksi atau layanan untuk memastikan bahwa standar kualitas yang ditetapkan dipenuhi.</li>\r\n	<li>Menganalisis data kualitas dan mengambil tindakan yang diperlukan untuk mengatasi masalah kualitas yang terjadi.</li>\r\n	<li>Menyusun laporan hasil pengawasan dan menyampaikannya kepada pihak yang berwenang.</li>\r\n	<li>Mengembangkan dan mengimplementasikan program pelatihan bagi anggota tim yang terkait dengan manajemen kualitas.</li>\r\n	<li>Mengkomunikasikan dengan pelanggan dan vendor terkait dengan masalah kualitas yang terjadi.</li>\r\n	<li>Membantu dalam menyusun dan mengupdate dokumen-dokumen manajemen kualitas yang relevan.</li>\r\n</ol>\r\n\r\n<h2>Skill Yang Harus Dikuasai Seorang Quality Assurance (QA)</h2>\r\n\r\n<p>Ada beberapa skill yang harus dikuasai oleh seorang Quality Assurance (QA) agar dapat melakukan pekerjaannya dengan baik:</p>\r\n\r\n<h3>Pengetahuan Tentang Standar Kualitas</h3>\r\n\r\n<p>Seorang QA harus memiliki pengetahuan tentang standar kualitas yang berlaku untuk industri tempat bekerja, serta cara mengukur apakah produk atau layanan tersebut memenuhi standar tersebut.</p>\r\n\r\n<p>Standar kualitas ini dapat bervariasi tergantung pada industri tempat bekerja, dan QA harus memahami standar tersebut untuk dapat mengukur apakah produk atau layanan tersebut memenuhi standar yang ditetapkan. Selain itu,&nbsp;</p>\r\n\r\n<p>QA juga harus memahami cara mengukur kualitas produk atau layanan dengan menggunakan metode pengujian yang tepat, seperti pengujian laboratorium atau pengujian terhadap sampel.</p>\r\n\r\n<p>&nbsp;</p>\r\n\r\n<h3>Kemampuan Analisis Data&nbsp;</h3>\r\n\r\n<p>Seorang QA harus mampu mengumpulkan dan menganalisis data kualitas yang tersedia untuk mengidentifikasi masalah kualitas yang terjadi dan mengambil tindakan yang diperlukan untuk mengatasinya.</p>\r\n\r\n<p>QA harus mampu mengumpulkan data kualitas dari berbagai sumber, termasuk tes yang dilakukan pada produk atau layanan, laporan masalah dari pelanggan atau pengguna, dan hasil pengawasan internal.&nbsp;</p>\r\n\r\n<p>Setelah data terkumpul, QA harus mampu menganalisis data tersebut dengan menggunakan teknik statistik dan analisis data untuk menentukan apakah produk atau layanan tersebut memenuhi standar kualitas yang ditetapkan. QA juga harus mampu menggunakan hasil analisis data tersebut untuk mengembangkan strategi peningkatan kualitas yang efektif.</p>\r\n\r\n<p>&nbsp;</p>\r\n\r\n<h3>Keterampilan Komunikasi&nbsp;</h3>\r\n\r\n<p>Seorang QA harus mampu berkomunikasi dengan efektif dengan anggota tim lainnya, serta dengan pelanggan atau vendor yang terkait dengan proses QA.</p>\r\n\r\n<p>Sebagai bagian dari tim QA, seorang QA harus mampu berkomunikasi dengan efektif dengan anggota tim lainnya, terutama dengan anggota tim pengembangan produk. Hal ini penting karena tim QA sering terlibat dalam proses pengembangan produk dan harus mampu bekerja sama dengan anggota tim lainnya untuk mencapai tujuan bersama.</p>\r\n\r\n<p>Berkomunikasi dengan efektif juga penting bagi QA untuk memastikan bahwa masalah kualitas yang terdeteksi dapat diselesaikan dengan cepat dan tepat. QA harus mampu menyampaikan masalah yang terdeteksi dengan jelas dan tepat kepada anggota tim lainnya, serta memberikan saran atau rekomendasi untuk menyelesaikan masalah tersebut.&nbsp;</p>\r\n\r\n<p>&nbsp;</p>\r\n\r\n<h3>Kemampuan Mengelola Dokumen</h3>\r\n\r\n<p>Seorang QA harus mampu mengelola dokumen-dokumen yang terkait dengan proses QA, termasuk laporan hasil pengawasan dan rekam jejak produk atau layanan.</p>\r\n\r\n<p>Mengelola dokumen-dokumen tersebut merupakan bagian penting dari proses QA karena dokumen-dokumen tersebut menyimpan informasi yang penting tentang kualitas suatu produk atau layanan.&nbsp;</p>\r\n\r\n<p>QA harus mampu menyimpan dokumen-dokumen tersebut dengan baik dan mengaksesnya dengan cepat saat dibutuhkan. QA harus mampu mengupdate dokumen-dokumen tersebut secara berkala untuk memastikan bahwa informasi yang tersimpan di dalamnya tetap akurat dan up-to-date.</p>\r\n\r\n<p>Oleh karena itu, seorang QA harus memiliki kemampuan yang baik dalam mengelola dokumen-dokumen tersebut, termasuk kemampuan untuk menyusun, menyimpan, dan mengakses dokumen-dokumen tersebut dengan cepat dan mudah.</p>\r\n\r\n<p>&nbsp;</p>\r\n\r\n<h3>Kemampuan Bekerja Sesuai Dengan Standar Dan Prosedur</h3>\r\n\r\n<p>Seorang QA harus mampu bekerja sesuai dengan standar dan prosedur yang telah ditetapkan, serta mampu mengikuti peraturan dan regulasi yang berlaku.</p>\r\n\r\n<p>Standar dan prosedur tersebut biasanya ditetapkan oleh perusahaan atau organisasi tempat QA bekerja, dan merupakan panduan yang harus diikuti oleh QA dalam melakukan pekerjaannya.</p>\r\n\r\n<p>Standar dan prosedur tersebut biasanya berisi petunjuk tentang bagaimana QA harus mengelola dan mengawasi proses QA, serta bagaimana QA harus berkomunikasi dengan anggota tim lainnya dan menyelesaikan masalah kualitas yang terdeteksi.&nbsp;</p>\r\n\r\n<p>Dengan mengikuti standar dan prosedur yang telah ditetapkan, QA dapat memastikan bahwa proses QA berjalan dengan lancar dan efektif, serta membantu menjaga kualitas produk atau layanan yang ditawarkan.</p>\r\n\r\n<p>&nbsp;</p>\r\n\r\n<h3>Kemampuan Bekerja Secara Tepat Waktu&nbsp;</h3>\r\n\r\n<p>Seorang QA harus mampu mengelola waktunya dengan efektif dan bekerja secara tepat waktu dalam melakukan pengawasan dan pengujian produk atau layanan.</p>\r\n\r\n<p>Ini penting karena proses QA biasanya terdiri dari berbagai tugas yang harus diselesaikan dalam batas waktu yang telah ditentukan.</p>\r\n\r\n<p>Untuk dapat bekerja secara efektif dan tepat waktu, seorang QA harus memiliki kemampuan untuk mengelola waktunya dengan baik, termasuk kemampuan untuk menentukan prioritas dan mengalokasikan waktu dengan tepat untuk menyelesaikan tugas-tugas yang harus dilakukan.&nbsp;</p>\r\n\r\n<p>QA juga harus mampu mengatur jadwal dan mengelola waktunya secara efektif agar dapat menyelesaikan tugas-tugas tersebut dalam batas waktu yang telah ditentukan.</p>\r\n\r\n<p>&nbsp;</p>\r\n\r\n<h2>Gaji Quality Assurance di Indonesia</h2>\r\n\r\n<p>Gaji seorang Quality Assurance (QA) di Indonesia tergantung pada beberapa faktor, seperti tingkat pengalaman, keterampilan, dan lokasi tempat kerja. Berikut ini adalah beberapa estimasi gaji yang mungkin dapat didapat oleh seorang QA di Indonesia:</p>\r\n\r\n<ul>\r\n	<li>Gaji QA junior: Rp 3.000.000 - Rp 5.000.000 per bulan</li>\r\n	<li>Gaji QA senior: Rp 5.000.000 - Rp 10.000.000 per bulan</li>\r\n	<li>Gaji QA manager: Rp 10.000.000 - Rp 15.000.000 per bulan</li>\r\n</ul>\r\n\r\n<p>Perlu diingat bahwa estimasi di atas hanya merupakan patokan umum dan mungkin tidak berlaku untuk semua perusahaan atau industri. Gaji yang sebenarnya dapat berbeda tergantung pada beberapa faktor, termasuk tingkat persaingan di pasar kerja, struktur gaji di perusahaan tersebut, dan kebijakan perusahaan mengenai gaji karyawan.</p>\r\n\r\n<p>&nbsp;</p>\r\n\r\n<h2>Penutup&nbsp;</h2>\r\n\r\n<p>Mungkin hanya itu saja pembahasan kali ini mengenai Apa Itu Quality Assurance? berikut Pengertian, Tugas, Skill dan Gajinya, Semoga bisa membantu kamu mengenal Profesi QA.</p>\r\n\r\n<p>Bagi kamu yang ingin melamar pekerjaan menjadi seorang Quality Assurance, kamu bisa mengunjungi TopKarir karena disini ada banyak&nbsp;<a href="https://www.topkarir.com/lowongan/posisi/part-time-freelance">lowongan kerja</a>&nbsp;Quality Assurance.</p>\r\n', '2023-06-13 16:24:05', '2023-06-13 16:25:32'),
	('d7824770-d863-4379-aed9-d9cc9b9dd641', 'Tips Karir 2', 'percobaan mengisi deskripsi tips karir pada kolom pengisian ini supaya pegecekan bisa digunakan atau tidak dan semoga bisa digunakan', '2023-04-20 17:06:17', '2023-04-20 17:22:04');

-- Dumping structure for table d3ti_psdku.users
CREATE TABLE IF NOT EXISTS `users` (
  `id` int unsigned NOT NULL AUTO_INCREMENT,
  `email` varchar(255) CHARACTER SET utf8mb3 COLLATE utf8mb3_general_ci NOT NULL,
  `username` varchar(30) CHARACTER SET utf8mb3 COLLATE utf8mb3_general_ci NOT NULL,
  `password_hash` varchar(255) CHARACTER SET utf8mb3 COLLATE utf8mb3_general_ci NOT NULL,
  `reset_hash` varchar(255) CHARACTER SET utf8mb3 COLLATE utf8mb3_general_ci DEFAULT NULL,
  `reset_at` datetime DEFAULT NULL,
  `reset_expires` datetime DEFAULT NULL,
  `activate_hash` varchar(255) CHARACTER SET utf8mb3 COLLATE utf8mb3_general_ci DEFAULT NULL,
  `status` varchar(255) CHARACTER SET utf8mb3 COLLATE utf8mb3_general_ci DEFAULT NULL,
  `status_message` varchar(255) CHARACTER SET utf8mb3 COLLATE utf8mb3_general_ci DEFAULT NULL,
  `active` tinyint(1) NOT NULL DEFAULT '0',
  `force_pass_reset` tinyint(1) NOT NULL DEFAULT '0',
  `created_at` datetime DEFAULT NULL,
  `updated_at` datetime DEFAULT NULL,
  `deleted_at` datetime DEFAULT NULL,
  PRIMARY KEY (`id`) USING BTREE,
  UNIQUE KEY `email` (`email`) USING BTREE,
  UNIQUE KEY `username` (`username`) USING BTREE
) ENGINE=InnoDB AUTO_INCREMENT=120 DEFAULT CHARSET=utf8mb3;

-- Dumping data for table d3ti_psdku.users: ~41 rows (approximately)
INSERT INTO `users` (`id`, `email`, `username`, `password_hash`, `reset_hash`, `reset_at`, `reset_expires`, `activate_hash`, `status`, `status_message`, `active`, `force_pass_reset`, `created_at`, `updated_at`, `deleted_at`) VALUES
	(3, 'rendratrikusuma@student.uns.ac.id', 'rendra', '$2y$10$mxKVCO2NbhfpbzJvZyrC9.pdfSmX6MCzbH.ENONhEcPHI5qX1JLEe', NULL, '2023-05-17 23:21:39', NULL, '8edf6f6961249419fe5614f5404259d0', NULL, NULL, 1, 0, '2023-03-08 04:41:13', '2023-06-15 21:55:47', NULL),
	(6, 'ardianita06@gmail.com', 'nitt', '$2y$10$dm1CVCjzHMqmbV8iFWjQueJsvOA6RceyCWBr4UMfh2VI9ND7kFKW6', 'fe5e61038017d9563649b7b626b94a8b', NULL, '2023-04-02 00:03:04', 'fec8f28eb8a5339857c5b7213ae170ff', NULL, NULL, 1, 0, '2023-03-11 00:50:19', '2023-04-01 23:03:04', NULL),
	(7, 'lindarahmawati011001@gmail.com', 'Linda', '$2y$10$eSOBoH6WBnqG9uJEfG6Cku7p/fPu62ax0H2AeNO8joEn8/ehuO4CG', NULL, '2023-05-04 23:45:46', NULL, '988706ed33516d2db2c2f6adc67bfae0', '1', NULL, 1, 0, '2023-03-14 14:20:19', '2023-05-24 21:56:04', NULL),
	(14, 'muhammadhanifarafi@gmail.com', 'kreshna2001', '$2y$10$YFRyy7uYvqJJrPKUwOtiV.BzUrFJotJrUEwQRZkKQv9B.eooIPzQu', 'bb8b1126c7d1478c0ea31dcc2442d1c4', '2023-05-31 08:03:42', '2023-06-15 14:53:55', NULL, '1', NULL, 1, 0, '2023-04-03 09:44:13', '2023-06-15 13:53:55', NULL),
	(18, 'ridho@gmail.com', 'ridho123', '$2y$10$/j0xk2NWC4prOydZZ4ApT.Z.3Vs8ObSpOoPEhDKhsOsAaSN/b5c2a', NULL, NULL, NULL, NULL, NULL, NULL, 1, 0, '2023-04-04 10:14:24', '2023-04-04 10:14:24', NULL),
	(19, 'lindarahmawati11001d@gmail.com', 'linn45', '$2y$10$uuVFccYtIxwzTkIzwpczi.6aevEPOwGVczhnTUK9YlPFCpJAWQedC', NULL, NULL, NULL, NULL, NULL, NULL, 1, 0, '2023-04-04 23:48:51', '2023-05-20 01:23:11', NULL),
	(22, 'iqbal123@gmail.com', 'iqbal123', '$2y$10$XmUOfjjfPZgRzn800.bNoeKC7gEy1MeABJ9961SXGKt98c0QKsACO', NULL, NULL, NULL, NULL, NULL, NULL, 1, 0, '2023-04-06 10:57:14', '2023-06-19 08:05:18', NULL),
	(23, 'muhammadhanifarafi@student.uns.ac.id', 'fajri2002', '$2y$10$bvhYavGJRpkCDx417TPmCem6f2VoJWoOnWmQQmjvD63ZX2auTpzuq', NULL, '2023-04-11 14:06:47', NULL, NULL, NULL, NULL, 1, 0, '2023-04-06 13:02:10', '2023-04-11 14:06:47', NULL),
	(28, 'ardianitafzyh@gmail.com', 'nita123', '$2y$10$KXu0w4ISei2AzRA4xHaJ7O/PwVd4WFY7tkkqcyFVpFgRJpCpxkAza', NULL, '2023-04-13 07:11:17', NULL, NULL, NULL, NULL, 1, 0, '2023-04-13 07:06:16', '2023-05-17 03:15:21', NULL),
	(29, 'muhammadhanifarafi@gmail.com3', 'yeiko123', '$2y$10$DpyUr35hp6dhbV5bVd50BexKULPEzuixkvv9OzWbmD.RAfdpW4CQC', NULL, '2023-04-13 11:14:00', NULL, NULL, NULL, NULL, 1, 0, '2023-04-13 11:12:08', '2023-06-20 09:38:49', NULL),
	(31, 'inez@gmail.com', 'inez123', '$2y$10$fHT./8E62eqVlQSSA4QyBeGBAb.Zy1TV4fPDvStwqSp9MvpSwV3MG', NULL, NULL, NULL, NULL, NULL, NULL, 1, 0, '2023-04-26 08:33:43', '2023-04-26 08:33:43', NULL),
	(33, 'oktariniarossaa14@student.uns.ac.id', 'okta14', '$2y$10$dm1CVCjzHMqmbV8iFWjQueJsvOA6RceyCWBr4UMfh2VI9ND7kFKW6', 'd4949e1fe9406bc362af27ba4b47becc', NULL, '2023-06-25 21:40:32', NULL, NULL, NULL, 1, 0, '2023-04-26 13:50:45', '2023-06-25 20:40:32', NULL),
	(34, 'wibiatisekark@student.uns.ac.id', 'wibiatisekark', '$2y$10$aM0Km1DCNY27/znwiAG.7etKBdLoUkHyk.B5ce8AHStXTjbKaY43G', NULL, '2023-05-16 18:38:59', NULL, NULL, NULL, NULL, 1, 0, '2023-04-26 13:55:38', '2023-06-08 00:46:20', NULL),
	(35, 'sugeng@gmail.com', 'Sugeng', '$2y$10$0ic5L2snTShU.Q63GUPuve9268cb3z8i5UEqTVJ2L1qcoN7EDjuK2', NULL, NULL, NULL, NULL, NULL, NULL, 1, 0, '2023-05-01 13:56:24', '2023-05-01 13:56:24', NULL),
	(39, 'hanifarafi7@gmail.com', 'syauqi2003', '$2y$10$BHVpJpDrQpapiyJ.UX71IurmBBfrFzF8SRBBOrM5u.h5wCDlwXKaS', NULL, '2023-06-16 07:14:25', NULL, NULL, NULL, NULL, 1, 0, '2023-05-07 15:55:20', '2023-06-16 07:14:25', NULL),
	(40, 'nazaruddin123@gmail.com', 'nazaruddin2002', '$2a$10$7KPxxOzni8bGlQFs.xBal.TTVK1/hmKr/H2tIuHVM2wglwc91/mAC', NULL, NULL, NULL, NULL, NULL, NULL, 1, 0, '2023-05-07 16:09:37', '2023-05-21 20:19:40', NULL),
	(41, 'darmawan123@staff.uns.ac.id', 'darmawan123', '$2y$10$PxyP5IHJtnUz.ozM8ypldewEFIveEEqxnAnUrr5k48HXGyA3.JEcO', NULL, NULL, NULL, NULL, NULL, NULL, 1, 0, '2023-05-07 16:17:37', '2023-05-23 09:47:56', NULL),
	(44, 'ahmatnurwakit@staff.uns.ac.id', 'ahmatnurwakit', '$2y$10$lq3aL4Z9UC/EtXIdtirP2uD7/qhDLY3e/kfgbPecYwbRuTzfJ2ns6', NULL, NULL, NULL, NULL, NULL, NULL, 1, 0, '2023-05-08 09:50:08', '2023-05-22 14:55:13', NULL),
	(46, 'trisna123@gmail.com', 'trisna123', '$2y$10$0agaY4LTqCgLLqKFa.eN2O3GxRcdjhOBhxXmaTfLrgJJKJ4OyW2/6', NULL, NULL, NULL, NULL, NULL, NULL, 1, 0, '2023-05-08 18:23:17', '2023-05-08 18:23:17', NULL),
	(47, 'yusuf123@gmail.com', 'yusuf123', '$2y$10$RR9pe169fSsz5MgvxSDJS.fd2BDClV8K/PTwM02nm9yvgyWwMctf2', NULL, NULL, NULL, NULL, NULL, NULL, 1, 0, '2023-05-08 18:24:39', '2023-05-21 06:10:13', NULL),
	(48, 'nurazizul123@gmail.com', 'nurazizul123', '$2y$10$lq6MDAlp7RTT59Nqr7.DNusMDUmsng8o6ErnmFVO33fH4ur3mxUuS', NULL, NULL, NULL, NULL, NULL, NULL, 1, 0, '2023-05-08 18:26:05', '2023-05-08 18:26:05', NULL),
	(58, 'ilham123@gmail.com', 'ilham123', '$2y$10$ZClQGnBpyzjfED8K3QBdhONc9PLQBlsSKFnHyTLJRUUhd48R/7JJG', NULL, NULL, NULL, NULL, NULL, NULL, 1, 0, '2023-05-16 13:38:05', '2023-06-20 09:45:06', '2023-05-16 13:38:44'),
	(59, 'ridhorifai88@student.uns.ac.id', 'ridho', '$2y$10$btHnyGG4IluEw5Yk3pe3ueCSaYYGW.Ot6zvhlOguNDILg.7cfmhHy', NULL, '2023-05-26 14:32:42', NULL, NULL, NULL, NULL, 1, 0, '2023-05-17 09:44:02', '2023-05-26 14:32:42', NULL),
	(74, 'dina@gmail.com', 'dimas', '$2y$10$yzr9hnFDKPRECOtMARr2L./e28YcBL.hy04VgRAvhSYodeZRV4STq', NULL, NULL, NULL, NULL, NULL, NULL, 1, 0, '2023-05-17 20:34:11', '2023-05-18 22:54:52', '2023-05-18 22:54:52'),
	(75, 'sarip@gmail.com', 'sarip', '$2y$10$NBECvHvS1xYVax9.TlRDmuoEIT.rogUb6Qnx8gQG1kY5PjBtFnrgC', NULL, NULL, NULL, NULL, NULL, NULL, 1, 0, '2023-05-17 23:12:07', '2023-05-17 23:12:07', NULL),
	(88, 'ahmadyunus123@gmail.com', 'ahmadyunus123', '$2y$10$AG2XB4ORByDj4KM2OqNeyOmlZ.wvakltOTkkZwN9.iJbmmWadKD7m', NULL, NULL, NULL, NULL, NULL, NULL, 1, 0, '2023-05-18 09:02:52', '2023-06-19 06:23:04', NULL),
	(89, 'yahyanur123@gmail.com', 'yahyanur123', '$2y$10$dyEALDGj8qwDJpOTiyHFguR/45cThsVYJSO6DkIlBSqfXgATK8lGO', NULL, NULL, NULL, NULL, NULL, NULL, 1, 0, '2023-05-18 11:02:36', '2023-05-21 06:17:15', NULL),
	(92, 'subekti123@gmail.com', 'subekti123', '$2y$10$9Jj06JtYe57IsCZKLSKE.u/MQt4Ij1AhPO6WswndajU6GOIbvGDkS', NULL, NULL, NULL, NULL, NULL, NULL, 1, 0, '2023-05-18 11:29:16', '2023-05-18 11:29:16', NULL),
	(93, 'rahmanyusuf123@gmail.com', 'rahmanyusuf123', '$2y$10$uo6lSmGCb/v39O8iSQVrF.Qk6r8rBLKcJV5X93sJZ2oV2E1blsLXy', NULL, NULL, NULL, NULL, NULL, NULL, 1, 0, '2023-05-18 15:48:40', '2023-05-18 15:48:40', NULL),
	(96, 'ahmadizulfikar123@gmail.com', 'zulfikar', '$2y$10$6bQtgT7dHIg7spaWAOXEGugGaA.2zJ6G.AHuk69sUJLbyQWT6r0Ce', NULL, NULL, NULL, NULL, NULL, NULL, 1, 0, '2023-05-18 22:58:10', '2023-05-18 22:58:10', NULL),
	(97, 'ivann@gmail.com', 'ivan', '$2y$10$7bDblFM4maAY3GCmqOvrw.o0VgtKmQ07HhVd/y9J5Ktp0sd3xWUV2', NULL, NULL, NULL, NULL, NULL, NULL, 1, 0, '2023-05-19 16:53:44', '2023-05-21 22:12:13', NULL),
	(98, 'test@gmail.com', 'test', '$2y$10$7KlpX0QnqdmPr4pSEUuIpOI1.bxljNqKm/3pA5VzRlI7jjhRJoYtS', NULL, NULL, NULL, NULL, NULL, NULL, 1, 0, '2023-05-19 21:14:21', '2023-05-19 21:14:21', NULL),
	(99, 'suksesjaya123@gmail.com', 'suksesjaya123', '$2y$10$usnMf8/lGVGvPYF8gbV2nuFzvS4z1KM5IlgN7XDnyOCgMRjFTMQdi', NULL, NULL, NULL, NULL, NULL, NULL, 1, 0, '2023-05-20 05:14:49', '2023-05-20 07:40:35', NULL),
	(100, 'perpuskabmadiun@gmail.com', 'perpuskabmadiun', '$2y$10$8S9LX8nDxkaqLTjcEnoqz.ab0Nqgt3Bd5z8fNocd9bLij2mq.Bdcu', NULL, NULL, NULL, NULL, NULL, NULL, 1, 0, '2023-05-20 07:43:02', '2023-05-20 07:44:35', NULL),
	(101, 'viorellasv@student.uns.ac.id', 'viorella', '$2y$10$dvrvufMScE.ePrDJaCux0e0KpqNA18Pz5ZRKilYjXotlNoYcK103e', NULL, '2023-05-20 14:04:55', NULL, NULL, NULL, NULL, 1, 0, '2023-05-20 13:58:01', '2023-05-20 14:04:55', NULL),
	(108, 'disparpora@gmail.com', 'disparpora', '$2y$10$bcDrJU322SZwhP9hS/rUIORbcT2suW43aSRM5ywG6NGvuAARScv7a', NULL, NULL, NULL, NULL, NULL, NULL, 1, 0, '2023-05-22 15:27:45', '2023-05-22 15:27:45', NULL),
	(109, 'tantrisetiani@student.uns.ac.id', 'tantrisetiani', '$2y$10$PCnvylu9oO8cMk89ZRGIKOuzAVl5iaT/J3sa.Rekxae4WKaITWax6', NULL, NULL, NULL, NULL, NULL, NULL, 1, 0, '2023-05-22 15:54:04', '2023-05-22 15:54:04', NULL),
	(110, 'pilihjurusan@gmail.com', 'piljur', '$2y$10$IzAMBI1gVuWzyifP/XzafetJFZrlMXvp9be6EbO4mpMih0xEMQ9gC', NULL, NULL, NULL, NULL, NULL, NULL, 1, 0, '2023-05-22 18:28:46', '2023-05-22 18:28:46', NULL),
	(113, 'pandudwisaputra@student.uns.ac.id', 'pandu', '$2y$10$AqbkW7dzi6Mez.Jd4iXGQuouLviADg9Rxa1xEWfBuaEE1k9GETEYe', NULL, NULL, NULL, NULL, NULL, NULL, 1, 0, '2023-05-29 16:14:27', '2023-05-29 16:14:27', NULL),
	(115, 'zulfimasyita@studen.uns.ac.id', 'zulfimasyitaa', '$2y$10$PDWx4dGqrWjL.ok7TJKZ/eBRGrPqtz1OxT4ig8zSfuC0bff5Rjiv.', NULL, NULL, NULL, NULL, NULL, NULL, 1, 0, '2023-06-08 14:33:40', '2023-06-08 14:35:31', NULL),
	(116, 'koordinatorkmm@gmail.com', 'koordinator-kmm', '$2y$10$0agaY4LTqCgLLqKFa.eN2O3GxRcdjhOBhxXmaTfLrgJJKJ4OyW2/6', NULL, NULL, NULL, NULL, NULL, NULL, 1, 0, NULL, NULL, NULL),
	(117, 'koormbkm@gmail.com', 'koor-mbkm', '$2y$10$0agaY4LTqCgLLqKFa.eN2O3GxRcdjhOBhxXmaTfLrgJJKJ4OyW2/6', NULL, NULL, NULL, NULL, NULL, NULL, 1, 0, NULL, NULL, NULL);

/*!40103 SET TIME_ZONE=IFNULL(@OLD_TIME_ZONE, 'system') */;
/*!40101 SET SQL_MODE=IFNULL(@OLD_SQL_MODE, '') */;
/*!40014 SET FOREIGN_KEY_CHECKS=IFNULL(@OLD_FOREIGN_KEY_CHECKS, 1) */;
/*!40101 SET CHARACTER_SET_CLIENT=@OLD_CHARACTER_SET_CLIENT */;
/*!40111 SET SQL_NOTES=IFNULL(@OLD_SQL_NOTES, 1) */;
